owner,sensor,date,latitude,longitude,vertical_datum,sea_water_temperature,qcFlag 
NDBC,ioos:station:wmo:42019:1,2017-06-01T00:50:00Z,27.9070,-95.3530,-0.6,27.0,2 
NDBC,ioos:station:wmo:42019:1,2017-06-01T01:50:00Z,27.9070,-95.3530,-0.6,27.0,2 
NDBC,ioos:station:wmo:42019:1,2017-06-01T02:50:00Z,27.9070,-95.3530,-0.6,27.0,2 
NDBC,ioos:station:wmo:42019:1,2017-06-01T03:50:00Z,27.9070,-95.3530,-0.6,27.0,2 
NDBC,ioos:station:wmo:42019:1,2017-06-01T04:50:00Z,27.9070,-95.3530,-0.6,27.0,2 
NDBC,ioos:station:wmo:42019:1,2017-06-01T05:50:00Z,27.9070,-95.3530,-0.6,27.1,2 
NDBC,ioos:station:wmo:42019:1,2017-06-01T06:50:00Z,27.9070,-95.3530,-0.6,26.8,2 
NDBC,ioos:station:wmo:42019:1,2017-06-01T07:50:00Z,27.9070,-95.3530,-0.6,26.5,2 
NDBC,ioos:station:wmo:42019:1,2017-06-01T08:50:00Z,27.9070,-95.3530,-0.6,26.3,2 
NDBC,ioos:station:wmo:42019:1,2017-06-01T09:50:00Z,27.9070,-95.3530,-0.6,26.4,2 
NDBC,ioos:station:wmo:42019:1,2017-06-01T10:50:00Z,27.9070,-95.3530,-0.6,26.5,2 
NDBC,ioos:station:wmo:42019:1,2017-06-01T11:50:00Z,27.9070,-95.3530,-0.6,26.5,2 
NDBC,ioos:station:wmo:42019:1,2017-06-01T12:50:00Z,27.9070,-95.3530,-0.6,26.6,2 
NDBC,ioos:station:wmo:42019:1,2017-06-01T13:50:00Z,27.9070,-95.3530,-0.6,26.8,2 
NDBC,ioos:station:wmo:42019:1,2017-06-01T14:50:00Z,27.9070,-95.3530,-0.6,26.8,2 
NDBC,ioos:station:wmo:42019:1,2017-06-01T15:50:00Z,27.9070,-95.3530,-0.6,26.8,2 
NDBC,ioos:station:wmo:42019:1,2017-06-01T16:50:00Z,27.9070,-95.3530,-0.6,26.9,2 
NDBC,ioos:station:wmo:42019:1,2017-06-01T17:50:00Z,27.9070,-95.3530,-0.6,26.9,2 
NDBC,ioos:station:wmo:42019:1,2017-06-01T18:50:00Z,27.9070,-95.3530,-0.6,27.0,2 
NDBC,ioos:station:wmo:42019:1,2017-06-01T19:50:00Z,27.9070,-95.3530,-0.6,27.1,2 
NDBC,ioos:station:wmo:42019:1,2017-06-01T20:50:00Z,27.9070,-95.3530,-0.6,27.1,2 
NDBC,ioos:station:wmo:42019:1,2017-06-01T21:50:00Z,27.9070,-95.3530,-0.6,27.1,2 
NDBC,ioos:station:wmo:42019:1,2017-06-01T22:50:00Z,27.9070,-95.3530,-0.6,27.1,2 
NDBC,ioos:station:wmo:42019:1,2017-06-01T23:50:00Z,27.9070,-95.3530,-0.6,27.2,2 
NDBC,ioos:station:wmo:42019:1,2017-06-02T00:50:00Z,27.9070,-95.3530,-0.6,27.0,2 
NDBC,ioos:station:wmo:42019:1,2017-06-02T01:50:00Z,27.9070,-95.3530,-0.6,27.0,2 
NDBC,ioos:station:wmo:42019:1,2017-06-02T02:50:00Z,27.9070,-95.3530,-0.6,26.4,2 
NDBC,ioos:station:wmo:42019:1,2017-06-02T03:50:00Z,27.9070,-95.3530,-0.6,26.5,2 
NDBC,ioos:station:wmo:42019:1,2017-06-02T04:50:00Z,27.9070,-95.3530,-0.6,26.6,2 
NDBC,ioos:station:wmo:42019:1,2017-06-02T05:50:00Z,27.9070,-95.3530,-0.6,26.7,2 
NDBC,ioos:station:wmo:42019:1,2017-06-02T06:50:00Z,27.9070,-95.3530,-0.6,26.7,2 
NDBC,ioos:station:wmo:42019:1,2017-06-02T07:50:00Z,27.9070,-95.3530,-0.6,26.7,2 
NDBC,ioos:station:wmo:42019:1,2017-06-02T08:50:00Z,27.9070,-95.3530,-0.6,26.7,2 
NDBC,ioos:station:wmo:42019:1,2017-06-02T09:50:00Z,27.9070,-95.3530,-0.6,26.7,2 
NDBC,ioos:station:wmo:42019:1,2017-06-02T10:50:00Z,27.9070,-95.3530,-0.6,26.7,2 
NDBC,ioos:station:wmo:42019:1,2017-06-02T11:50:00Z,27.9070,-95.3530,-0.6,26.6,2 
NDBC,ioos:station:wmo:42019:1,2017-06-02T12:50:00Z,27.9070,-95.3530,-0.6,26.6,2 
NDBC,ioos:station:wmo:42019:1,2017-06-02T13:50:00Z,27.9070,-95.3530,-0.6,26.6,2 
NDBC,ioos:station:wmo:42019:1,2017-06-02T14:50:00Z,27.9070,-95.3530,-0.6,26.7,2 
NDBC,ioos:station:wmo:42019:1,2017-06-02T15:50:00Z,27.9070,-95.3530,-0.6,26.9,2 
NDBC,ioos:station:wmo:42019:1,2017-06-02T16:50:00Z,27.9070,-95.3530,-0.6,27.1,2 
NDBC,ioos:station:wmo:42019:1,2017-06-02T17:50:00Z,27.9070,-95.3530,-0.6,27.3,2 
NDBC,ioos:station:wmo:42019:1,2017-06-02T18:50:00Z,27.9070,-95.3530,-0.6,27.5,2 
NDBC,ioos:station:wmo:42019:1,2017-06-02T19:50:00Z,27.9070,-95.3530,-0.6,27.7,2 
NDBC,ioos:station:wmo:42019:1,2017-06-02T20:50:00Z,27.9070,-95.3530,-0.6,27.7,2 
NDBC,ioos:station:wmo:42019:1,2017-06-02T21:50:00Z,27.9070,-95.3530,-0.6,27.8,2 
NDBC,ioos:station:wmo:42019:1,2017-06-02T22:50:00Z,27.9070,-95.3530,-0.6,27.7,2 
NDBC,ioos:station:wmo:42019:1,2017-06-02T23:50:00Z,27.9070,-95.3530,-0.6,27.6,2 
NDBC,ioos:station:wmo:42019:1,2017-06-03T00:50:00Z,27.9070,-95.3530,-0.6,27.5,2 
NDBC,ioos:station:wmo:42019:1,2017-06-03T01:50:00Z,27.9070,-95.3530,-0.6,27.5,2 
NDBC,ioos:station:wmo:42019:1,2017-06-03T02:50:00Z,27.9070,-95.3530,-0.6,27.4,2 
NDBC,ioos:station:wmo:42019:1,2017-06-03T04:50:00Z,27.9070,-95.3530,-0.6,27.4,2 
NDBC,ioos:station:wmo:42019:1,2017-06-03T05:50:00Z,27.9070,-95.3530,-0.6,27.4,2 
NDBC,ioos:station:wmo:42019:1,2017-06-03T06:50:00Z,27.9070,-95.3530,-0.6,27.2,2 
NDBC,ioos:station:wmo:42019:1,2017-06-03T07:50:00Z,27.9070,-95.3530,-0.6,27.2,2 
NDBC,ioos:station:wmo:42019:1,2017-06-03T08:50:00Z,27.9070,-95.3530,-0.6,27.0,2 
NDBC,ioos:station:wmo:42019:1,2017-06-03T09:50:00Z,27.9070,-95.3530,-0.6,26.9,2 
NDBC,ioos:station:wmo:42019:1,2017-06-03T10:50:00Z,27.9070,-95.3530,-0.6,26.7,2 
NDBC,ioos:station:wmo:42019:1,2017-06-03T11:50:00Z,27.9070,-95.3530,-0.6,26.7,2 
NDBC,ioos:station:wmo:42019:1,2017-06-03T12:50:00Z,27.9070,-95.3530,-0.6,26.7,2 
NDBC,ioos:station:wmo:42019:1,2017-06-03T13:50:00Z,27.9070,-95.3530,-0.6,26.8,2 
NDBC,ioos:station:wmo:42019:1,2017-06-03T14:50:00Z,27.9070,-95.3530,-0.6,26.7,2 
NDBC,ioos:station:wmo:42019:1,2017-06-03T15:50:00Z,27.9070,-95.3530,-0.6,26.9,2 
NDBC,ioos:station:wmo:42019:1,2017-06-03T16:50:00Z,27.9070,-95.3530,-0.6,27.1,2 
NDBC,ioos:station:wmo:42019:1,2017-06-03T17:50:00Z,27.9070,-95.3530,-0.6,27.5,2 
NDBC,ioos:station:wmo:42019:1,2017-06-03T18:50:00Z,27.9070,-95.3530,-0.6,27.7,2 
NDBC,ioos:station:wmo:42019:1,2017-06-03T19:50:00Z,27.9070,-95.3530,-0.6,28.0,2 
NDBC,ioos:station:wmo:42019:1,2017-06-03T20:50:00Z,27.9070,-95.3530,-0.6,28.1,2 
NDBC,ioos:station:wmo:42019:1,2017-06-03T21:50:00Z,27.9070,-95.3530,-0.6,28.0,2 
NDBC,ioos:station:wmo:42019:1,2017-06-03T22:50:00Z,27.9070,-95.3530,-0.6,28.3,2 
NDBC,ioos:station:wmo:42019:1,2017-06-03T23:50:00Z,27.9070,-95.3530,-0.6,28.3,2 
NDBC,ioos:station:wmo:42019:1,2017-06-04T00:50:00Z,27.9070,-95.3530,-0.6,28.2,2 
NDBC,ioos:station:wmo:42019:1,2017-06-04T01:50:00Z,27.9070,-95.3530,-0.6,28.1,2 
NDBC,ioos:station:wmo:42019:1,2017-06-04T02:50:00Z,27.9070,-95.3530,-0.6,27.9,2 
NDBC,ioos:station:wmo:42019:1,2017-06-04T03:50:00Z,27.9070,-95.3530,-0.6,27.8,2 
NDBC,ioos:station:wmo:42019:1,2017-06-04T04:50:00Z,27.9070,-95.3530,-0.6,27.7,2 
NDBC,ioos:station:wmo:42019:1,2017-06-04T05:50:00Z,27.9070,-95.3530,-0.6,27.7,2 
NDBC,ioos:station:wmo:42019:1,2017-06-04T06:50:00Z,27.9070,-95.3530,-0.6,27.6,2 
NDBC,ioos:station:wmo:42019:1,2017-06-04T07:50:00Z,27.9070,-95.3530,-0.6,27.5,2 
NDBC,ioos:station:wmo:42019:1,2017-06-04T08:50:00Z,27.9070,-95.3530,-0.6,27.4,2 
NDBC,ioos:station:wmo:42019:1,2017-06-04T09:50:00Z,27.9070,-95.3530,-0.6,27.3,2 
NDBC,ioos:station:wmo:42019:1,2017-06-04T10:50:00Z,27.9070,-95.3530,-0.6,27.2,2 
NDBC,ioos:station:wmo:42019:1,2017-06-04T11:50:00Z,27.9070,-95.3530,-0.6,27.0,2 
NDBC,ioos:station:wmo:42019:1,2017-06-04T12:50:00Z,27.9070,-95.3530,-0.6,26.8,2 
NDBC,ioos:station:wmo:42019:1,2017-06-04T13:50:00Z,27.9070,-95.3530,-0.6,26.7,2 
NDBC,ioos:station:wmo:42019:1,2017-06-04T14:50:00Z,27.9070,-95.3530,-0.6,26.7,2 
NDBC,ioos:station:wmo:42019:1,2017-06-04T15:50:00Z,27.9070,-95.3530,-0.6,26.7,2 
NDBC,ioos:station:wmo:42019:1,2017-06-04T16:50:00Z,27.9070,-95.3530,-0.6,26.8,2 
NDBC,ioos:station:wmo:42019:1,2017-06-04T17:50:00Z,27.9070,-95.3530,-0.6,26.8,2 
NDBC,ioos:station:wmo:42019:1,2017-06-04T18:50:00Z,27.9070,-95.3530,-0.6,26.8,2 
NDBC,ioos:station:wmo:42019:1,2017-06-04T19:50:00Z,27.9070,-95.3530,-0.6,26.8,2 
NDBC,ioos:station:wmo:42019:1,2017-06-04T20:50:00Z,27.9070,-95.3530,-0.6,26.8,2 
NDBC,ioos:station:wmo:42019:1,2017-06-04T21:50:00Z,27.9070,-95.3530,-0.6,26.8,2 
NDBC,ioos:station:wmo:42019:1,2017-06-04T22:50:00Z,27.9070,-95.3530,-0.6,27.4,2 
NDBC,ioos:station:wmo:42019:1,2017-06-04T23:50:00Z,27.9070,-95.3530,-0.6,27.5,2 
NDBC,ioos:station:wmo:42019:1,2017-06-05T00:50:00Z,27.9070,-95.3530,-0.6,27.1,2 
NDBC,ioos:station:wmo:42019:1,2017-06-05T01:50:00Z,27.9070,-95.3530,-0.6,26.8,2 
NDBC,ioos:station:wmo:42019:1,2017-06-05T02:50:00Z,27.9070,-95.3530,-0.6,26.7,2 
NDBC,ioos:station:wmo:42019:1,2017-06-05T03:50:00Z,27.9070,-95.3530,-0.6,26.6,2 
NDBC,ioos:station:wmo:42019:1,2017-06-05T04:50:00Z,27.9070,-95.3530,-0.6,26.6,2 
NDBC,ioos:station:wmo:42019:1,2017-06-05T05:50:00Z,27.9070,-95.3530,-0.6,26.6,2 
NDBC,ioos:station:wmo:42019:1,2017-06-05T06:50:00Z,27.9070,-95.3530,-0.6,26.6,2 
NDBC,ioos:station:wmo:42019:1,2017-06-05T07:50:00Z,27.9070,-95.3530,-0.6,26.6,2 
NDBC,ioos:station:wmo:42019:1,2017-06-05T08:50:00Z,27.9070,-95.3530,-0.6,26.6,2 
NDBC,ioos:station:wmo:42019:1,2017-06-05T09:50:00Z,27.9070,-95.3530,-0.6,26.9,2 
NDBC,ioos:station:wmo:42019:1,2017-06-05T10:50:00Z,27.9070,-95.3530,-0.6,26.9,2 
NDBC,ioos:station:wmo:42019:1,2017-06-05T11:50:00Z,27.9070,-95.3530,-0.6,26.9,2 
NDBC,ioos:station:wmo:42019:1,2017-06-05T12:50:00Z,27.9070,-95.3530,-0.6,26.9,2 
NDBC,ioos:station:wmo:42019:1,2017-06-05T13:50:00Z,27.9070,-95.3530,-0.6,26.9,2 
NDBC,ioos:station:wmo:42019:1,2017-06-05T14:50:00Z,27.9070,-95.3530,-0.6,26.9,2 
NDBC,ioos:station:wmo:42019:1,2017-06-05T15:50:00Z,27.9070,-95.3530,-0.6,26.8,2 
NDBC,ioos:station:wmo:42019:1,2017-06-05T16:50:00Z,27.9070,-95.3530,-0.6,26.8,2 
NDBC,ioos:station:wmo:42019:1,2017-06-05T17:50:00Z,27.9070,-95.3530,-0.6,26.9,2 
NDBC,ioos:station:wmo:42019:1,2017-06-05T18:50:00Z,27.9070,-95.3530,-0.6,26.8,2 
NDBC,ioos:station:wmo:42019:1,2017-06-05T19:50:00Z,27.9070,-95.3530,-0.6,26.6,2 
NDBC,ioos:station:wmo:42019:1,2017-06-05T20:50:00Z,27.9070,-95.3530,-0.6,26.6,2 
NDBC,ioos:station:wmo:42019:1,2017-06-05T21:50:00Z,27.9070,-95.3530,-0.6,27.1,2 
NDBC,ioos:station:wmo:42019:1,2017-06-05T22:50:00Z,27.9070,-95.3530,-0.6,26.9,2 
NDBC,ioos:station:wmo:42019:1,2017-06-05T23:50:00Z,27.9070,-95.3530,-0.6,26.7,2 
NDBC,ioos:station:wmo:42019:1,2017-06-06T00:50:00Z,27.9070,-95.3530,-0.6,26.7,2 
NDBC,ioos:station:wmo:42019:1,2017-06-06T01:50:00Z,27.9070,-95.3530,-0.6,26.6,2 
NDBC,ioos:station:wmo:42019:1,2017-06-06T02:50:00Z,27.9070,-95.3530,-0.6,26.5,2 
NDBC,ioos:station:wmo:42019:1,2017-06-06T03:50:00Z,27.9070,-95.3530,-0.6,26.5,2 
NDBC,ioos:station:wmo:42019:1,2017-06-06T04:50:00Z,27.9070,-95.3530,-0.6,26.5,2 
NDBC,ioos:station:wmo:42019:1,2017-06-06T05:50:00Z,27.9070,-95.3530,-0.6,26.6,2 
NDBC,ioos:station:wmo:42019:1,2017-06-06T06:50:00Z,27.9070,-95.3530,-0.6,26.7,2 
NDBC,ioos:station:wmo:42019:1,2017-06-06T07:50:00Z,27.9070,-95.3530,-0.6,26.6,2 
NDBC,ioos:station:wmo:42019:1,2017-06-06T08:50:00Z,27.9070,-95.3530,-0.6,26.3,2 
NDBC,ioos:station:wmo:42019:1,2017-06-06T09:50:00Z,27.9070,-95.3530,-0.6,26.3,2 
NDBC,ioos:station:wmo:42019:1,2017-06-06T10:50:00Z,27.9070,-95.3530,-0.6,26.2,2 
NDBC,ioos:station:wmo:42019:1,2017-06-06T11:50:00Z,27.9070,-95.3530,-0.6,26.4,2 
NDBC,ioos:station:wmo:42019:1,2017-06-06T12:50:00Z,27.9070,-95.3530,-0.6,26.7,2 
NDBC,ioos:station:wmo:42019:1,2017-06-06T13:50:00Z,27.9070,-95.3530,-0.6,26.9,2 
NDBC,ioos:station:wmo:42019:1,2017-06-06T14:50:00Z,27.9070,-95.3530,-0.6,26.7,2 
NDBC,ioos:station:wmo:42019:1,2017-06-06T15:50:00Z,27.9070,-95.3530,-0.6,26.8,2 
NDBC,ioos:station:wmo:42019:1,2017-06-06T16:50:00Z,27.9070,-95.3530,-0.6,27.0,2 
NDBC,ioos:station:wmo:42019:1,2017-06-06T17:50:00Z,27.9070,-95.3530,-0.6,27.1,2 
NDBC,ioos:station:wmo:42019:1,2017-06-06T18:50:00Z,27.9070,-95.3530,-0.6,27.3,2 
NDBC,ioos:station:wmo:42019:1,2017-06-06T20:50:00Z,27.9070,-95.3530,-0.6,27.5,2 
NDBC,ioos:station:wmo:42019:1,2017-06-06T21:50:00Z,27.9070,-95.3530,-0.6,27.6,2 
NDBC,ioos:station:wmo:42019:1,2017-06-06T22:50:00Z,27.9070,-95.3530,-0.6,27.6,2 
NDBC,ioos:station:wmo:42019:1,2017-06-06T23:50:00Z,27.9070,-95.3530,-0.6,27.5,2 
NDBC,ioos:station:wmo:42019:1,2017-06-07T00:50:00Z,27.9070,-95.3530,-0.6,27.5,2 
NDBC,ioos:station:wmo:42019:1,2017-06-07T01:50:00Z,27.9070,-95.3530,-0.6,27.4,2 
NDBC,ioos:station:wmo:42019:1,2017-06-07T02:50:00Z,27.9070,-95.3530,-0.6,27.4,2 
NDBC,ioos:station:wmo:42019:1,2017-06-07T03:50:00Z,27.9070,-95.3530,-0.6,27.3,2 
NDBC,ioos:station:wmo:42019:1,2017-06-07T04:50:00Z,27.9070,-95.3530,-0.6,27.2,2 
NDBC,ioos:station:wmo:42019:1,2017-06-07T05:50:00Z,27.9070,-95.3530,-0.6,27.0,2 
NDBC,ioos:station:wmo:42019:1,2017-06-07T06:50:00Z,27.9070,-95.3530,-0.6,26.7,2 
NDBC,ioos:station:wmo:42019:1,2017-06-07T07:50:00Z,27.9070,-95.3530,-0.6,26.6,2 
NDBC,ioos:station:wmo:42019:1,2017-06-07T08:50:00Z,27.9070,-95.3530,-0.6,26.5,2 
NDBC,ioos:station:wmo:42019:1,2017-06-07T09:50:00Z,27.9070,-95.3530,-0.6,26.5,2 
NDBC,ioos:station:wmo:42019:1,2017-06-07T10:50:00Z,27.9070,-95.3530,-0.6,26.5,2 
NDBC,ioos:station:wmo:42019:1,2017-06-07T11:50:00Z,27.9070,-95.3530,-0.6,26.5,2 
NDBC,ioos:station:wmo:42019:1,2017-06-07T12:50:00Z,27.9070,-95.3530,-0.6,26.5,2 
NDBC,ioos:station:wmo:42019:1,2017-06-07T13:50:00Z,27.9070,-95.3530,-0.6,26.6,2 
NDBC,ioos:station:wmo:42019:1,2017-06-07T14:50:00Z,27.9070,-95.3530,-0.6,26.7,2 
NDBC,ioos:station:wmo:42019:1,2017-06-07T15:50:00Z,27.9070,-95.3530,-0.6,26.8,2 
NDBC,ioos:station:wmo:42019:1,2017-06-07T16:50:00Z,27.9070,-95.3530,-0.6,26.8,2 
NDBC,ioos:station:wmo:42019:1,2017-06-07T17:50:00Z,27.9070,-95.3530,-0.6,27.0,2 
NDBC,ioos:station:wmo:42019:1,2017-06-07T18:50:00Z,27.9070,-95.3530,-0.6,27.0,2 
NDBC,ioos:station:wmo:42019:1,2017-06-07T19:50:00Z,27.9070,-95.3530,-0.6,27.1,2 
NDBC,ioos:station:wmo:42019:1,2017-06-07T20:50:00Z,27.9070,-95.3530,-0.6,27.2,2 
NDBC,ioos:station:wmo:42019:1,2017-06-07T21:50:00Z,27.9070,-95.3530,-0.6,27.2,2 
NDBC,ioos:station:wmo:42019:1,2017-06-07T22:50:00Z,27.9070,-95.3530,-0.6,27.2,2 
NDBC,ioos:station:wmo:42019:1,2017-06-07T23:50:00Z,27.9070,-95.3530,-0.6,27.2,2 
NDBC,ioos:station:wmo:42019:1,2017-06-08T00:50:00Z,27.9070,-95.3530,-0.6,27.2,2 
NDBC,ioos:station:wmo:42019:1,2017-06-08T01:50:00Z,27.9070,-95.3530,-0.6,27.2,2 
NDBC,ioos:station:wmo:42019:1,2017-06-08T02:50:00Z,27.9070,-95.3530,-0.6,27.2,2 
NDBC,ioos:station:wmo:42019:1,2017-06-08T03:50:00Z,27.9070,-95.3530,-0.6,27.2,2 
NDBC,ioos:station:wmo:42019:1,2017-06-08T04:50:00Z,27.9070,-95.3530,-0.6,27.1,2 
NDBC,ioos:station:wmo:42019:1,2017-06-08T05:50:00Z,27.9070,-95.3530,-0.6,27.1,2 
NDBC,ioos:station:wmo:42019:1,2017-06-08T06:50:00Z,27.9070,-95.3530,-0.6,27.0,2 
NDBC,ioos:station:wmo:42019:1,2017-06-08T07:50:00Z,27.9070,-95.3530,-0.6,27.0,2 
NDBC,ioos:station:wmo:42019:1,2017-06-08T08:50:00Z,27.9070,-95.3530,-0.6,27.1,2 
NDBC,ioos:station:wmo:42019:1,2017-06-08T09:50:00Z,27.9070,-95.3530,-0.6,27.1,2 
NDBC,ioos:station:wmo:42019:1,2017-06-08T10:50:00Z,27.9070,-95.3530,-0.6,27.1,2 
NDBC,ioos:station:wmo:42019:1,2017-06-08T11:50:00Z,27.9070,-95.3530,-0.6,27.1,2 
NDBC,ioos:station:wmo:42019:1,2017-06-08T12:50:00Z,27.9070,-95.3530,-0.6,27.1,2 
NDBC,ioos:station:wmo:42019:1,2017-06-08T13:50:00Z,27.9070,-95.3530,-0.6,27.2,2 
NDBC,ioos:station:wmo:42019:1,2017-06-08T14:50:00Z,27.9070,-95.3530,-0.6,27.2,2 
NDBC,ioos:station:wmo:42019:1,2017-06-08T15:50:00Z,27.9070,-95.3530,-0.6,27.3,2 
NDBC,ioos:station:wmo:42019:1,2017-06-08T16:50:00Z,27.9070,-95.3530,-0.6,27.4,2 
NDBC,ioos:station:wmo:42019:1,2017-06-08T17:50:00Z,27.9070,-95.3530,-0.6,27.5,2 
NDBC,ioos:station:wmo:42019:1,2017-06-08T18:50:00Z,27.9070,-95.3530,-0.6,27.5,2 
NDBC,ioos:station:wmo:42019:1,2017-06-08T19:50:00Z,27.9070,-95.3530,-0.6,27.6,2 
NDBC,ioos:station:wmo:42019:1,2017-06-08T20:50:00Z,27.9070,-95.3530,-0.6,27.7,2 
NDBC,ioos:station:wmo:42019:1,2017-06-08T21:50:00Z,27.9070,-95.3530,-0.6,27.7,2 
NDBC,ioos:station:wmo:42019:1,2017-06-08T22:50:00Z,27.9070,-95.3530,-0.6,27.7,2 
NDBC,ioos:station:wmo:42019:1,2017-06-08T23:50:00Z,27.9070,-95.3530,-0.6,27.6,2 
NDBC,ioos:station:wmo:42019:1,2017-06-09T01:50:00Z,27.9070,-95.3530,-0.6,27.4,2 
NDBC,ioos:station:wmo:42019:1,2017-06-09T02:50:00Z,27.9070,-95.3530,-0.6,27.3,2 
NDBC,ioos:station:wmo:42019:1,2017-06-09T03:50:00Z,27.9070,-95.3530,-0.6,27.2,2 
NDBC,ioos:station:wmo:42019:1,2017-06-09T04:50:00Z,27.9070,-95.3530,-0.6,27.1,2 
NDBC,ioos:station:wmo:42019:1,2017-06-09T05:50:00Z,27.9070,-95.3530,-0.6,27.1,2 
NDBC,ioos:station:wmo:42019:1,2017-06-09T06:50:00Z,27.9070,-95.3530,-0.6,27.0,2 
NDBC,ioos:station:wmo:42019:1,2017-06-09T07:50:00Z,27.9070,-95.3530,-0.6,27.0,2 
NDBC,ioos:station:wmo:42019:1,2017-06-09T08:50:00Z,27.9070,-95.3530,-0.6,27.0,2 
NDBC,ioos:station:wmo:42019:1,2017-06-09T09:50:00Z,27.9070,-95.3530,-0.6,27.0,2 
NDBC,ioos:station:wmo:42019:1,2017-06-09T10:50:00Z,27.9070,-95.3530,-0.6,27.0,2 
NDBC,ioos:station:wmo:42019:1,2017-06-09T11:50:00Z,27.9070,-95.3530,-0.6,27.1,2 
NDBC,ioos:station:wmo:42019:1,2017-06-09T12:50:00Z,27.9070,-95.3530,-0.6,27.1,2 
NDBC,ioos:station:wmo:42019:1,2017-06-09T13:50:00Z,27.9070,-95.3530,-0.6,27.1,2 
NDBC,ioos:station:wmo:42019:1,2017-06-09T14:50:00Z,27.9070,-95.3530,-0.6,27.2,2 
NDBC,ioos:station:wmo:42019:1,2017-06-09T15:50:00Z,27.9070,-95.3530,-0.6,27.2,2 
NDBC,ioos:station:wmo:42019:1,2017-06-09T16:50:00Z,27.9070,-95.3530,-0.6,27.3,2 
NDBC,ioos:station:wmo:42019:1,2017-06-09T17:50:00Z,27.9070,-95.3530,-0.6,27.5,2 
NDBC,ioos:station:wmo:42019:1,2017-06-09T18:50:00Z,27.9070,-95.3530,-0.6,27.8,2 
NDBC,ioos:station:wmo:42019:1,2017-06-09T19:50:00Z,27.9070,-95.3530,-0.6,28.0,2 
NDBC,ioos:station:wmo:42019:1,2017-06-09T20:50:00Z,27.9070,-95.3530,-0.6,28.0,2 
NDBC,ioos:station:wmo:42019:1,2017-06-09T21:50:00Z,27.9070,-95.3530,-0.6,27.9,2 
NDBC,ioos:station:wmo:42019:1,2017-06-09T22:50:00Z,27.9070,-95.3530,-0.6,27.6,2 
NDBC,ioos:station:wmo:42019:1,2017-06-09T23:50:00Z,27.9070,-95.3530,-0.6,27.4,2 
NDBC,ioos:station:wmo:42019:1,2017-06-10T00:50:00Z,27.9070,-95.3530,-0.6,27.3,2 
NDBC,ioos:station:wmo:42019:1,2017-06-10T01:50:00Z,27.9070,-95.3530,-0.6,27.3,2 
NDBC,ioos:station:wmo:42019:1,2017-06-10T02:50:00Z,27.9070,-95.3530,-0.6,27.3,2 
NDBC,ioos:station:wmo:42019:1,2017-06-10T03:50:00Z,27.9070,-95.3530,-0.6,27.3,2 
NDBC,ioos:station:wmo:42019:1,2017-06-10T04:50:00Z,27.9070,-95.3530,-0.6,27.4,2 
NDBC,ioos:station:wmo:42019:1,2017-06-10T05:50:00Z,27.9070,-95.3530,-0.6,27.2,2 
NDBC,ioos:station:wmo:42019:1,2017-06-10T06:50:00Z,27.9070,-95.3530,-0.6,27.2,2 
NDBC,ioos:station:wmo:42019:1,2017-06-10T07:50:00Z,27.9070,-95.3530,-0.6,27.2,2 
NDBC,ioos:station:wmo:42019:1,2017-06-10T08:50:00Z,27.9070,-95.3530,-0.6,27.2,2 
NDBC,ioos:station:wmo:42019:1,2017-06-10T09:50:00Z,27.9070,-95.3530,-0.6,27.2,2 
NDBC,ioos:station:wmo:42019:1,2017-06-10T10:50:00Z,27.9070,-95.3530,-0.6,27.1,2 
NDBC,ioos:station:wmo:42019:1,2017-06-10T12:50:00Z,27.9070,-95.3530,-0.6,27.1,2 
NDBC,ioos:station:wmo:42019:1,2017-06-10T14:50:00Z,27.9070,-95.3530,-0.6,27.2,2 
NDBC,ioos:station:wmo:42019:1,2017-06-10T15:50:00Z,27.9070,-95.3530,-0.6,27.2,2 
NDBC,ioos:station:wmo:42019:1,2017-06-10T18:50:00Z,27.9070,-95.3530,-0.6,27.5,2 
NDBC,ioos:station:wmo:42019:1,2017-06-10T21:50:00Z,27.9070,-95.3530,-0.6,27.6,2 
NDBC,ioos:station:wmo:42019:1,2017-06-10T22:50:00Z,27.9070,-95.3530,-0.6,27.6,2 
NDBC,ioos:station:wmo:42019:1,2017-06-10T23:50:00Z,27.9070,-95.3530,-0.6,27.5,2 
NDBC,ioos:station:wmo:42019:1,2017-06-11T00:50:00Z,27.9070,-95.3530,-0.6,27.5,2 
NDBC,ioos:station:wmo:42019:1,2017-06-11T01:50:00Z,27.9070,-95.3530,-0.6,27.5,2 
NDBC,ioos:station:wmo:42019:1,2017-06-11T02:50:00Z,27.9070,-95.3530,-0.6,27.5,2 
NDBC,ioos:station:wmo:42019:1,2017-06-11T03:50:00Z,27.9070,-95.3530,-0.6,27.3,2 
NDBC,ioos:station:wmo:42019:1,2017-06-11T04:50:00Z,27.9070,-95.3530,-0.6,27.2,2 
NDBC,ioos:station:wmo:42019:1,2017-06-11T05:50:00Z,27.9070,-95.3530,-0.6,27.3,2 
NDBC,ioos:station:wmo:42019:1,2017-06-11T06:50:00Z,27.9070,-95.3530,-0.6,27.4,2 
NDBC,ioos:station:wmo:42019:1,2017-06-11T07:50:00Z,27.9070,-95.3530,-0.6,27.3,2 
NDBC,ioos:station:wmo:42019:1,2017-06-11T08:50:00Z,27.9070,-95.3530,-0.6,27.2,2 
NDBC,ioos:station:wmo:42019:1,2017-06-11T09:50:00Z,27.9070,-95.3530,-0.6,27.2,2 
NDBC,ioos:station:wmo:42019:1,2017-06-11T10:50:00Z,27.9070,-95.3530,-0.6,27.2,2 
NDBC,ioos:station:wmo:42019:1,2017-06-11T11:50:00Z,27.9070,-95.3530,-0.6,27.2,2 
NDBC,ioos:station:wmo:42019:1,2017-06-11T12:50:00Z,27.9070,-95.3530,-0.6,27.2,2 
NDBC,ioos:station:wmo:42019:1,2017-06-11T13:50:00Z,27.9070,-95.3530,-0.6,27.3,2 
NDBC,ioos:station:wmo:42019:1,2017-06-11T14:50:00Z,27.9070,-95.3530,-0.6,27.3,2 
NDBC,ioos:station:wmo:42019:1,2017-06-11T15:50:00Z,27.9070,-95.3530,-0.6,27.4,2 
NDBC,ioos:station:wmo:42019:1,2017-06-11T16:50:00Z,27.9070,-95.3530,-0.6,27.5,2 
NDBC,ioos:station:wmo:42019:1,2017-06-11T18:50:00Z,27.9070,-95.3530,-0.6,27.8,2 
NDBC,ioos:station:wmo:42019:1,2017-06-11T19:50:00Z,27.9070,-95.3530,-0.6,28.1,2 
NDBC,ioos:station:wmo:42019:1,2017-06-11T20:50:00Z,27.9070,-95.3530,-0.6,28.3,2 
NDBC,ioos:station:wmo:42019:1,2017-06-11T21:50:00Z,27.9070,-95.3530,-0.6,28.3,2 
NDBC,ioos:station:wmo:42019:1,2017-06-11T22:50:00Z,27.9070,-95.3530,-0.6,28.2,2 
NDBC,ioos:station:wmo:42019:1,2017-06-11T23:50:00Z,27.9070,-95.3530,-0.6,28.1,2 
NDBC,ioos:station:wmo:42019:1,2017-06-12T01:50:00Z,27.9070,-95.3530,-0.6,27.7,2 
NDBC,ioos:station:wmo:42019:1,2017-06-12T02:50:00Z,27.9070,-95.3530,-0.6,27.6,2 
NDBC,ioos:station:wmo:42019:1,2017-06-12T03:50:00Z,27.9070,-95.3530,-0.6,27.5,2 
NDBC,ioos:station:wmo:42019:1,2017-06-12T04:50:00Z,27.9070,-95.3530,-0.6,27.5,2 
NDBC,ioos:station:wmo:42019:1,2017-06-12T05:50:00Z,27.9070,-95.3530,-0.6,27.5,2 
NDBC,ioos:station:wmo:42019:1,2017-06-12T06:50:00Z,27.9070,-95.3530,-0.6,27.5,2 
NDBC,ioos:station:wmo:42019:1,2017-06-12T07:50:00Z,27.9070,-95.3530,-0.6,27.5,2 
NDBC,ioos:station:wmo:42019:1,2017-06-12T08:50:00Z,27.9070,-95.3530,-0.6,27.5,2 
NDBC,ioos:station:wmo:42019:1,2017-06-12T09:50:00Z,27.9070,-95.3530,-0.6,27.5,2 
NDBC,ioos:station:wmo:42019:1,2017-06-12T10:50:00Z,27.9070,-95.3530,-0.6,27.4,2 
NDBC,ioos:station:wmo:42019:1,2017-06-12T11:50:00Z,27.9070,-95.3530,-0.6,27.4,2 
NDBC,ioos:station:wmo:42019:1,2017-06-12T12:50:00Z,27.9070,-95.3530,-0.6,27.5,2 
NDBC,ioos:station:wmo:42019:1,2017-06-12T13:50:00Z,27.9070,-95.3530,-0.6,27.4,2 
NDBC,ioos:station:wmo:42019:1,2017-06-12T14:50:00Z,27.9070,-95.3530,-0.6,27.4,2 
NDBC,ioos:station:wmo:42019:1,2017-06-12T15:50:00Z,27.9070,-95.3530,-0.6,27.6,2 
NDBC,ioos:station:wmo:42019:1,2017-06-12T17:50:00Z,27.9070,-95.3530,-0.6,27.7,2 
NDBC,ioos:station:wmo:42019:1,2017-06-13T14:50:00Z,27.9070,-95.3530,-0.6,27.7,2 
NDBC,ioos:station:wmo:42019:1,2017-06-13T15:50:00Z,27.9070,-95.3530,-0.6,27.7,2 
NDBC,ioos:station:wmo:42019:1,2017-06-13T16:50:00Z,27.9070,-95.3530,-0.6,27.6,2 
NDBC,ioos:station:wmo:42019:1,2017-06-13T17:50:00Z,27.9070,-95.3530,-0.6,27.8,2 
NDBC,ioos:station:wmo:42019:1,2017-06-13T18:50:00Z,27.9070,-95.3530,-0.6,27.9,2 
NDBC,ioos:station:wmo:42019:1,2017-06-13T19:50:00Z,27.9070,-95.3530,-0.6,27.7,2 
NDBC,ioos:station:wmo:42019:1,2017-06-13T20:50:00Z,27.9070,-95.3530,-0.6,27.7,2 
NDBC,ioos:station:wmo:42019:1,2017-06-13T21:50:00Z,27.9070,-95.3530,-0.6,27.6,2 
NDBC,ioos:station:wmo:42019:1,2017-06-13T22:50:00Z,27.9070,-95.3530,-0.6,27.7,2 
NDBC,ioos:station:wmo:42019:1,2017-06-14T00:50:00Z,27.9070,-95.3530,-0.6,27.7,2 
NDBC,ioos:station:wmo:42019:1,2017-06-14T01:50:00Z,27.9070,-95.3530,-0.6,27.7,2 
NDBC,ioos:station:wmo:42019:1,2017-06-14T02:50:00Z,27.9070,-95.3530,-0.6,27.6,2 
NDBC,ioos:station:wmo:42019:1,2017-06-14T03:50:00Z,27.9070,-95.3530,-0.6,27.6,2 
NDBC,ioos:station:wmo:42019:1,2017-06-14T04:50:00Z,27.9070,-95.3530,-0.6,27.6,2 
NDBC,ioos:station:wmo:42019:1,2017-06-14T05:50:00Z,27.9070,-95.3530,-0.6,27.7,2 
NDBC,ioos:station:wmo:42019:1,2017-06-14T06:50:00Z,27.9070,-95.3530,-0.6,27.6,2 
NDBC,ioos:station:wmo:42019:1,2017-06-14T07:50:00Z,27.9070,-95.3530,-0.6,27.6,2 
NDBC,ioos:station:wmo:42019:1,2017-06-14T08:50:00Z,27.9070,-95.3530,-0.6,27.7,2 
NDBC,ioos:station:wmo:42019:1,2017-06-14T09:50:00Z,27.9070,-95.3530,-0.6,27.8,2 
NDBC,ioos:station:wmo:42019:1,2017-06-14T10:50:00Z,27.9070,-95.3530,-0.6,27.7,2 
NDBC,ioos:station:wmo:42019:1,2017-06-14T11:50:00Z,27.9070,-95.3530,-0.6,27.6,2 
NDBC,ioos:station:wmo:42019:1,2017-06-14T12:50:00Z,27.9070,-95.3530,-0.6,27.5,2 
NDBC,ioos:station:wmo:42019:1,2017-06-14T15:50:00Z,27.9070,-95.3530,-0.6,27.5,2 
NDBC,ioos:station:wmo:42019:1,2017-06-14T16:50:00Z,27.9070,-95.3530,-0.6,27.5,2 
NDBC,ioos:station:wmo:42019:1,2017-06-14T17:50:00Z,27.9070,-95.3530,-0.6,27.5,2 
NDBC,ioos:station:wmo:42019:1,2017-06-14T18:50:00Z,27.9070,-95.3530,-0.6,27.6,2 
NDBC,ioos:station:wmo:42019:1,2017-06-14T19:50:00Z,27.9070,-95.3530,-0.6,27.7,2 
NDBC,ioos:station:wmo:42019:1,2017-06-14T20:50:00Z,27.9070,-95.3530,-0.6,28.0,2 
NDBC,ioos:station:wmo:42019:1,2017-06-14T21:50:00Z,27.9070,-95.3530,-0.6,28.0,2 
NDBC,ioos:station:wmo:42019:1,2017-06-14T22:50:00Z,27.9070,-95.3530,-0.6,28.1,2 
NDBC,ioos:station:wmo:42019:1,2017-06-14T23:50:00Z,27.9070,-95.3530,-0.6,27.9,2 
NDBC,ioos:station:wmo:42019:1,2017-06-15T00:50:00Z,27.9070,-95.3530,-0.6,27.8,2 
NDBC,ioos:station:wmo:42019:1,2017-06-15T02:50:00Z,27.9070,-95.3530,-0.6,27.6,2 
NDBC,ioos:station:wmo:42019:1,2017-06-15T03:50:00Z,27.9070,-95.3530,-0.6,27.6,2 
NDBC,ioos:station:wmo:42019:1,2017-06-15T04:50:00Z,27.9070,-95.3530,-0.6,27.5,2 
NDBC,ioos:station:wmo:42019:1,2017-06-15T05:50:00Z,27.9070,-95.3530,-0.6,27.6,2 
NDBC,ioos:station:wmo:42019:1,2017-06-15T06:50:00Z,27.9070,-95.3530,-0.6,27.5,2 
NDBC,ioos:station:wmo:42019:1,2017-06-15T07:50:00Z,27.9070,-95.3530,-0.6,27.7,2 
NDBC,ioos:station:wmo:42019:1,2017-06-15T08:50:00Z,27.9070,-95.3530,-0.6,27.6,2 
NDBC,ioos:station:wmo:42019:1,2017-06-15T09:50:00Z,27.9070,-95.3530,-0.6,27.9,2 
NDBC,ioos:station:wmo:42019:1,2017-06-15T10:50:00Z,27.9070,-95.3530,-0.6,27.9,2 
NDBC,ioos:station:wmo:42019:1,2017-06-15T11:50:00Z,27.9070,-95.3530,-0.6,27.9,2 
NDBC,ioos:station:wmo:42019:1,2017-06-15T12:50:00Z,27.9070,-95.3530,-0.6,27.8,2 
NDBC,ioos:station:wmo:42019:1,2017-06-15T13:50:00Z,27.9070,-95.3530,-0.6,27.8,2 
NDBC,ioos:station:wmo:42019:1,2017-06-15T14:50:00Z,27.9070,-95.3530,-0.6,27.8,2 
NDBC,ioos:station:wmo:42019:1,2017-06-15T15:50:00Z,27.9070,-95.3530,-0.6,27.9,2 
NDBC,ioos:station:wmo:42019:1,2017-06-15T17:50:00Z,27.9070,-95.3530,-0.6,28.1,2 
NDBC,ioos:station:wmo:42019:1,2017-06-15T18:50:00Z,27.9070,-95.3530,-0.6,28.2,2 
NDBC,ioos:station:wmo:42019:1,2017-06-15T19:50:00Z,27.9070,-95.3530,-0.6,28.4,2 
NDBC,ioos:station:wmo:42019:1,2017-06-15T20:50:00Z,27.9070,-95.3530,-0.6,28.6,2 
NDBC,ioos:station:wmo:42019:1,2017-06-15T21:50:00Z,27.9070,-95.3530,-0.6,28.7,2 
NDBC,ioos:station:wmo:42019:1,2017-06-15T22:50:00Z,27.9070,-95.3530,-0.6,28.6,2 
NDBC,ioos:station:wmo:42019:1,2017-06-15T23:50:00Z,27.9070,-95.3530,-0.6,28.6,2 
NDBC,ioos:station:wmo:42019:1,2017-06-16T00:50:00Z,27.9070,-95.3530,-0.6,28.6,2 
NDBC,ioos:station:wmo:42019:1,2017-06-16T01:50:00Z,27.9070,-95.3530,-0.6,28.6,2 
NDBC,ioos:station:wmo:42019:1,2017-06-16T02:50:00Z,27.9070,-95.3530,-0.6,28.6,2 
NDBC,ioos:station:wmo:42019:1,2017-06-16T03:50:00Z,27.9070,-95.3530,-0.6,28.6,2 
NDBC,ioos:station:wmo:42019:1,2017-06-16T05:50:00Z,27.9070,-95.3530,-0.6,28.5,2 
NDBC,ioos:station:wmo:42019:1,2017-06-16T06:50:00Z,27.9070,-95.3530,-0.6,28.4,2 
NDBC,ioos:station:wmo:42019:1,2017-06-16T07:50:00Z,27.9070,-95.3530,-0.6,28.4,2 
NDBC,ioos:station:wmo:42019:1,2017-06-16T08:50:00Z,27.9070,-95.3530,-0.6,28.3,2 
NDBC,ioos:station:wmo:42019:1,2017-06-16T09:50:00Z,27.9070,-95.3530,-0.6,28.3,2 
NDBC,ioos:station:wmo:42019:1,2017-06-16T10:50:00Z,27.9070,-95.3530,-0.6,28.3,2 
NDBC,ioos:station:wmo:42019:1,2017-06-16T11:50:00Z,27.9070,-95.3530,-0.6,28.2,2 
NDBC,ioos:station:wmo:42019:1,2017-06-16T13:50:00Z,27.9070,-95.3530,-0.6,28.1,2 
NDBC,ioos:station:wmo:42019:1,2017-06-16T14:50:00Z,27.9070,-95.3530,-0.6,28.3,2 
NDBC,ioos:station:wmo:42019:1,2017-06-16T15:50:00Z,27.9070,-95.3530,-0.6,28.4,2 
NDBC,ioos:station:wmo:42019:1,2017-06-16T16:50:00Z,27.9070,-95.3530,-0.6,28.4,2 
NDBC,ioos:station:wmo:42019:1,2017-06-16T17:50:00Z,27.9070,-95.3530,-0.6,28.6,2 
NDBC,ioos:station:wmo:42019:1,2017-06-16T18:50:00Z,27.9070,-95.3530,-0.6,28.7,2 
NDBC,ioos:station:wmo:42019:1,2017-06-16T19:50:00Z,27.9070,-95.3530,-0.6,28.8,2 
NDBC,ioos:station:wmo:42019:1,2017-06-16T20:50:00Z,27.9070,-95.3530,-0.6,28.6,2 
NDBC,ioos:station:wmo:42019:1,2017-06-16T21:50:00Z,27.9070,-95.3530,-0.6,28.7,2 
NDBC,ioos:station:wmo:42019:1,2017-06-16T22:50:00Z,27.9070,-95.3530,-0.6,28.9,2 
NDBC,ioos:station:wmo:42019:1,2017-06-16T23:50:00Z,27.9070,-95.3530,-0.6,28.9,2 
NDBC,ioos:station:wmo:42019:1,2017-06-17T17:50:00Z,27.9070,-95.3530,-0.6,28.4,2 
NDBC,ioos:station:wmo:42019:1,2017-06-17T18:50:00Z,27.9070,-95.3530,-0.6,28.3,2 
NDBC,ioos:station:wmo:42019:1,2017-06-17T19:50:00Z,27.9070,-95.3530,-0.6,28.2,2 
NDBC,ioos:station:wmo:42019:1,2017-06-17T20:50:00Z,27.9070,-95.3530,-0.6,28.3,2 
NDBC,ioos:station:wmo:42019:1,2017-06-17T21:50:00Z,27.9070,-95.3530,-0.6,28.3,2 
NDBC,ioos:station:wmo:42019:1,2017-06-17T23:50:00Z,27.9070,-95.3530,-0.6,28.3,2 
NDBC,ioos:station:wmo:42019:1,2017-06-19T17:50:00Z,27.9070,-95.3530,-0.6,29.1,2 
NDBC,ioos:station:wmo:42019:1,2017-06-19T18:50:00Z,27.9070,-95.3530,-0.6,29.0,2 
NDBC,ioos:station:wmo:42019:1,2017-06-19T19:50:00Z,27.9070,-95.3530,-0.6,29.3,2 
NDBC,ioos:station:wmo:42019:1,2017-06-19T20:50:00Z,27.9070,-95.3530,-0.6,29.4,2 
NDBC,ioos:station:wmo:42019:1,2017-06-19T21:50:00Z,27.9070,-95.3530,-0.6,29.1,2 
NDBC,ioos:station:wmo:42019:1,2017-06-19T22:50:00Z,27.9070,-95.3530,-0.6,29.1,2 
NDBC,ioos:station:wmo:42019:1,2017-06-19T23:50:00Z,27.9070,-95.3530,-0.6,29.1,2 
NDBC,ioos:station:wmo:42019:1,2017-06-20T00:50:00Z,27.9070,-95.3530,-0.6,29.0,2 
NDBC,ioos:station:wmo:42019:1,2017-06-20T01:50:00Z,27.9070,-95.3530,-0.6,29.0,2 
NDBC,ioos:station:wmo:42019:1,2017-06-20T02:50:00Z,27.9070,-95.3530,-0.6,28.8,2 
NDBC,ioos:station:wmo:42019:1,2017-06-20T03:50:00Z,27.9070,-95.3530,-0.6,28.7,2 
NDBC,ioos:station:wmo:42019:1,2017-06-20T04:50:00Z,27.9070,-95.3530,-0.6,28.7,2 
NDBC,ioos:station:wmo:42019:1,2017-06-20T05:50:00Z,27.9070,-95.3530,-0.6,28.8,2 
NDBC,ioos:station:wmo:42019:1,2017-06-20T06:50:00Z,27.9070,-95.3530,-0.6,28.8,2 
NDBC,ioos:station:wmo:42019:1,2017-06-20T07:50:00Z,27.9070,-95.3530,-0.6,28.8,2 
NDBC,ioos:station:wmo:42019:1,2017-06-20T08:50:00Z,27.9070,-95.3530,-0.6,28.7,2 
NDBC,ioos:station:wmo:42019:1,2017-06-20T09:50:00Z,27.9070,-95.3530,-0.6,28.6,2 
NDBC,ioos:station:wmo:42019:1,2017-06-20T10:50:00Z,27.9070,-95.3530,-0.6,28.6,2 
NDBC,ioos:station:wmo:42019:1,2017-06-20T11:50:00Z,27.9070,-95.3530,-0.6,28.5,2 
NDBC,ioos:station:wmo:42019:1,2017-06-20T12:50:00Z,27.9070,-95.3530,-0.6,28.5,2 
NDBC,ioos:station:wmo:42019:1,2017-06-20T14:50:00Z,27.9070,-95.3530,-0.6,28.5,2 
NDBC,ioos:station:wmo:42019:1,2017-06-20T15:50:00Z,27.9070,-95.3530,-0.6,28.5,2 
NDBC,ioos:station:wmo:42019:1,2017-06-20T16:50:00Z,27.9070,-95.3530,-0.6,28.5,2 
NDBC,ioos:station:wmo:42019:1,2017-06-20T17:50:00Z,27.9070,-95.3530,-0.6,28.6,2 
NDBC,ioos:station:wmo:42019:1,2017-06-20T18:50:00Z,27.9070,-95.3530,-0.6,28.7,2 
NDBC,ioos:station:wmo:42019:1,2017-06-20T19:50:00Z,27.9070,-95.3530,-0.6,28.7,2 
NDBC,ioos:station:wmo:42019:1,2017-06-20T20:50:00Z,27.9070,-95.3530,-0.6,28.8,2 
NDBC,ioos:station:wmo:42019:1,2017-06-20T21:50:00Z,27.9070,-95.3530,-0.6,28.8,2 
NDBC,ioos:station:wmo:42019:1,2017-06-20T22:50:00Z,27.9070,-95.3530,-0.6,28.8,2 
NDBC,ioos:station:wmo:42019:1,2017-06-20T23:50:00Z,27.9070,-95.3530,-0.6,28.9,2 
NDBC,ioos:station:wmo:42019:1,2017-06-21T00:50:00Z,27.9070,-95.3530,-0.6,28.8,2 
NDBC,ioos:station:wmo:42019:1,2017-06-21T01:50:00Z,27.9070,-95.3530,-0.6,28.8,2 
NDBC,ioos:station:wmo:42019:1,2017-06-21T02:50:00Z,27.9070,-95.3530,-0.6,28.8,2 
NDBC,ioos:station:wmo:42019:1,2017-06-21T03:50:00Z,27.9070,-95.3530,-0.6,28.7,2 
NDBC,ioos:station:wmo:42019:1,2017-06-21T04:50:00Z,27.9070,-95.3530,-0.6,28.7,2 
NDBC,ioos:station:wmo:42019:1,2017-06-21T05:50:00Z,27.9070,-95.3530,-0.6,28.7,2 
NDBC,ioos:station:wmo:42019:1,2017-06-21T06:50:00Z,27.9070,-95.3530,-0.6,28.5,2 
NDBC,ioos:station:wmo:42019:1,2017-06-21T07:50:00Z,27.9070,-95.3530,-0.6,28.4,2 
NDBC,ioos:station:wmo:42019:1,2017-06-21T08:50:00Z,27.9070,-95.3530,-0.6,28.4,2 
NDBC,ioos:station:wmo:42019:1,2017-06-21T09:50:00Z,27.9070,-95.3530,-0.6,28.4,2 
NDBC,ioos:station:wmo:42019:1,2017-06-21T10:50:00Z,27.9070,-95.3530,-0.6,28.4,2 
NDBC,ioos:station:wmo:42019:1,2017-06-21T11:50:00Z,27.9070,-95.3530,-0.6,28.3,2 
NDBC,ioos:station:wmo:42019:1,2017-06-21T12:50:00Z,27.9070,-95.3530,-0.6,28.3,2 
NDBC,ioos:station:wmo:42019:1,2017-06-21T13:50:00Z,27.9070,-95.3530,-0.6,28.3,2 
NDBC,ioos:station:wmo:42019:1,2017-06-21T14:50:00Z,27.9070,-95.3530,-0.6,28.2,2 
NDBC,ioos:station:wmo:42019:1,2017-06-21T15:50:00Z,27.9070,-95.3530,-0.6,28.2,2 
NDBC,ioos:station:wmo:42019:1,2017-06-21T16:50:00Z,27.9070,-95.3530,-0.6,28.2,2 
NDBC,ioos:station:wmo:42019:1,2017-06-21T17:50:00Z,27.9070,-95.3530,-0.6,28.2,2 
NDBC,ioos:station:wmo:42019:1,2017-06-21T18:50:00Z,27.9070,-95.3530,-0.6,28.2,2 
NDBC,ioos:station:wmo:42019:1,2017-06-21T19:50:00Z,27.9070,-95.3530,-0.6,28.2,2 
NDBC,ioos:station:wmo:42019:1,2017-06-21T20:50:00Z,27.9070,-95.3530,-0.6,28.2,2 
NDBC,ioos:station:wmo:42019:1,2017-06-21T21:50:00Z,27.9070,-95.3530,-0.6,28.2,2 
NDBC,ioos:station:wmo:42019:1,2017-06-21T22:50:00Z,27.9070,-95.3530,-0.6,28.2,2 
NDBC,ioos:station:wmo:42019:1,2017-06-21T23:50:00Z,27.9070,-95.3530,-0.6,28.2,2 
NDBC,ioos:station:wmo:42019:1,2017-06-22T00:50:00Z,27.9070,-95.3530,-0.6,28.2,2 
NDBC,ioos:station:wmo:42019:1,2017-06-22T01:50:00Z,27.9070,-95.3530,-0.6,28.2,2 
NDBC,ioos:station:wmo:42019:1,2017-06-22T02:50:00Z,27.9070,-95.3530,-0.6,28.2,2 
NDBC,ioos:station:wmo:42019:1,2017-06-22T03:50:00Z,27.9070,-95.3530,-0.6,28.2,2 
NDBC,ioos:station:wmo:42019:1,2017-06-22T04:50:00Z,27.9070,-95.3530,-0.6,28.1,2 
NDBC,ioos:station:wmo:42019:1,2017-06-22T06:50:00Z,27.9070,-95.3530,-0.6,28.0,2 
NDBC,ioos:station:wmo:42019:1,2017-06-22T07:50:00Z,27.9070,-95.3530,-0.6,28.1,2 
NDBC,ioos:station:wmo:42019:1,2017-06-22T08:50:00Z,27.9070,-95.3530,-0.6,28.0,2 
NDBC,ioos:station:wmo:42019:1,2017-06-22T09:50:00Z,27.9070,-95.3530,-0.6,28.0,2 
NDBC,ioos:station:wmo:42019:1,2017-06-22T10:50:00Z,27.9070,-95.3530,-0.6,28.0,2 
NDBC,ioos:station:wmo:42019:1,2017-06-22T11:50:00Z,27.9070,-95.3530,-0.6,28.0,2 
NDBC,ioos:station:wmo:42019:1,2017-06-22T12:50:00Z,27.9070,-95.3530,-0.6,28.0,2 
NDBC,ioos:station:wmo:42019:1,2017-06-22T13:50:00Z,27.9070,-95.3530,-0.6,28.0,2 
NDBC,ioos:station:wmo:42019:1,2017-06-22T14:50:00Z,27.9070,-95.3530,-0.6,28.0,2 
NDBC,ioos:station:wmo:42019:1,2017-06-22T15:50:00Z,27.9070,-95.3530,-0.6,28.1,2 
NDBC,ioos:station:wmo:42019:1,2017-06-22T16:50:00Z,27.9070,-95.3530,-0.6,28.1,2 
NDBC,ioos:station:wmo:42019:1,2017-06-22T17:50:00Z,27.9070,-95.3530,-0.6,28.2,2 
NDBC,ioos:station:wmo:42019:1,2017-06-22T18:50:00Z,27.9070,-95.3530,-0.6,28.2,2 
NDBC,ioos:station:wmo:42019:1,2017-06-22T19:50:00Z,27.9070,-95.3530,-0.6,28.3,2 
NDBC,ioos:station:wmo:42019:1,2017-06-22T20:50:00Z,27.9070,-95.3530,-0.6,28.4,2 
NDBC,ioos:station:wmo:42019:1,2017-06-22T21:50:00Z,27.9070,-95.3530,-0.6,28.4,2 
NDBC,ioos:station:wmo:42019:1,2017-06-22T22:50:00Z,27.9070,-95.3530,-0.6,28.4,2 
NDBC,ioos:station:wmo:42019:1,2017-06-23T00:50:00Z,27.9070,-95.3530,-0.6,28.4,2 
NDBC,ioos:station:wmo:42019:1,2017-06-23T01:50:00Z,27.9070,-95.3530,-0.6,28.3,2 
NDBC,ioos:station:wmo:42019:1,2017-06-23T02:50:00Z,27.9070,-95.3530,-0.6,28.3,2 
NDBC,ioos:station:wmo:42019:1,2017-06-23T03:50:00Z,27.9070,-95.3530,-0.6,28.3,2 
NDBC,ioos:station:wmo:42019:1,2017-06-23T04:50:00Z,27.9070,-95.3530,-0.6,28.3,2 
NDBC,ioos:station:wmo:42019:1,2017-06-23T05:50:00Z,27.9070,-95.3530,-0.6,28.3,2 
NDBC,ioos:station:wmo:42019:1,2017-06-23T06:50:00Z,27.9070,-95.3530,-0.6,28.3,2 
NDBC,ioos:station:wmo:42019:1,2017-06-23T07:50:00Z,27.9070,-95.3530,-0.6,28.3,2 
NDBC,ioos:station:wmo:42019:1,2017-06-23T08:50:00Z,27.9070,-95.3530,-0.6,28.3,2 
NDBC,ioos:station:wmo:42019:1,2017-06-23T09:50:00Z,27.9070,-95.3530,-0.6,28.3,2 
NDBC,ioos:station:wmo:42019:1,2017-06-23T10:50:00Z,27.9070,-95.3530,-0.6,28.3,2 
NDBC,ioos:station:wmo:42019:1,2017-06-23T11:50:00Z,27.9070,-95.3530,-0.6,28.3,2 
NDBC,ioos:station:wmo:42019:1,2017-06-23T12:50:00Z,27.9070,-95.3530,-0.6,28.3,2 
NDBC,ioos:station:wmo:42019:1,2017-06-23T14:50:00Z,27.9070,-95.3530,-0.6,28.3,2 
NDBC,ioos:station:wmo:42019:1,2017-06-23T15:50:00Z,27.9070,-95.3530,-0.6,28.3,2 
NDBC,ioos:station:wmo:42019:1,2017-06-23T16:50:00Z,27.9070,-95.3530,-0.6,28.4,2 
NDBC,ioos:station:wmo:42019:1,2017-06-23T17:50:00Z,27.9070,-95.3530,-0.6,28.4,2 
NDBC,ioos:station:wmo:42019:1,2017-06-23T18:50:00Z,27.9070,-95.3530,-0.6,28.4,2 
NDBC,ioos:station:wmo:42019:1,2017-06-23T19:50:00Z,27.9070,-95.3530,-0.6,28.5,2 
NDBC,ioos:station:wmo:42019:1,2017-06-23T20:50:00Z,27.9070,-95.3530,-0.6,28.5,2 
NDBC,ioos:station:wmo:42019:1,2017-06-23T21:50:00Z,27.9070,-95.3530,-0.6,28.4,2 
NDBC,ioos:station:wmo:42019:1,2017-06-23T22:50:00Z,27.9070,-95.3530,-0.6,28.4,2 
NDBC,ioos:station:wmo:42019:1,2017-06-23T23:50:00Z,27.9070,-95.3530,-0.6,28.4,2 
NDBC,ioos:station:wmo:42019:1,2017-06-24T00:50:00Z,27.9070,-95.3530,-0.6,28.5,2 
NDBC,ioos:station:wmo:42019:1,2017-06-24T01:50:00Z,27.9070,-95.3530,-0.6,28.5,2 
NDBC,ioos:station:wmo:42019:1,2017-06-24T02:50:00Z,27.9070,-95.3530,-0.6,28.4,2 
NDBC,ioos:station:wmo:42019:1,2017-06-24T03:50:00Z,27.9070,-95.3530,-0.6,28.4,2 
NDBC,ioos:station:wmo:42019:1,2017-06-24T04:50:00Z,27.9070,-95.3530,-0.6,28.4,2 
NDBC,ioos:station:wmo:42019:1,2017-06-24T05:50:00Z,27.9070,-95.3530,-0.6,28.3,2 
NDBC,ioos:station:wmo:42019:1,2017-06-24T06:50:00Z,27.9070,-95.3530,-0.6,28.3,2 
NDBC,ioos:station:wmo:42019:1,2017-06-24T07:50:00Z,27.9070,-95.3530,-0.6,28.3,2 
NDBC,ioos:station:wmo:42019:1,2017-06-24T08:50:00Z,27.9070,-95.3530,-0.6,28.3,2 
NDBC,ioos:station:wmo:42019:1,2017-06-24T09:50:00Z,27.9070,-95.3530,-0.6,28.4,2 
NDBC,ioos:station:wmo:42019:1,2017-06-24T10:50:00Z,27.9070,-95.3530,-0.6,28.5,2 
NDBC,ioos:station:wmo:42019:1,2017-06-24T11:50:00Z,27.9070,-95.3530,-0.6,28.5,2 
NDBC,ioos:station:wmo:42019:1,2017-06-24T12:50:00Z,27.9070,-95.3530,-0.6,28.5,2 
NDBC,ioos:station:wmo:42019:1,2017-06-24T13:50:00Z,27.9070,-95.3530,-0.6,28.5,2 
NDBC,ioos:station:wmo:42019:1,2017-06-24T14:50:00Z,27.9070,-95.3530,-0.6,28.6,2 
NDBC,ioos:station:wmo:42019:1,2017-06-24T15:50:00Z,27.9070,-95.3530,-0.6,28.7,2 
NDBC,ioos:station:wmo:42019:1,2017-06-24T16:50:00Z,27.9070,-95.3530,-0.6,28.8,2 
NDBC,ioos:station:wmo:42019:1,2017-06-24T17:50:00Z,27.9070,-95.3530,-0.6,28.8,2 
NDBC,ioos:station:wmo:42019:1,2017-06-24T18:50:00Z,27.9070,-95.3530,-0.6,28.8,2 
NDBC,ioos:station:wmo:42019:1,2017-06-24T19:50:00Z,27.9070,-95.3530,-0.6,28.9,2 
NDBC,ioos:station:wmo:42019:1,2017-06-24T20:50:00Z,27.9070,-95.3530,-0.6,29.1,2 
NDBC,ioos:station:wmo:42019:1,2017-06-24T21:50:00Z,27.9070,-95.3530,-0.6,29.1,2 
NDBC,ioos:station:wmo:42019:1,2017-06-24T22:50:00Z,27.9070,-95.3530,-0.6,29.2,2 
NDBC,ioos:station:wmo:42019:1,2017-06-24T23:50:00Z,27.9070,-95.3530,-0.6,29.2,2 
NDBC,ioos:station:wmo:42019:1,2017-06-25T00:50:00Z,27.9070,-95.3530,-0.6,29.0,2 
NDBC,ioos:station:wmo:42019:1,2017-06-25T01:50:00Z,27.9070,-95.3530,-0.6,28.7,2 
NDBC,ioos:station:wmo:42019:1,2017-06-25T02:50:00Z,27.9070,-95.3530,-0.6,28.5,2 
NDBC,ioos:station:wmo:42019:1,2017-06-25T03:50:00Z,27.9070,-95.3530,-0.6,28.6,2 
NDBC,ioos:station:wmo:42019:1,2017-06-25T04:50:00Z,27.9070,-95.3530,-0.6,28.5,2 
NDBC,ioos:station:wmo:42019:1,2017-06-25T05:50:00Z,27.9070,-95.3530,-0.6,28.5,2 
NDBC,ioos:station:wmo:42019:1,2017-06-25T06:50:00Z,27.9070,-95.3530,-0.6,28.5,2 
NDBC,ioos:station:wmo:42019:1,2017-06-25T07:50:00Z,27.9070,-95.3530,-0.6,28.8,2 
NDBC,ioos:station:wmo:42019:1,2017-06-25T08:50:00Z,27.9070,-95.3530,-0.6,29.1,2 
NDBC,ioos:station:wmo:42019:1,2017-06-25T09:50:00Z,27.9070,-95.3530,-0.6,29.0,2 
NDBC,ioos:station:wmo:42019:1,2017-06-25T10:50:00Z,27.9070,-95.3530,-0.6,29.0,2 
NDBC,ioos:station:wmo:42019:1,2017-06-25T11:50:00Z,27.9070,-95.3530,-0.6,28.6,2 
NDBC,ioos:station:wmo:42019:1,2017-06-25T12:50:00Z,27.9070,-95.3530,-0.6,28.6,2 
NDBC,ioos:station:wmo:42019:1,2017-06-25T13:50:00Z,27.9070,-95.3530,-0.6,28.7,2 
NDBC,ioos:station:wmo:42019:1,2017-06-25T14:50:00Z,27.9070,-95.3530,-0.6,28.8,2 
NDBC,ioos:station:wmo:42019:1,2017-06-25T15:50:00Z,27.9070,-95.3530,-0.6,28.8,2 
NDBC,ioos:station:wmo:42019:1,2017-06-25T16:50:00Z,27.9070,-95.3530,-0.6,28.8,2 
NDBC,ioos:station:wmo:42019:1,2017-06-25T17:50:00Z,27.9070,-95.3530,-0.6,28.8,2 
NDBC,ioos:station:wmo:42019:1,2017-06-25T18:50:00Z,27.9070,-95.3530,-0.6,28.9,2 
NDBC,ioos:station:wmo:42019:1,2017-06-25T19:50:00Z,27.9070,-95.3530,-0.6,29.3,2 
NDBC,ioos:station:wmo:42019:1,2017-06-25T20:50:00Z,27.9070,-95.3530,-0.6,29.5,2 
NDBC,ioos:station:wmo:42019:1,2017-06-25T21:50:00Z,27.9070,-95.3530,-0.6,29.5,2 
NDBC,ioos:station:wmo:42019:1,2017-06-25T22:50:00Z,27.9070,-95.3530,-0.6,29.3,2 
NDBC,ioos:station:wmo:42019:1,2017-06-25T23:50:00Z,27.9070,-95.3530,-0.6,29.1,2 
NDBC,ioos:station:wmo:42019:1,2017-06-26T00:50:00Z,27.9070,-95.3530,-0.6,29.2,2 
NDBC,ioos:station:wmo:42019:1,2017-06-26T01:50:00Z,27.9070,-95.3530,-0.6,29.1,2 
NDBC,ioos:station:wmo:42019:1,2017-06-26T03:50:00Z,27.9070,-95.3530,-0.6,29.0,2 
NDBC,ioos:station:wmo:42019:1,2017-06-26T04:50:00Z,27.9070,-95.3530,-0.6,29.1,2 
NDBC,ioos:station:wmo:42019:1,2017-06-26T05:50:00Z,27.9070,-95.3530,-0.6,29.0,2 
NDBC,ioos:station:wmo:42019:1,2017-06-26T06:50:00Z,27.9070,-95.3530,-0.6,29.0,2 
NDBC,ioos:station:wmo:42019:1,2017-06-26T07:50:00Z,27.9070,-95.3530,-0.6,29.0,2 
NDBC,ioos:station:wmo:42019:1,2017-06-26T08:50:00Z,27.9070,-95.3530,-0.6,29.0,2 
NDBC,ioos:station:wmo:42019:1,2017-06-26T09:50:00Z,27.9070,-95.3530,-0.6,28.9,2 
NDBC,ioos:station:wmo:42019:1,2017-06-26T10:50:00Z,27.9070,-95.3530,-0.6,28.9,2 
NDBC,ioos:station:wmo:42019:1,2017-06-26T11:50:00Z,27.9070,-95.3530,-0.6,28.9,2 
NDBC,ioos:station:wmo:42019:1,2017-06-26T12:50:00Z,27.9070,-95.3530,-0.6,28.8,2 
NDBC,ioos:station:wmo:42019:1,2017-06-26T15:50:00Z,27.9070,-95.3530,-0.6,29.0,2 
NDBC,ioos:station:wmo:42019:1,2017-06-26T16:50:00Z,27.9070,-95.3530,-0.6,29.1,2 
NDBC,ioos:station:wmo:42019:1,2017-06-26T17:50:00Z,27.9070,-95.3530,-0.6,29.2,2 
NDBC,ioos:station:wmo:42019:1,2017-06-26T19:50:00Z,27.9070,-95.3530,-0.6,29.2,2 
NDBC,ioos:station:wmo:42019:1,2017-06-26T20:50:00Z,27.9070,-95.3530,-0.6,29.3,2 
NDBC,ioos:station:wmo:42019:1,2017-06-26T21:50:00Z,27.9070,-95.3530,-0.6,29.3,2 
NDBC,ioos:station:wmo:42019:1,2017-06-26T22:50:00Z,27.9070,-95.3530,-0.6,29.2,2 
NDBC,ioos:station:wmo:42019:1,2017-06-26T23:50:00Z,27.9070,-95.3530,-0.6,29.2,2 
NDBC,ioos:station:wmo:42019:1,2017-06-27T00:50:00Z,27.9070,-95.3530,-0.6,29.2,2 
NDBC,ioos:station:wmo:42019:1,2017-06-27T01:50:00Z,27.9070,-95.3530,-0.6,29.2,2 
NDBC,ioos:station:wmo:42019:1,2017-06-27T02:50:00Z,27.9070,-95.3530,-0.6,29.1,2 
NDBC,ioos:station:wmo:42019:1,2017-06-27T03:50:00Z,27.9070,-95.3530,-0.6,29.1,2 
NDBC,ioos:station:wmo:42019:1,2017-06-27T05:50:00Z,27.9070,-95.3530,-0.6,29.1,2 
NDBC,ioos:station:wmo:42019:1,2017-06-27T06:50:00Z,27.9070,-95.3530,-0.6,29.2,2 
NDBC,ioos:station:wmo:42019:1,2017-06-27T07:50:00Z,27.9070,-95.3530,-0.6,29.1,2 
NDBC,ioos:station:wmo:42019:1,2017-06-27T08:50:00Z,27.9070,-95.3530,-0.6,29.0,2 
NDBC,ioos:station:wmo:42019:1,2017-06-27T09:50:00Z,27.9070,-95.3530,-0.6,29.0,2 
NDBC,ioos:station:wmo:42019:1,2017-06-27T10:50:00Z,27.9070,-95.3530,-0.6,29.0,2 
NDBC,ioos:station:wmo:42019:1,2017-06-27T11:50:00Z,27.9070,-95.3530,-0.6,29.0,2 
NDBC,ioos:station:wmo:42019:1,2017-06-27T12:50:00Z,27.9070,-95.3530,-0.6,29.0,2 
NDBC,ioos:station:wmo:42019:1,2017-06-27T13:50:00Z,27.9070,-95.3530,-0.6,28.9,2 
NDBC,ioos:station:wmo:42019:1,2017-06-27T14:50:00Z,27.9070,-95.3530,-0.6,28.9,2 
NDBC,ioos:station:wmo:42019:1,2017-06-28T05:50:00Z,27.9070,-95.3530,-0.6,28.6,2 
NDBC,ioos:station:wmo:42019:1,2017-06-28T06:50:00Z,27.9070,-95.3530,-0.6,28.6,2 
NDBC,ioos:station:wmo:42019:1,2017-06-28T07:50:00Z,27.9070,-95.3530,-0.6,28.6,2 
NDBC,ioos:station:wmo:42019:1,2017-06-28T08:50:00Z,27.9070,-95.3530,-0.6,28.6,2 
NDBC,ioos:station:wmo:42019:1,2017-06-28T09:50:00Z,27.9070,-95.3530,-0.6,28.5,2 
NDBC,ioos:station:wmo:42019:1,2017-06-28T10:50:00Z,27.9070,-95.3530,-0.6,28.5,2 
NDBC,ioos:station:wmo:42019:1,2017-06-28T11:50:00Z,27.9070,-95.3530,-0.6,28.5,2 
NDBC,ioos:station:wmo:42019:1,2017-06-28T12:50:00Z,27.9070,-95.3530,-0.6,28.5,2 
NDBC,ioos:station:wmo:42019:1,2017-06-28T13:50:00Z,27.9070,-95.3530,-0.6,28.5,2 
NDBC,ioos:station:wmo:42019:1,2017-06-28T14:50:00Z,27.9070,-95.3530,-0.6,28.6,2 
NDBC,ioos:station:wmo:42019:1,2017-06-28T15:50:00Z,27.9070,-95.3530,-0.6,28.5,2 
NDBC,ioos:station:wmo:42019:1,2017-06-28T16:50:00Z,27.9070,-95.3530,-0.6,28.5,2 
NDBC,ioos:station:wmo:42019:1,2017-06-28T17:50:00Z,27.9070,-95.3530,-0.6,28.6,2 
NDBC,ioos:station:wmo:42019:1,2017-06-28T19:50:00Z,27.9070,-95.3530,-0.6,28.7,2 
NDBC,ioos:station:wmo:42019:1,2017-06-28T20:50:00Z,27.9070,-95.3530,-0.6,28.8,2 
NDBC,ioos:station:wmo:42019:1,2017-06-28T21:50:00Z,27.9070,-95.3530,-0.6,29.0,2 
NDBC,ioos:station:wmo:42019:1,2017-06-28T22:50:00Z,27.9070,-95.3530,-0.6,29.0,2 
NDBC,ioos:station:wmo:42019:1,2017-06-28T23:50:00Z,27.9070,-95.3530,-0.6,28.9,2 
NDBC,ioos:station:wmo:42019:1,2017-06-29T00:50:00Z,27.9070,-95.3530,-0.6,28.9,2 
NDBC,ioos:station:wmo:42019:1,2017-06-29T01:50:00Z,27.9070,-95.3530,-0.6,28.8,2 
NDBC,ioos:station:wmo:42019:1,2017-06-29T02:50:00Z,27.9070,-95.3530,-0.6,28.8,2 
NDBC,ioos:station:wmo:42019:1,2017-06-29T03:50:00Z,27.9070,-95.3530,-0.6,28.7,2 
NDBC,ioos:station:wmo:42019:1,2017-06-29T04:50:00Z,27.9070,-95.3530,-0.6,28.7,2 
NDBC,ioos:station:wmo:42019:1,2017-06-29T05:50:00Z,27.9070,-95.3530,-0.6,28.7,2 
NDBC,ioos:station:wmo:42019:1,2017-06-29T06:50:00Z,27.9070,-95.3530,-0.6,28.7,2 
NDBC,ioos:station:wmo:42019:1,2017-06-29T07:50:00Z,27.9070,-95.3530,-0.6,28.7,2 
NDBC,ioos:station:wmo:42019:1,2017-06-29T08:50:00Z,27.9070,-95.3530,-0.6,28.6,2 
NDBC,ioos:station:wmo:42019:1,2017-06-29T09:50:00Z,27.9070,-95.3530,-0.6,28.6,2 
NDBC,ioos:station:wmo:42019:1,2017-06-29T10:50:00Z,27.9070,-95.3530,-0.6,28.6,2 
NDBC,ioos:station:wmo:42019:1,2017-06-29T11:50:00Z,27.9070,-95.3530,-0.6,28.6,2 
NDBC,ioos:station:wmo:42019:1,2017-06-29T12:50:00Z,27.9070,-95.3530,-0.6,28.6,2 
NDBC,ioos:station:wmo:42019:1,2017-06-29T13:50:00Z,27.9070,-95.3530,-0.6,28.6,2 
NDBC,ioos:station:wmo:42019:1,2017-06-29T14:50:00Z,27.9070,-95.3530,-0.6,28.6,2 
NDBC,ioos:station:wmo:42019:1,2017-06-29T15:50:00Z,27.9070,-95.3530,-0.6,28.7,2 
NDBC,ioos:station:wmo:42019:1,2017-06-29T16:50:00Z,27.9070,-95.3530,-0.6,28.7,2 
NDBC,ioos:station:wmo:42019:1,2017-06-29T17:50:00Z,27.9070,-95.3530,-0.6,28.7,2 
NDBC,ioos:station:wmo:42019:1,2017-06-29T18:50:00Z,27.9070,-95.3530,-0.6,28.8,2 
NDBC,ioos:station:wmo:42019:1,2017-06-29T19:50:00Z,27.9070,-95.3530,-0.6,28.8,2 
NDBC,ioos:station:wmo:42019:1,2017-06-29T21:50:00Z,27.9070,-95.3530,-0.6,28.9,2 
NDBC,ioos:station:wmo:42019:1,2017-06-29T22:50:00Z,27.9070,-95.3530,-0.6,28.9,2 
NDBC,ioos:station:wmo:42019:1,2017-06-29T23:50:00Z,27.9070,-95.3530,-0.6,28.9,2 
NDBC,ioos:station:wmo:42019:1,2017-06-30T01:50:00Z,27.9070,-95.3530,-0.6,28.8,2 
NDBC,ioos:station:wmo:42019:1,2017-06-30T02:50:00Z,27.9070,-95.3530,-0.6,28.8,2 
NDBC,ioos:station:wmo:42019:1,2017-06-30T03:50:00Z,27.9070,-95.3530,-0.6,28.8,2 
NDBC,ioos:station:wmo:42019:1,2017-06-30T05:50:00Z,27.9070,-95.3530,-0.6,28.8,2 
NDBC,ioos:station:wmo:42019:1,2017-06-30T06:50:00Z,27.9070,-95.3530,-0.6,28.8,2 
NDBC,ioos:station:wmo:42019:1,2017-06-30T07:50:00Z,27.9070,-95.3530,-0.6,28.8,2 
NDBC,ioos:station:wmo:42019:1,2017-06-30T08:50:00Z,27.9070,-95.3530,-0.6,28.8,2 
NDBC,ioos:station:wmo:42019:1,2017-06-30T09:50:00Z,27.9070,-95.3530,-0.6,28.7,2 
NDBC,ioos:station:wmo:42019:1,2017-06-30T10:50:00Z,27.9070,-95.3530,-0.6,28.7,2 
NDBC,ioos:station:wmo:42019:1,2017-06-30T11:50:00Z,27.9070,-95.3530,-0.6,28.7,2 
NDBC,ioos:station:wmo:42019:1,2017-06-30T12:50:00Z,27.9070,-95.3530,-0.6,28.7,2 
NDBC,ioos:station:wmo:42019:1,2017-06-30T14:50:00Z,27.9070,-95.3530,-0.6,28.8,2 
NDBC,ioos:station:wmo:42019:1,2017-06-30T15:50:00Z,27.9070,-95.3530,-0.6,28.8,2 
NDBC,ioos:station:wmo:42019:1,2017-06-30T17:50:00Z,27.9070,-95.3530,-0.6,29.0,2 
NDBC,ioos:station:wmo:42019:1,2017-06-30T18:50:00Z,27.9070,-95.3530,-0.6,29.0,2 
NDBC,ioos:station:wmo:42019:1,2017-06-30T19:50:00Z,27.9070,-95.3530,-0.6,29.1,2 
NDBC,ioos:station:wmo:42019:1,2017-06-30T20:50:00Z,27.9070,-95.3530,-0.6,29.1,2 
NDBC,ioos:station:wmo:42019:1,2017-06-30T21:50:00Z,27.9070,-95.3530,-0.6,29.1,2 
NDBC,ioos:station:wmo:42019:1,2017-06-30T22:50:00Z,27.9070,-95.3530,-0.6,29.1,2 
NDBC,ioos:station:wmo:42019:1,2017-06-30T23:50:00Z,27.9070,-95.3530,-0.6,29.1,2 
 
DISCLAIMER: The Gulf of Mexico Coastal and Ocean Observing (GCOOS) Data Portal aggregates data from the regional data providers for the convenience of all data users. Data published on this website should not be used for navigation or certain other uses as we cannot guarantee data accuracy or availability. The data and delivery services are provided 'as is' without warranty of any kind. Data Source: Gulf of Mexico Coastal Ocean Observing System Data Portal (http://data.gcoos.org/) 
