date,sensor,latitude,longitude,air_pressure(mBar),air_temperature,sea_water_practical_salinity,sea_water_temperature,wind_speed
2017-07-01 00:50:00+00:00,ioos:station:wmo:42019:1,27.907,-95.353,1014.2,29.1,NULL,29.1,7.0
2017-07-01 01:50:00+00:00,ioos:station:wmo:42019:1,27.907,-95.353,1014.4,29.1,NULL,29.1,8.0
2017-07-01 02:50:00+00:00,ioos:station:wmo:42019:1,27.907,-95.353,1014.4,28.9,NULL,29.0,8.0
2017-07-01 03:50:00+00:00,ioos:station:wmo:42019:1,27.907,-95.353,1014.9,28.9,NULL,29.0,8.0
2017-07-01 04:50:00+00:00,ioos:station:wmo:42019:1,27.907,-95.353,1015.5,28.8,NULL,29.0,9.0
2017-07-01 05:50:00+00:00,ioos:station:wmo:42019:1,27.907,-95.353,1015.4,28.8,NULL,28.9,9.0
2017-07-01 06:50:00+00:00,ioos:station:wmo:42019:1,27.907,-95.353,1015.3,28.6,NULL,28.9,9.0
2017-07-01 07:50:00+00:00,ioos:station:wmo:42019:1,27.907,-95.353,1015.0,28.6,NULL,28.9,9.0
2017-07-01 08:50:00+00:00,ioos:station:wmo:42019:1,27.907,-95.353,1014.9,28.5,NULL,28.9,8.0
2017-07-01 09:50:00+00:00,ioos:station:wmo:42019:1,27.907,-95.353,1015.3,28.4,NULL,28.8,8.0
2017-07-01 10:50:00+00:00,ioos:station:wmo:42019:1,27.907,-95.353,1015.9,28.5,NULL,28.8,8.0
2017-07-01 11:50:00+00:00,ioos:station:wmo:42019:1,27.907,-95.353,1016.6,28.6,NULL,28.8,8.0
2017-07-01 12:50:00+00:00,ioos:station:wmo:42019:1,27.907,-95.353,1017.4,28.6,NULL,28.8,7.0
2017-07-01 13:50:00+00:00,ioos:station:wmo:42019:1,27.907,-95.353,1017.7,28.6,NULL,28.9,7.0
2017-07-01 14:50:00+00:00,ioos:station:wmo:42019:1,27.907,-95.353,1018.7,28.7,NULL,28.9,6.0
2017-07-01 15:50:00+00:00,ioos:station:wmo:42019:1,27.907,-95.353,1019.4,29.0,NULL,29.1,5.0
2017-07-01 16:50:00+00:00,ioos:station:wmo:42019:1,27.907,-95.353,1019.6,28.9,NULL,29.1,5.0
2017-07-01 17:50:00+00:00,ioos:station:wmo:42019:1,27.907,-95.353,1019.2,29.0,NULL,29.2,6.0
2017-07-01 18:50:00+00:00,ioos:station:wmo:42019:1,27.907,-95.353,1018.7,29.0,NULL,29.2,7.0
2017-07-01 19:50:00+00:00,ioos:station:wmo:42019:1,27.907,-95.353,1018.7,29.0,NULL,29.2,6.0
2017-07-01 20:50:00+00:00,ioos:station:wmo:42019:1,27.907,-95.353,1018.2,29.0,NULL,29.2,6.0
2017-07-01 22:50:00+00:00,ioos:station:wmo:42019:1,27.907,-95.353,1017.7,29.0,NULL,29.2,6.0
2017-07-01 23:50:00+00:00,ioos:station:wmo:42019:1,27.907,-95.353,1016.4,28.9,NULL,29.2,9.0
2017-07-02 00:50:00+00:00,ioos:station:wmo:42019:1,27.907,-95.353,1016.6,28.8,NULL,29.1,8.0
2017-07-02 01:50:00+00:00,ioos:station:wmo:42019:1,27.907,-95.353,1017.3,28.8,NULL,29.1,7.0
2017-07-02 02:50:00+00:00,ioos:station:wmo:42019:1,27.907,-95.353,1017.7,28.8,NULL,29.1,7.0
2017-07-02 03:50:00+00:00,ioos:station:wmo:42019:1,27.907,-95.353,1018.4,28.9,NULL,29.2,6.0
2017-07-02 04:50:00+00:00,ioos:station:wmo:42019:1,27.907,-95.353,1018.7,28.7,NULL,29.2,7.0
2017-07-02 05:50:00+00:00,ioos:station:wmo:42019:1,27.907,-95.353,1018.7,28.7,NULL,29.1,7.0
2017-07-02 06:50:00+00:00,ioos:station:wmo:42019:1,27.907,-95.353,1018.4,28.7,NULL,29.1,6.0
2017-07-02 07:50:00+00:00,ioos:station:wmo:42019:1,27.907,-95.353,1018.0,28.6,NULL,29.0,6.0
2017-07-02 08:50:00+00:00,ioos:station:wmo:42019:1,27.907,-95.353,1018.0,28.6,NULL,29.0,7.0
2017-07-02 09:50:00+00:00,ioos:station:wmo:42019:1,27.907,-95.353,1018.0,28.6,NULL,29.0,6.0
2017-07-02 11:50:00+00:00,ioos:station:wmo:42019:1,27.907,-95.353,1019.0,28.6,NULL,28.9,7.0
2017-07-02 12:50:00+00:00,ioos:station:wmo:42019:1,27.907,-95.353,1019.9,28.9,NULL,28.9,6.0
2017-07-02 13:50:00+00:00,ioos:station:wmo:42019:1,27.907,-95.353,1020.7,28.9,NULL,28.9,5.0
2017-07-02 14:50:00+00:00,ioos:station:wmo:42019:1,27.907,-95.353,1020.9,28.9,NULL,29.0,5.0
2017-07-02 15:50:00+00:00,ioos:station:wmo:42019:1,27.907,-95.353,1020.8,28.8,NULL,29.1,4.0
2017-07-02 16:50:00+00:00,ioos:station:wmo:42019:1,27.907,-95.353,1020.6,28.9,NULL,29.2,4.0
2017-07-02 17:50:00+00:00,ioos:station:wmo:42019:1,27.907,-95.353,1020.4,28.9,NULL,29.4,4.0
2017-07-02 18:50:00+00:00,ioos:station:wmo:42019:1,27.907,-95.353,1020.1,28.9,NULL,29.6,4.0
2017-07-02 19:50:00+00:00,ioos:station:wmo:42019:1,27.907,-95.353,1019.8,29.0,NULL,29.8,3.0
2017-07-02 20:50:00+00:00,ioos:station:wmo:42019:1,27.907,-95.353,1019.0,28.5,NULL,29.8,2.0
2017-07-02 21:50:00+00:00,ioos:station:wmo:42019:1,27.907,-95.353,1018.3,29.1,NULL,29.7,5.0
2017-07-02 22:50:00+00:00,ioos:station:wmo:42019:1,27.907,-95.353,1018.1,29.1,NULL,29.8,6.0
2017-07-02 23:50:00+00:00,ioos:station:wmo:42019:1,27.907,-95.353,1018.0,29.1,NULL,30.1,6.0
2017-07-03 00:50:00+00:00,ioos:station:wmo:42019:1,27.907,-95.353,1017.7,29.0,NULL,30.1,6.0
2017-07-03 01:50:00+00:00,ioos:station:wmo:42019:1,27.907,-95.353,1017.3,28.9,NULL,30.0,7.0
2017-07-03 02:50:00+00:00,ioos:station:wmo:42019:1,27.907,-95.353,1017.5,28.8,NULL,29.8,7.0
2017-07-03 03:50:00+00:00,ioos:station:wmo:42019:1,27.907,-95.353,1017.7,28.8,NULL,29.6,8.0
2017-07-03 04:50:00+00:00,ioos:station:wmo:42019:1,27.907,-95.353,1018.1,28.8,NULL,29.4,8.0
2017-07-03 05:50:00+00:00,ioos:station:wmo:42019:1,27.907,-95.353,1017.9,28.8,NULL,29.3,8.0
2017-07-03 06:50:00+00:00,ioos:station:wmo:42019:1,27.907,-95.353,1017.7,28.6,NULL,29.3,8.0
2017-07-03 07:50:00+00:00,ioos:station:wmo:42019:1,27.907,-95.353,1017.1,28.6,NULL,29.3,8.0
2017-07-03 08:50:00+00:00,ioos:station:wmo:42019:1,27.907,-95.353,1017.3,28.6,NULL,29.2,7.0
2017-07-03 09:50:00+00:00,ioos:station:wmo:42019:1,27.907,-95.353,1016.8,28.7,NULL,29.2,8.0
2017-07-03 10:50:00+00:00,ioos:station:wmo:42019:1,27.907,-95.353,1016.7,28.5,NULL,29.1,8.0
2017-07-03 11:50:00+00:00,ioos:station:wmo:42019:1,27.907,-95.353,1017.1,28.5,NULL,29.1,7.0
2017-07-03 12:50:00+00:00,ioos:station:wmo:42019:1,27.907,-95.353,1017.4,28.7,NULL,29.0,7.0
2017-07-03 13:50:00+00:00,ioos:station:wmo:42019:1,27.907,-95.353,1018.3,28.8,NULL,29.1,7.0
2017-07-03 15:50:00+00:00,ioos:station:wmo:42019:1,27.907,-95.353,1018.8,29.0,NULL,29.1,5.0
2017-07-03 16:50:00+00:00,ioos:station:wmo:42019:1,27.907,-95.353,1018.7,29.0,NULL,29.2,5.0
2017-07-03 17:50:00+00:00,ioos:station:wmo:42019:1,27.907,-95.353,1018.5,29.0,NULL,29.3,4.0
2017-07-03 18:50:00+00:00,ioos:station:wmo:42019:1,27.907,-95.353,1017.9,29.1,NULL,29.4,4.0
2017-07-03 19:50:00+00:00,ioos:station:wmo:42019:1,27.907,-95.353,1017.4,29.1,NULL,29.8,5.0
2017-07-03 20:50:00+00:00,ioos:station:wmo:42019:1,27.907,-95.353,1016.7,29.2,NULL,29.9,6.0
2017-07-03 21:50:00+00:00,ioos:station:wmo:42019:1,27.907,-95.353,1016.3,29.2,NULL,29.9,5.0
2017-07-03 22:50:00+00:00,ioos:station:wmo:42019:1,27.907,-95.353,1015.7,29.3,NULL,30.0,6.0
2017-07-03 23:50:00+00:00,ioos:station:wmo:42019:1,27.907,-95.353,1015.6,29.2,NULL,30.1,6.0
2017-07-04 00:50:00+00:00,ioos:station:wmo:42019:1,27.907,-95.353,1015.6,29.1,NULL,29.8,6.0
2017-07-04 01:50:00+00:00,ioos:station:wmo:42019:1,27.907,-95.353,1015.7,29.0,NULL,29.6,8.0
2017-07-04 02:50:00+00:00,ioos:station:wmo:42019:1,27.907,-95.353,1015.6,29.0,NULL,29.5,8.0
2017-07-04 03:50:00+00:00,ioos:station:wmo:42019:1,27.907,-95.353,1015.7,29.0,NULL,29.3,8.0
2017-07-04 04:50:00+00:00,ioos:station:wmo:42019:1,27.907,-95.353,1015.5,28.9,NULL,29.2,9.0
2017-07-04 05:50:00+00:00,ioos:station:wmo:42019:1,27.907,-95.353,1015.9,29.0,NULL,29.3,9.0
2017-07-04 06:50:00+00:00,ioos:station:wmo:42019:1,27.907,-95.353,1016.1,28.9,NULL,29.3,8.0
2017-07-04 07:50:00+00:00,ioos:station:wmo:42019:1,27.907,-95.353,1015.7,28.9,NULL,29.4,9.0
2017-07-04 08:50:00+00:00,ioos:station:wmo:42019:1,27.907,-95.353,1015.8,28.8,NULL,29.3,8.0
2017-07-04 09:50:00+00:00,ioos:station:wmo:42019:1,27.907,-95.353,1015.7,28.8,NULL,29.2,8.0
2017-07-04 10:50:00+00:00,ioos:station:wmo:42019:1,27.907,-95.353,1015.5,28.7,NULL,29.3,8.0
2017-07-04 11:50:00+00:00,ioos:station:wmo:42019:1,27.907,-95.353,1016.0,28.7,NULL,29.2,7.0
2017-07-04 12:50:00+00:00,ioos:station:wmo:42019:1,27.907,-95.353,1016.7,28.8,NULL,29.1,6.0
2017-07-04 13:50:00+00:00,ioos:station:wmo:42019:1,27.907,-95.353,1017.0,28.9,NULL,29.1,7.0
2017-07-04 14:50:00+00:00,ioos:station:wmo:42019:1,27.907,-95.353,1017.9,28.9,NULL,29.1,5.0
2017-07-04 15:50:00+00:00,ioos:station:wmo:42019:1,27.907,-95.353,1017.7,28.9,NULL,29.2,5.0
2017-07-04 16:50:00+00:00,ioos:station:wmo:42019:1,27.907,-95.353,1017.3,28.9,NULL,29.4,5.0
2017-07-04 17:50:00+00:00,ioos:station:wmo:42019:1,27.907,-95.353,1017.2,28.9,NULL,29.7,5.0
2017-07-04 18:50:00+00:00,ioos:station:wmo:42019:1,27.907,-95.353,1016.6,28.9,NULL,29.6,5.0
2017-07-04 19:50:00+00:00,ioos:station:wmo:42019:1,27.907,-95.353,1016.5,29.0,NULL,29.6,4.0
2017-07-04 20:50:00+00:00,ioos:station:wmo:42019:1,27.907,-95.353,1015.8,29.0,NULL,29.7,5.0
2017-07-04 21:50:00+00:00,ioos:station:wmo:42019:1,27.907,-95.353,1015.4,29.0,NULL,29.7,6.0
2017-07-04 22:50:00+00:00,ioos:station:wmo:42019:1,27.907,-95.353,1015.3,29.1,NULL,29.8,5.0
2017-07-04 23:50:00+00:00,ioos:station:wmo:42019:1,27.907,-95.353,1015.0,29.2,NULL,29.8,5.0
2017-07-05 00:50:00+00:00,ioos:station:wmo:42019:1,27.907,-95.353,1014.9,29.0,NULL,29.6,5.0
2017-07-05 01:50:00+00:00,ioos:station:wmo:42019:1,27.907,-95.353,1015.2,28.9,NULL,29.5,6.0
2017-07-05 02:50:00+00:00,ioos:station:wmo:42019:1,27.907,-95.353,1016.1,29.0,NULL,29.6,6.0
2017-07-05 03:50:00+00:00,ioos:station:wmo:42019:1,27.907,-95.353,1016.5,29.0,NULL,29.6,6.0
2017-07-05 04:50:00+00:00,ioos:station:wmo:42019:1,27.907,-95.353,1016.8,29.0,NULL,29.5,6.0
2017-07-05 05:50:00+00:00,ioos:station:wmo:42019:1,27.907,-95.353,1017.0,28.9,NULL,29.5,6.0
2017-07-05 06:50:00+00:00,ioos:station:wmo:42019:1,27.907,-95.353,1016.6,29.0,NULL,29.4,6.0
2017-07-05 07:50:00+00:00,ioos:station:wmo:42019:1,27.907,-95.353,1016.1,29.0,NULL,29.3,8.0
2017-07-05 08:50:00+00:00,ioos:station:wmo:42019:1,27.907,-95.353,1015.9,28.9,NULL,29.3,8.0
2017-07-05 09:50:00+00:00,ioos:station:wmo:42019:1,27.907,-95.353,1015.9,28.9,NULL,29.2,7.0
2017-07-05 10:50:00+00:00,ioos:station:wmo:42019:1,27.907,-95.353,1015.6,28.9,NULL,29.2,8.0
2017-07-05 11:50:00+00:00,ioos:station:wmo:42019:1,27.907,-95.353,1015.9,28.7,NULL,29.2,7.0
2017-07-05 12:50:00+00:00,ioos:station:wmo:42019:1,27.907,-95.353,1016.3,28.9,NULL,29.2,7.0
2017-07-05 13:50:00+00:00,ioos:station:wmo:42019:1,27.907,-95.353,1017.4,29.1,NULL,29.1,6.0
2017-07-05 14:50:00+00:00,ioos:station:wmo:42019:1,27.907,-95.353,1018.0,29.1,NULL,29.2,5.0
2017-07-05 15:50:00+00:00,ioos:station:wmo:42019:1,27.907,-95.353,1018.3,29.1,NULL,29.3,4.0
2017-07-05 16:50:00+00:00,ioos:station:wmo:42019:1,27.907,-95.353,1018.7,29.2,NULL,29.5,2.0
2017-07-05 18:50:00+00:00,ioos:station:wmo:42019:1,27.907,-95.353,1018.2,29.2,NULL,29.9,4.0
2017-07-05 19:50:00+00:00,ioos:station:wmo:42019:1,27.907,-95.353,1017.8,29.3,NULL,30.0,4.0
2017-07-05 21:50:00+00:00,ioos:station:wmo:42019:1,27.907,-95.353,1016.6,29.5,NULL,30.1,6.0
2017-07-05 22:50:00+00:00,ioos:station:wmo:42019:1,27.907,-95.353,1016.0,29.2,NULL,30.1,6.0
2017-07-05 23:50:00+00:00,ioos:station:wmo:42019:1,27.907,-95.353,1015.7,29.3,NULL,29.9,6.0
2017-07-06 00:50:00+00:00,ioos:station:wmo:42019:1,27.907,-95.353,1015.9,29.2,NULL,29.8,7.0
2017-07-06 01:50:00+00:00,ioos:station:wmo:42019:1,27.907,-95.353,1016.4,29.1,NULL,29.6,6.0
2017-07-06 02:50:00+00:00,ioos:station:wmo:42019:1,27.907,-95.353,1016.7,29.1,NULL,29.5,8.0
2017-07-06 03:50:00+00:00,ioos:station:wmo:42019:1,27.907,-95.353,1017.6,29.2,NULL,29.5,7.0
2017-07-06 04:50:00+00:00,ioos:station:wmo:42019:1,27.907,-95.353,1018.1,29.0,NULL,29.5,7.0
2017-07-06 05:50:00+00:00,ioos:station:wmo:42019:1,27.907,-95.353,1018.2,29.0,NULL,29.3,6.0
2017-07-06 06:50:00+00:00,ioos:station:wmo:42019:1,27.907,-95.353,1017.8,29.1,NULL,29.3,6.0
2017-07-06 07:50:00+00:00,ioos:station:wmo:42019:1,27.907,-95.353,1017.0,28.9,NULL,29.2,6.0
2017-07-06 08:50:00+00:00,ioos:station:wmo:42019:1,27.907,-95.353,1017.0,28.9,NULL,29.1,5.0
2017-07-06 09:50:00+00:00,ioos:station:wmo:42019:1,27.907,-95.353,1017.0,28.9,NULL,29.2,5.0
2017-07-06 10:50:00+00:00,ioos:station:wmo:42019:1,27.907,-95.353,1017.2,28.8,NULL,29.2,4.0
2017-07-06 11:50:00+00:00,ioos:station:wmo:42019:1,27.907,-95.353,1017.3,28.7,NULL,29.3,4.0
2017-07-06 12:50:00+00:00,ioos:station:wmo:42019:1,27.907,-95.353,1017.7,28.8,NULL,29.3,4.0
2017-07-06 13:50:00+00:00,ioos:station:wmo:42019:1,27.907,-95.353,1018.3,28.1,NULL,29.3,7.0
2017-07-06 14:50:00+00:00,ioos:station:wmo:42019:1,27.907,-95.353,1019.1,27.9,NULL,29.3,2.0
2017-07-06 15:50:00+00:00,ioos:station:wmo:42019:1,27.907,-95.353,1019.6,28.2,NULL,29.5,3.0
2017-07-06 16:50:00+00:00,ioos:station:wmo:42019:1,27.907,-95.353,1019.7,27.6,NULL,29.5,3.0
2017-07-06 17:50:00+00:00,ioos:station:wmo:42019:1,27.907,-95.353,1019.8,28.4,NULL,30.0,1.0
2017-07-06 18:50:00+00:00,ioos:station:wmo:42019:1,27.907,-95.353,1019.2,27.2,NULL,29.7,7.0
2017-07-06 19:50:00+00:00,ioos:station:wmo:42019:1,27.907,-95.353,1019.1,26.8,NULL,29.5,4.0
2017-07-06 20:50:00+00:00,ioos:station:wmo:42019:1,27.907,-95.353,1018.2,27.8,NULL,29.5,4.0
2017-07-06 21:50:00+00:00,ioos:station:wmo:42019:1,27.907,-95.353,1018.0,28.2,NULL,29.7,4.0
2017-07-06 22:50:00+00:00,ioos:station:wmo:42019:1,27.907,-95.353,1017.1,28.0,NULL,29.7,3.0
2017-07-06 23:50:00+00:00,ioos:station:wmo:42019:1,27.907,-95.353,1017.1,28.4,NULL,29.7,4.0
2017-07-07 00:50:00+00:00,ioos:station:wmo:42019:1,27.907,-95.353,1017.3,28.6,NULL,29.5,4.0
2017-07-07 01:50:00+00:00,ioos:station:wmo:42019:1,27.907,-95.353,1017.7,28.7,NULL,29.4,5.0
2017-07-07 02:50:00+00:00,ioos:station:wmo:42019:1,27.907,-95.353,1018.1,28.7,NULL,29.4,6.0
2017-07-07 03:50:00+00:00,ioos:station:wmo:42019:1,27.907,-95.353,1018.5,28.7,NULL,29.4,6.0
2017-07-07 04:50:00+00:00,ioos:station:wmo:42019:1,27.907,-95.353,1018.7,28.7,NULL,29.3,6.0
2017-07-07 05:50:00+00:00,ioos:station:wmo:42019:1,27.907,-95.353,1018.0,28.8,NULL,29.3,6.0
2017-07-07 06:50:00+00:00,ioos:station:wmo:42019:1,27.907,-95.353,1017.7,28.7,NULL,29.2,6.0
2017-07-07 07:50:00+00:00,ioos:station:wmo:42019:1,27.907,-95.353,1017.2,28.8,NULL,29.2,7.0
2017-07-07 08:50:00+00:00,ioos:station:wmo:42019:1,27.907,-95.353,1017.4,28.8,NULL,29.2,6.0
2017-07-07 09:50:00+00:00,ioos:station:wmo:42019:1,27.907,-95.353,1017.5,27.9,NULL,29.3,7.0
2017-07-07 10:50:00+00:00,ioos:station:wmo:42019:1,27.907,-95.353,1017.5,28.8,NULL,29.3,5.0
2017-07-07 11:50:00+00:00,ioos:station:wmo:42019:1,27.907,-95.353,1017.9,28.8,NULL,29.1,4.0
2017-07-07 12:50:00+00:00,ioos:station:wmo:42019:1,27.907,-95.353,1018.9,29.0,NULL,29.0,3.0
2017-07-07 13:50:00+00:00,ioos:station:wmo:42019:1,27.907,-95.353,1019.2,29.1,NULL,29.0,2.0
2017-07-07 14:50:00+00:00,ioos:station:wmo:42019:1,27.907,-95.353,1020.0,29.1,NULL,29.3,2.0
2017-07-07 15:50:00+00:00,ioos:station:wmo:42019:1,27.907,-95.353,1019.8,29.2,NULL,29.7,2.0
2017-07-07 16:50:00+00:00,ioos:station:wmo:42019:1,27.907,-95.353,1020.0,29.2,NULL,29.9,2.0
2017-07-07 17:50:00+00:00,ioos:station:wmo:42019:1,27.907,-95.353,1019.7,29.1,NULL,30.2,2.0
2017-07-07 18:50:00+00:00,ioos:station:wmo:42019:1,27.907,-95.353,1019.4,29.0,NULL,30.3,2.0
2017-07-07 19:50:00+00:00,ioos:station:wmo:42019:1,27.907,-95.353,1018.5,29.1,NULL,30.4,3.0
2017-07-07 20:50:00+00:00,ioos:station:wmo:42019:1,27.907,-95.353,1018.2,29.1,NULL,30.4,3.0
2017-07-07 21:50:00+00:00,ioos:station:wmo:42019:1,27.907,-95.353,1017.9,29.2,NULL,30.3,3.0
2017-07-07 22:50:00+00:00,ioos:station:wmo:42019:1,27.907,-95.353,1017.4,29.4,NULL,30.4,2.0
2017-07-07 23:50:00+00:00,ioos:station:wmo:42019:1,27.907,-95.353,1017.2,29.4,NULL,30.4,4.0
2017-07-08 00:50:00+00:00,ioos:station:wmo:42019:1,27.907,-95.353,1017.3,29.2,NULL,29.9,4.0
2017-07-08 01:50:00+00:00,ioos:station:wmo:42019:1,27.907,-95.353,1017.3,29.2,NULL,29.9,5.0
2017-07-08 02:50:00+00:00,ioos:station:wmo:42019:1,27.907,-95.353,1017.6,29.1,NULL,29.8,4.0
2017-07-08 03:50:00+00:00,ioos:station:wmo:42019:1,27.907,-95.353,1017.8,29.0,NULL,29.6,5.0
2017-07-08 04:50:00+00:00,ioos:station:wmo:42019:1,27.907,-95.353,1018.0,29.0,NULL,29.5,5.0
2017-07-08 05:50:00+00:00,ioos:station:wmo:42019:1,27.907,-95.353,1017.5,29.0,NULL,29.7,5.0
2017-07-08 07:50:00+00:00,ioos:station:wmo:42019:1,27.907,-95.353,1017.4,29.0,NULL,29.7,4.0
2017-07-08 08:50:00+00:00,ioos:station:wmo:42019:1,27.907,-95.353,1017.2,28.8,NULL,29.6,4.0
2017-07-08 09:50:00+00:00,ioos:station:wmo:42019:1,27.907,-95.353,1016.9,28.8,NULL,29.6,4.0
2017-07-08 10:50:00+00:00,ioos:station:wmo:42019:1,27.907,-95.353,1017.2,28.7,NULL,29.7,4.0
2017-07-08 11:50:00+00:00,ioos:station:wmo:42019:1,27.907,-95.353,1017.6,28.6,NULL,29.7,4.0
2017-07-08 12:50:00+00:00,ioos:station:wmo:42019:1,27.907,-95.353,1018.1,28.6,NULL,29.6,3.0
2017-07-08 13:50:00+00:00,ioos:station:wmo:42019:1,27.907,-95.353,1018.9,28.6,NULL,29.5,3.0
2017-07-08 14:50:00+00:00,ioos:station:wmo:42019:1,27.907,-95.353,1019.8,28.6,NULL,29.6,3.0
2017-07-08 15:50:00+00:00,ioos:station:wmo:42019:1,27.907,-95.353,1019.5,28.5,NULL,29.8,2.0
2017-07-08 16:50:00+00:00,ioos:station:wmo:42019:1,27.907,-95.353,1019.5,28.7,NULL,30.2,1.0
2017-07-08 17:50:00+00:00,ioos:station:wmo:42019:1,27.907,-95.353,1019.4,29.1,NULL,30.4,0.0
2017-07-08 18:50:00+00:00,ioos:station:wmo:42019:1,27.907,-95.353,1019.2,29.2,NULL,31.7,1.0
2017-07-08 19:50:00+00:00,ioos:station:wmo:42019:1,27.907,-95.353,1018.7,29.4,NULL,32.0,1.0
2017-07-08 20:50:00+00:00,ioos:station:wmo:42019:1,27.907,-95.353,1017.9,29.3,NULL,32.2,2.0
2017-07-08 21:50:00+00:00,ioos:station:wmo:42019:1,27.907,-95.353,1017.6,29.4,NULL,31.9,1.0
2017-07-08 22:50:00+00:00,ioos:station:wmo:42019:1,27.907,-95.353,1016.8,29.5,NULL,31.8,2.0
2017-07-08 23:50:00+00:00,ioos:station:wmo:42019:1,27.907,-95.353,1016.7,29.5,NULL,31.4,2.0
2017-07-09 00:50:00+00:00,ioos:station:wmo:42019:1,27.907,-95.353,1016.6,29.4,NULL,31.0,2.0
2017-07-09 01:50:00+00:00,ioos:station:wmo:42019:1,27.907,-95.353,1017.0,29.3,NULL,30.6,2.0
2017-07-09 02:50:00+00:00,ioos:station:wmo:42019:1,27.907,-95.353,1017.3,29.3,NULL,30.4,3.0
2017-07-09 03:50:00+00:00,ioos:station:wmo:42019:1,27.907,-95.353,1017.6,29.3,NULL,30.2,3.0
2017-07-09 04:50:00+00:00,ioos:station:wmo:42019:1,27.907,-95.353,1017.8,29.1,NULL,30.1,3.0
2017-07-09 05:50:00+00:00,ioos:station:wmo:42019:1,27.907,-95.353,1017.4,29.0,NULL,30.1,4.0
2017-07-09 06:50:00+00:00,ioos:station:wmo:42019:1,27.907,-95.353,1017.0,29.0,NULL,30.1,4.0
2017-07-09 07:50:00+00:00,ioos:station:wmo:42019:1,27.907,-95.353,1016.7,28.9,NULL,30.1,5.0
2017-07-09 08:50:00+00:00,ioos:station:wmo:42019:1,27.907,-95.353,1016.6,28.9,NULL,30.0,5.0
2017-07-09 09:50:00+00:00,ioos:station:wmo:42019:1,27.907,-95.353,1016.8,28.8,NULL,29.9,4.0
2017-07-09 10:50:00+00:00,ioos:station:wmo:42019:1,27.907,-95.353,1017.1,28.8,NULL,29.8,5.0
2017-07-09 11:50:00+00:00,ioos:station:wmo:42019:1,27.907,-95.353,1017.4,28.9,NULL,29.7,4.0
2017-07-09 12:50:00+00:00,ioos:station:wmo:42019:1,27.907,-95.353,1017.8,28.8,NULL,29.6,3.0
2017-07-09 13:50:00+00:00,ioos:station:wmo:42019:1,27.907,-95.353,1018.3,28.8,NULL,29.6,2.0
2017-07-09 14:50:00+00:00,ioos:station:wmo:42019:1,27.907,-95.353,1018.6,29.0,NULL,29.7,2.0
2017-07-09 15:50:00+00:00,ioos:station:wmo:42019:1,27.907,-95.353,1018.7,29.0,NULL,29.9,2.0
2017-07-09 17:50:00+00:00,ioos:station:wmo:42019:1,27.907,-95.353,1018.8,29.4,NULL,31.4,1.0
2017-07-09 18:50:00+00:00,ioos:station:wmo:42019:1,27.907,-95.353,1018.5,29.5,NULL,31.6,0.0
2017-07-09 19:50:00+00:00,ioos:station:wmo:42019:1,27.907,-95.353,1018.0,29.3,NULL,31.8,2.0
2017-07-09 21:50:00+00:00,ioos:station:wmo:42019:1,27.907,-95.353,1016.2,29.4,NULL,31.8,4.0
2017-07-09 22:50:00+00:00,ioos:station:wmo:42019:1,27.907,-95.353,1015.5,29.5,NULL,31.5,4.0
2017-07-09 23:50:00+00:00,ioos:station:wmo:42019:1,27.907,-95.353,1015.2,29.4,NULL,31.4,4.0
2017-07-10 00:50:00+00:00,ioos:station:wmo:42019:1,27.907,-95.353,1015.6,29.4,NULL,31.0,3.0
2017-07-10 01:50:00+00:00,ioos:station:wmo:42019:1,27.907,-95.353,1015.8,29.3,NULL,30.8,3.0
2017-07-10 02:50:00+00:00,ioos:station:wmo:42019:1,27.907,-95.353,1015.9,29.1,NULL,30.6,4.0
2017-07-10 03:50:00+00:00,ioos:station:wmo:42019:1,27.907,-95.353,1016.5,29.1,NULL,30.3,3.0
2017-07-10 04:50:00+00:00,ioos:station:wmo:42019:1,27.907,-95.353,1016.7,29.0,NULL,30.1,2.0
2017-07-10 05:50:00+00:00,ioos:station:wmo:42019:1,27.907,-95.353,1016.4,28.9,NULL,30.2,3.0
2017-07-10 06:50:00+00:00,ioos:station:wmo:42019:1,27.907,-95.353,1015.7,28.9,NULL,30.3,5.0
2017-07-10 07:50:00+00:00,ioos:station:wmo:42019:1,27.907,-95.353,1015.5,28.8,NULL,30.0,4.0
2017-07-10 08:50:00+00:00,ioos:station:wmo:42019:1,27.907,-95.353,1015.1,28.8,NULL,29.9,5.0
2017-07-10 09:50:00+00:00,ioos:station:wmo:42019:1,27.907,-95.353,1015.1,28.7,NULL,29.9,5.0
2017-07-10 10:50:00+00:00,ioos:station:wmo:42019:1,27.907,-95.353,1015.3,28.8,NULL,29.9,5.0
2017-07-10 11:50:00+00:00,ioos:station:wmo:42019:1,27.907,-95.353,1015.8,28.8,NULL,29.9,4.0
2017-07-10 12:50:00+00:00,ioos:station:wmo:42019:1,27.907,-95.353,1016.2,29.0,NULL,29.9,4.0
2017-07-10 13:50:00+00:00,ioos:station:wmo:42019:1,27.907,-95.353,1016.6,29.2,NULL,30.0,3.0
2017-07-10 14:50:00+00:00,ioos:station:wmo:42019:1,27.907,-95.353,1016.9,29.2,NULL,30.2,3.0
2017-07-10 15:50:00+00:00,ioos:station:wmo:42019:1,27.907,-95.353,1017.0,29.2,NULL,30.3,2.0
2017-07-10 16:50:00+00:00,ioos:station:wmo:42019:1,27.907,-95.353,1017.3,29.2,NULL,30.8,1.0
2017-07-10 17:50:00+00:00,ioos:station:wmo:42019:1,27.907,-95.353,1017.5,30.1,NULL,31.4,0.0
2017-07-10 18:50:00+00:00,ioos:station:wmo:42019:1,27.907,-95.353,1017.1,29.8,NULL,32.0,0.0
2017-07-10 19:50:00+00:00,ioos:station:wmo:42019:1,27.907,-95.353,1016.9,29.8,NULL,33.0,1.0
2017-07-10 21:50:00+00:00,ioos:station:wmo:42019:1,27.907,-95.353,1015.8,30.3,NULL,32.6,0.0
2017-07-10 22:50:00+00:00,ioos:station:wmo:42019:1,27.907,-95.353,1015.5,30.1,NULL,32.8,1.0
2017-07-10 23:50:00+00:00,ioos:station:wmo:42019:1,27.907,-95.353,1015.3,30.1,NULL,32.4,2.0
2017-07-11 00:50:00+00:00,ioos:station:wmo:42019:1,27.907,-95.353,1015.0,30.0,NULL,31.8,3.0
2017-07-11 01:50:00+00:00,ioos:station:wmo:42019:1,27.907,-95.353,1014.9,29.7,NULL,31.4,5.0
2017-07-11 02:50:00+00:00,ioos:station:wmo:42019:1,27.907,-95.353,1015.0,29.6,NULL,30.9,5.0
2017-07-11 03:50:00+00:00,ioos:station:wmo:42019:1,27.907,-95.353,1015.4,29.8,NULL,30.6,5.0
2017-07-11 04:50:00+00:00,ioos:station:wmo:42019:1,27.907,-95.353,1015.5,29.7,NULL,30.7,6.0
2017-07-11 05:50:00+00:00,ioos:station:wmo:42019:1,27.907,-95.353,1015.4,29.5,NULL,30.5,6.0
2017-07-11 06:50:00+00:00,ioos:station:wmo:42019:1,27.907,-95.353,1015.2,29.4,NULL,30.4,6.0
2017-07-11 07:50:00+00:00,ioos:station:wmo:42019:1,27.907,-95.353,1015.0,29.4,NULL,30.4,6.0
2017-07-11 09:50:00+00:00,ioos:station:wmo:42019:1,27.907,-95.353,1014.9,29.1,NULL,30.4,4.0
2017-07-11 10:50:00+00:00,ioos:station:wmo:42019:1,27.907,-95.353,1015.2,28.8,NULL,30.5,4.0
2017-07-11 11:50:00+00:00,ioos:station:wmo:42019:1,27.907,-95.353,1015.7,29.2,NULL,30.6,5.0
2017-07-11 12:50:00+00:00,ioos:station:wmo:42019:1,27.907,-95.353,1016.0,29.3,NULL,30.4,5.0
2017-07-11 13:50:00+00:00,ioos:station:wmo:42019:1,27.907,-95.353,1016.5,29.2,NULL,30.3,4.0
2017-07-11 14:50:00+00:00,ioos:station:wmo:42019:1,27.907,-95.353,1016.5,29.3,NULL,30.3,4.0
2017-07-11 15:50:00+00:00,ioos:station:wmo:42019:1,27.907,-95.353,1016.5,29.3,NULL,30.4,4.0
2017-07-11 16:50:00+00:00,ioos:station:wmo:42019:1,27.907,-95.353,1016.8,29.4,NULL,30.5,4.0
2017-07-11 17:50:00+00:00,ioos:station:wmo:42019:1,27.907,-95.353,1016.4,29.2,NULL,30.6,4.0
2017-07-11 18:50:00+00:00,ioos:station:wmo:42019:1,27.907,-95.353,1015.8,29.4,NULL,30.9,5.0
2017-07-11 19:50:00+00:00,ioos:station:wmo:42019:1,27.907,-95.353,1015.4,29.4,NULL,31.0,5.0
2017-07-11 20:50:00+00:00,ioos:station:wmo:42019:1,27.907,-95.353,1015.1,29.2,NULL,31.1,4.0
2017-07-11 21:50:00+00:00,ioos:station:wmo:42019:1,27.907,-95.353,1014.9,29.5,NULL,31.1,4.0
2017-07-11 23:50:00+00:00,ioos:station:wmo:42019:1,27.907,-95.353,1014.8,29.6,NULL,31.1,5.0
2017-07-12 00:50:00+00:00,ioos:station:wmo:42019:1,27.907,-95.353,1014.8,29.5,NULL,31.0,5.0
2017-07-12 01:50:00+00:00,ioos:station:wmo:42019:1,27.907,-95.353,1014.8,29.5,NULL,30.9,5.0
2017-07-12 02:50:00+00:00,ioos:station:wmo:42019:1,27.907,-95.353,1015.2,29.5,NULL,30.7,5.0
2017-07-12 04:50:00+00:00,ioos:station:wmo:42019:1,27.907,-95.353,1016.1,29.5,NULL,30.5,6.0
2017-07-12 05:50:00+00:00,ioos:station:wmo:42019:1,27.907,-95.353,1015.8,29.5,NULL,30.3,6.0
2017-07-12 06:50:00+00:00,ioos:station:wmo:42019:1,27.907,-95.353,1015.6,29.4,NULL,30.3,6.0
2017-07-12 07:50:00+00:00,ioos:station:wmo:42019:1,27.907,-95.353,1015.5,29.4,NULL,30.3,7.0
2017-07-12 08:50:00+00:00,ioos:station:wmo:42019:1,27.907,-95.353,1015.6,29.4,NULL,30.2,7.0
2017-07-12 09:50:00+00:00,ioos:station:wmo:42019:1,27.907,-95.353,1015.4,29.1,NULL,30.2,8.0
2017-07-12 10:50:00+00:00,ioos:station:wmo:42019:1,27.907,-95.353,1015.8,28.8,NULL,30.1,5.0
2017-07-12 11:50:00+00:00,ioos:station:wmo:42019:1,27.907,-95.353,1016.1,28.9,NULL,30.0,5.0
2017-07-12 12:50:00+00:00,ioos:station:wmo:42019:1,27.907,-95.353,1016.7,29.1,NULL,29.9,5.0
2017-07-12 13:50:00+00:00,ioos:station:wmo:42019:1,27.907,-95.353,1017.0,29.2,NULL,29.8,4.0
2017-07-12 14:50:00+00:00,ioos:station:wmo:42019:1,27.907,-95.353,1017.3,29.5,NULL,29.8,5.0
2017-07-12 15:50:00+00:00,ioos:station:wmo:42019:1,27.907,-95.353,1017.7,29.4,NULL,29.8,4.0
2017-07-12 16:50:00+00:00,ioos:station:wmo:42019:1,27.907,-95.353,1018.1,29.5,NULL,30.0,4.0
2017-07-12 17:50:00+00:00,ioos:station:wmo:42019:1,27.907,-95.353,1018.0,29.6,NULL,30.2,4.0
2017-07-12 20:50:00+00:00,ioos:station:wmo:42019:1,27.907,-95.353,1016.8,29.6,NULL,30.8,6.0
2017-07-12 23:50:00+00:00,ioos:station:wmo:42019:1,27.907,-95.353,1015.9,29.9,NULL,30.7,5.0
2017-07-13 00:50:00+00:00,ioos:station:wmo:42019:1,27.907,-95.353,1015.9,29.8,NULL,30.7,6.0
2017-07-13 01:50:00+00:00,ioos:station:wmo:42019:1,27.907,-95.353,1016.2,29.9,NULL,30.5,6.0
2017-07-13 02:50:00+00:00,ioos:station:wmo:42019:1,27.907,-95.353,1016.8,29.8,NULL,30.4,7.0
2017-07-13 03:50:00+00:00,ioos:station:wmo:42019:1,27.907,-95.353,1017.1,29.8,NULL,30.3,7.0
2017-07-13 04:50:00+00:00,ioos:station:wmo:42019:1,27.907,-95.353,1017.5,29.8,NULL,30.2,7.0
2017-07-13 05:50:00+00:00,ioos:station:wmo:42019:1,27.907,-95.353,1017.5,29.6,NULL,30.1,7.0
2017-07-13 06:50:00+00:00,ioos:station:wmo:42019:1,27.907,-95.353,1017.5,29.6,NULL,30.0,7.0
2017-07-13 07:50:00+00:00,ioos:station:wmo:42019:1,27.907,-95.353,1017.5,29.4,NULL,30.0,6.0
2017-07-13 08:50:00+00:00,ioos:station:wmo:42019:1,27.907,-95.353,1017.2,29.5,NULL,30.0,6.0
2017-07-13 09:50:00+00:00,ioos:station:wmo:42019:1,27.907,-95.353,1017.4,29.3,NULL,30.0,5.0
2017-07-13 10:50:00+00:00,ioos:station:wmo:42019:1,27.907,-95.353,1017.8,29.3,NULL,30.0,5.0
2017-07-13 11:50:00+00:00,ioos:station:wmo:42019:1,27.907,-95.353,1018.0,29.2,NULL,30.0,4.0
2017-07-13 12:50:00+00:00,ioos:station:wmo:42019:1,27.907,-95.353,1018.6,29.5,NULL,30.0,4.0
2017-07-13 13:50:00+00:00,ioos:station:wmo:42019:1,27.907,-95.353,1018.9,29.4,NULL,30.0,3.0
2017-07-13 14:50:00+00:00,ioos:station:wmo:42019:1,27.907,-95.353,1019.6,29.6,NULL,30.1,2.0
2017-07-13 15:50:00+00:00,ioos:station:wmo:42019:1,27.907,-95.353,1019.7,29.6,NULL,30.4,2.0
2017-07-13 16:50:00+00:00,ioos:station:wmo:42019:1,27.907,-95.353,1019.8,29.6,NULL,30.7,2.0
2017-07-13 17:50:00+00:00,ioos:station:wmo:42019:1,27.907,-95.353,1019.6,29.5,NULL,31.0,2.0
2017-07-13 18:50:00+00:00,ioos:station:wmo:42019:1,27.907,-95.353,1019.2,29.5,NULL,31.3,3.0
2017-07-13 19:50:00+00:00,ioos:station:wmo:42019:1,27.907,-95.353,1018.8,29.7,NULL,31.4,4.0
2017-07-13 20:50:00+00:00,ioos:station:wmo:42019:1,27.907,-95.353,1018.4,29.8,NULL,31.6,4.0
2017-07-13 21:50:00+00:00,ioos:station:wmo:42019:1,27.907,-95.353,1017.9,29.9,NULL,31.8,5.0
2017-07-13 22:50:00+00:00,ioos:station:wmo:42019:1,27.907,-95.353,1017.6,29.9,NULL,31.8,4.0
2017-07-13 23:50:00+00:00,ioos:station:wmo:42019:1,27.907,-95.353,1017.3,29.9,NULL,31.5,4.0
2017-07-14 00:50:00+00:00,ioos:station:wmo:42019:1,27.907,-95.353,1017.5,29.9,NULL,30.9,5.0
2017-07-14 01:50:00+00:00,ioos:station:wmo:42019:1,27.907,-95.353,1017.7,29.8,NULL,30.7,5.0
2017-07-14 02:50:00+00:00,ioos:station:wmo:42019:1,27.907,-95.353,1018.1,29.8,NULL,30.8,5.0
2017-07-14 03:50:00+00:00,ioos:station:wmo:42019:1,27.907,-95.353,1018.5,29.9,NULL,30.7,5.0
2017-07-14 04:50:00+00:00,ioos:station:wmo:42019:1,27.907,-95.353,1018.7,29.8,NULL,30.6,5.0
2017-07-14 05:50:00+00:00,ioos:station:wmo:42019:1,27.907,-95.353,1018.6,29.7,NULL,30.5,6.0
2017-07-14 06:50:00+00:00,ioos:station:wmo:42019:1,27.907,-95.353,1018.2,29.6,NULL,30.4,5.0
2017-07-14 07:50:00+00:00,ioos:station:wmo:42019:1,27.907,-95.353,1018.1,29.5,NULL,30.3,4.0
2017-07-14 08:50:00+00:00,ioos:station:wmo:42019:1,27.907,-95.353,1018.1,29.4,NULL,30.4,3.0
2017-07-14 09:50:00+00:00,ioos:station:wmo:42019:1,27.907,-95.353,1018.0,29.5,NULL,30.3,3.0
2017-07-14 10:50:00+00:00,ioos:station:wmo:42019:1,27.907,-95.353,1018.3,29.4,NULL,30.3,2.0
2017-07-14 11:50:00+00:00,ioos:station:wmo:42019:1,27.907,-95.353,1018.6,29.5,NULL,30.2,2.0
2017-07-14 12:50:00+00:00,ioos:station:wmo:42019:1,27.907,-95.353,1018.9,29.6,NULL,30.2,2.0
2017-07-14 13:50:00+00:00,ioos:station:wmo:42019:1,27.907,-95.353,1019.1,29.8,NULL,30.3,1.0
2017-07-14 14:50:00+00:00,ioos:station:wmo:42019:1,27.907,-95.353,1019.2,29.6,NULL,30.5,2.0
2017-07-14 15:50:00+00:00,ioos:station:wmo:42019:1,27.907,-95.353,1019.4,29.5,NULL,30.8,2.0
2017-07-14 16:50:00+00:00,ioos:station:wmo:42019:1,27.907,-95.353,1019.5,29.6,NULL,31.0,2.0
2017-07-14 18:50:00+00:00,ioos:station:wmo:42019:1,27.907,-95.353,1019.3,29.7,NULL,31.4,2.0
2017-07-14 19:50:00+00:00,ioos:station:wmo:42019:1,27.907,-95.353,1018.8,29.7,NULL,31.4,3.0
2017-07-14 20:50:00+00:00,ioos:station:wmo:42019:1,27.907,-95.353,1018.4,30.0,NULL,31.6,2.0
2017-07-14 21:50:00+00:00,ioos:station:wmo:42019:1,27.907,-95.353,1018.1,29.6,NULL,31.3,3.0
2017-07-14 23:50:00+00:00,ioos:station:wmo:42019:1,27.907,-95.353,1017.3,29.6,NULL,31.3,2.0
2017-07-15 00:50:00+00:00,ioos:station:wmo:42019:1,27.907,-95.353,1017.1,29.9,NULL,31.1,3.0
2017-07-15 01:50:00+00:00,ioos:station:wmo:42019:1,27.907,-95.353,1017.2,29.6,NULL,30.9,3.0
2017-07-15 02:50:00+00:00,ioos:station:wmo:42019:1,27.907,-95.353,1017.3,29.6,NULL,30.7,4.0
2017-07-15 03:50:00+00:00,ioos:station:wmo:42019:1,27.907,-95.353,1017.6,29.7,NULL,30.7,3.0
2017-07-15 04:50:00+00:00,ioos:station:wmo:42019:1,27.907,-95.353,1017.8,29.6,NULL,30.7,4.0
2017-07-15 05:50:00+00:00,ioos:station:wmo:42019:1,27.907,-95.353,1017.8,29.6,NULL,30.6,3.0
2017-07-15 06:50:00+00:00,ioos:station:wmo:42019:1,27.907,-95.353,1017.6,29.5,NULL,30.5,3.0
2017-07-15 07:50:00+00:00,ioos:station:wmo:42019:1,27.907,-95.353,1017.4,29.4,NULL,30.6,2.0
2017-07-15 08:50:00+00:00,ioos:station:wmo:42019:1,27.907,-95.353,1017.3,29.3,NULL,30.5,2.0
2017-07-15 09:50:00+00:00,ioos:station:wmo:42019:1,27.907,-95.353,1017.3,29.3,NULL,30.5,2.0
2017-07-15 10:50:00+00:00,ioos:station:wmo:42019:1,27.907,-95.353,1017.2,29.2,NULL,30.6,2.0
2017-07-15 11:50:00+00:00,ioos:station:wmo:42019:1,27.907,-95.353,1017.3,29.2,NULL,30.6,1.0
2017-07-15 12:50:00+00:00,ioos:station:wmo:42019:1,27.907,-95.353,1017.9,30.1,NULL,30.7,0.0
2017-07-15 13:50:00+00:00,ioos:station:wmo:42019:1,27.907,-95.353,1017.8,29.5,NULL,30.7,1.0
2017-07-15 14:50:00+00:00,ioos:station:wmo:42019:1,27.907,-95.353,1018.1,30.2,NULL,30.9,0.0
2017-07-15 16:50:00+00:00,ioos:station:wmo:42019:1,27.907,-95.353,1018.0,28.4,NULL,31.3,4.0
2017-07-15 17:50:00+00:00,ioos:station:wmo:42019:1,27.907,-95.353,1017.7,28.2,NULL,31.2,3.0
2017-07-15 18:50:00+00:00,ioos:station:wmo:42019:1,27.907,-95.353,1017.0,29.1,NULL,31.5,1.0
2017-07-15 19:50:00+00:00,ioos:station:wmo:42019:1,27.907,-95.353,1016.1,29.6,NULL,31.9,1.0
2017-07-15 20:50:00+00:00,ioos:station:wmo:42019:1,27.907,-95.353,1015.6,29.4,NULL,32.5,1.0
2017-07-15 21:50:00+00:00,ioos:station:wmo:42019:1,27.907,-95.353,1015.0,29.7,NULL,32.5,1.0
2017-07-15 22:50:00+00:00,ioos:station:wmo:42019:1,27.907,-95.353,1014.7,29.8,NULL,32.4,2.0
2017-07-15 23:50:00+00:00,ioos:station:wmo:42019:1,27.907,-95.353,1014.3,29.7,NULL,32.0,2.0
2017-07-16 00:50:00+00:00,ioos:station:wmo:42019:1,27.907,-95.353,1014.5,29.6,NULL,31.6,1.0
2017-07-16 01:50:00+00:00,ioos:station:wmo:42019:1,27.907,-95.353,1014.2,27.1,NULL,31.7,9.0
2017-07-16 02:50:00+00:00,ioos:station:wmo:42019:1,27.907,-95.353,1014.2,27.3,NULL,31.4,3.0
2017-07-16 03:50:00+00:00,ioos:station:wmo:42019:1,27.907,-95.353,1014.9,28.5,NULL,31.3,2.0
2017-07-16 04:50:00+00:00,ioos:station:wmo:42019:1,27.907,-95.353,1015.2,28.7,NULL,31.1,2.0
2017-07-16 06:50:00+00:00,ioos:station:wmo:42019:1,27.907,-95.353,1014.1,29.1,NULL,30.8,2.0
2017-07-16 07:50:00+00:00,ioos:station:wmo:42019:1,27.907,-95.353,1013.4,27.1,NULL,30.8,11.0
2017-07-16 08:50:00+00:00,ioos:station:wmo:42019:1,27.907,-95.353,1013.5,27.3,NULL,30.8,3.0
2017-07-16 09:50:00+00:00,ioos:station:wmo:42019:1,27.907,-95.353,1013.4,27.7,NULL,30.9,2.0
2017-07-16 10:50:00+00:00,ioos:station:wmo:42019:1,27.907,-95.353,1013.4,28.1,NULL,30.9,2.0
2017-07-16 11:50:00+00:00,ioos:station:wmo:42019:1,27.907,-95.353,1013.5,28.3,NULL,30.8,0.0
2017-07-16 12:50:00+00:00,ioos:station:wmo:42019:1,27.907,-95.353,1013.4,26.8,NULL,30.9,9.0
2017-07-16 13:50:00+00:00,ioos:station:wmo:42019:1,27.907,-95.353,1014.3,25.4,NULL,30.9,6.0
2017-07-16 14:50:00+00:00,ioos:station:wmo:42019:1,27.907,-95.353,1014.6,26.1,NULL,30.8,4.0
2017-07-16 15:50:00+00:00,ioos:station:wmo:42019:1,27.907,-95.353,1014.6,26.7,NULL,30.7,4.0
2017-07-16 16:50:00+00:00,ioos:station:wmo:42019:1,27.907,-95.353,1014.9,27.4,NULL,30.6,4.0
2017-07-16 17:50:00+00:00,ioos:station:wmo:42019:1,27.907,-95.353,1014.8,27.6,NULL,30.6,3.0
2017-07-16 18:50:00+00:00,ioos:station:wmo:42019:1,27.907,-95.353,1013.8,27.8,NULL,30.7,2.0
2017-07-16 19:50:00+00:00,ioos:station:wmo:42019:1,27.907,-95.353,1013.5,28.0,NULL,30.9,2.0
2017-07-16 20:50:00+00:00,ioos:station:wmo:42019:1,27.907,-95.353,1012.9,27.8,NULL,30.8,2.0
2017-07-16 21:50:00+00:00,ioos:station:wmo:42019:1,27.907,-95.353,1011.9,27.7,NULL,30.7,2.0
2017-07-16 22:50:00+00:00,ioos:station:wmo:42019:1,27.907,-95.353,1011.6,27.6,NULL,30.8,2.0
2017-07-16 23:50:00+00:00,ioos:station:wmo:42019:1,27.907,-95.353,1011.3,27.7,NULL,30.7,2.0
2017-07-17 00:50:00+00:00,ioos:station:wmo:42019:1,27.907,-95.353,1011.8,27.8,NULL,30.4,2.0
2017-07-17 01:50:00+00:00,ioos:station:wmo:42019:1,27.907,-95.353,1012.1,27.9,NULL,30.4,2.0
2017-07-17 03:50:00+00:00,ioos:station:wmo:42019:1,27.907,-95.353,1012.5,28.2,NULL,30.6,4.0
2017-07-17 04:50:00+00:00,ioos:station:wmo:42019:1,27.907,-95.353,1012.8,28.4,NULL,30.6,5.0
2017-07-17 05:50:00+00:00,ioos:station:wmo:42019:1,27.907,-95.353,1012.8,28.5,NULL,30.6,6.0
2017-07-17 06:50:00+00:00,ioos:station:wmo:42019:1,27.907,-95.353,1012.4,28.6,NULL,30.6,7.0
2017-07-17 07:50:00+00:00,ioos:station:wmo:42019:1,27.907,-95.353,1012.0,28.6,NULL,30.5,6.0
2017-07-17 08:50:00+00:00,ioos:station:wmo:42019:1,27.907,-95.353,1012.1,28.6,NULL,30.4,4.0
2017-07-17 09:50:00+00:00,ioos:station:wmo:42019:1,27.907,-95.353,1011.9,28.6,NULL,30.4,6.0
2017-07-17 10:50:00+00:00,ioos:station:wmo:42019:1,27.907,-95.353,1012.3,28.7,NULL,30.3,5.0
2017-07-17 11:50:00+00:00,ioos:station:wmo:42019:1,27.907,-95.353,1012.7,28.7,NULL,30.3,4.0
2017-07-17 12:50:00+00:00,ioos:station:wmo:42019:1,27.907,-95.353,1013.0,28.9,NULL,30.3,4.0
2017-07-17 13:50:00+00:00,ioos:station:wmo:42019:1,27.907,-95.353,1013.7,29.1,NULL,30.3,4.0
2017-07-17 14:50:00+00:00,ioos:station:wmo:42019:1,27.907,-95.353,1013.9,28.9,NULL,30.3,3.0
2017-07-17 15:50:00+00:00,ioos:station:wmo:42019:1,27.907,-95.353,1014.2,29.1,NULL,30.5,3.0
2017-07-17 16:50:00+00:00,ioos:station:wmo:42019:1,27.907,-95.353,1014.6,29.2,NULL,30.7,2.0
2017-07-17 17:50:00+00:00,ioos:station:wmo:42019:1,27.907,-95.353,1014.2,29.2,NULL,31.1,2.0
2017-07-17 18:50:00+00:00,ioos:station:wmo:42019:1,27.907,-95.353,1014.1,29.4,NULL,31.7,1.0
2017-07-17 19:50:00+00:00,ioos:station:wmo:42019:1,27.907,-95.353,1013.7,29.8,NULL,32.3,1.0
2017-07-17 20:50:00+00:00,ioos:station:wmo:42019:1,27.907,-95.353,1013.5,29.5,NULL,32.3,2.0
2017-07-17 21:50:00+00:00,ioos:station:wmo:42019:1,27.907,-95.353,1013.0,29.6,NULL,32.2,3.0
2017-07-17 23:50:00+00:00,ioos:station:wmo:42019:1,27.907,-95.353,1012.6,29.7,NULL,31.1,4.0
2017-07-18 00:50:00+00:00,ioos:station:wmo:42019:1,27.907,-95.353,1012.4,29.6,NULL,31.1,3.0
2017-07-18 01:50:00+00:00,ioos:station:wmo:42019:1,27.907,-95.353,1013.0,29.6,NULL,30.9,3.0
2017-07-18 02:50:00+00:00,ioos:station:wmo:42019:1,27.907,-95.353,1013.4,29.6,NULL,31.0,3.0
2017-07-18 03:50:00+00:00,ioos:station:wmo:42019:1,27.907,-95.353,1014.1,29.6,NULL,30.8,5.0
2017-07-18 04:50:00+00:00,ioos:station:wmo:42019:1,27.907,-95.353,1014.3,29.5,NULL,30.6,6.0
2017-07-18 05:50:00+00:00,ioos:station:wmo:42019:1,27.907,-95.353,1014.4,29.4,NULL,30.5,6.0
2017-07-18 06:50:00+00:00,ioos:station:wmo:42019:1,27.907,-95.353,1014.3,29.3,NULL,30.5,7.0
2017-07-18 07:50:00+00:00,ioos:station:wmo:42019:1,27.907,-95.353,1014.8,29.2,NULL,30.5,5.0
2017-07-18 08:50:00+00:00,ioos:station:wmo:42019:1,27.907,-95.353,1014.6,29.2,NULL,30.4,6.0
2017-07-18 09:50:00+00:00,ioos:station:wmo:42019:1,27.907,-95.353,1014.8,29.2,NULL,30.4,5.0
2017-07-18 10:50:00+00:00,ioos:station:wmo:42019:1,27.907,-95.353,1014.8,29.1,NULL,30.4,5.0
2017-07-18 11:50:00+00:00,ioos:station:wmo:42019:1,27.907,-95.353,1015.5,28.8,NULL,30.3,5.0
2017-07-18 12:50:00+00:00,ioos:station:wmo:42019:1,27.907,-95.353,1015.7,29.1,NULL,30.4,3.0
2017-07-18 13:50:00+00:00,ioos:station:wmo:42019:1,27.907,-95.353,1016.7,29.2,NULL,30.4,3.0
2017-07-18 14:50:00+00:00,ioos:station:wmo:42019:1,27.907,-95.353,1017.3,29.4,NULL,30.5,2.0
2017-07-18 15:50:00+00:00,ioos:station:wmo:42019:1,27.907,-95.353,1017.9,29.3,NULL,30.6,2.0
2017-07-18 16:50:00+00:00,ioos:station:wmo:42019:1,27.907,-95.353,1018.3,29.4,NULL,30.8,3.0
2017-07-18 17:50:00+00:00,ioos:station:wmo:42019:1,27.907,-95.353,1018.1,29.5,NULL,31.0,2.0
2017-07-18 19:50:00+00:00,ioos:station:wmo:42019:1,27.907,-95.353,1016.7,29.6,NULL,31.5,3.0
2017-07-18 20:50:00+00:00,ioos:station:wmo:42019:1,27.907,-95.353,1016.1,29.8,NULL,31.4,5.0
2017-07-18 21:50:00+00:00,ioos:station:wmo:42019:1,27.907,-95.353,1016.0,29.9,NULL,31.1,5.0
2017-07-18 22:50:00+00:00,ioos:station:wmo:42019:1,27.907,-95.353,1015.8,30.1,NULL,31.2,4.0
2017-07-18 23:50:00+00:00,ioos:station:wmo:42019:1,27.907,-95.353,1015.8,30.2,NULL,31.2,4.0
2017-07-19 00:50:00+00:00,ioos:station:wmo:42019:1,27.907,-95.353,1016.2,30.1,NULL,31.1,4.0
2017-07-19 01:50:00+00:00,ioos:station:wmo:42019:1,27.907,-95.353,1016.7,30.2,NULL,31.0,5.0
2017-07-19 02:50:00+00:00,ioos:station:wmo:42019:1,27.907,-95.353,1017.0,30.1,NULL,31.0,5.0
2017-07-19 03:50:00+00:00,ioos:station:wmo:42019:1,27.907,-95.353,1017.5,29.2,NULL,30.9,7.0
2017-07-19 04:50:00+00:00,ioos:station:wmo:42019:1,27.907,-95.353,1017.8,29.4,NULL,30.8,4.0
2017-07-19 05:50:00+00:00,ioos:station:wmo:42019:1,27.907,-95.353,1017.8,29.7,NULL,30.7,6.0
2017-07-19 06:50:00+00:00,ioos:station:wmo:42019:1,27.907,-95.353,1017.7,29.5,NULL,30.7,6.0
2017-07-19 07:50:00+00:00,ioos:station:wmo:42019:1,27.907,-95.353,1017.6,29.7,NULL,30.7,7.0
2017-07-19 08:50:00+00:00,ioos:station:wmo:42019:1,27.907,-95.353,1017.4,29.5,NULL,30.7,8.0
2017-07-19 09:50:00+00:00,ioos:station:wmo:42019:1,27.907,-95.353,1017.6,29.4,NULL,30.6,5.0
2017-07-19 10:50:00+00:00,ioos:station:wmo:42019:1,27.907,-95.353,1018.0,29.4,NULL,30.7,4.0
2017-07-19 12:50:00+00:00,ioos:station:wmo:42019:1,27.907,-95.353,1019.3,29.6,NULL,30.6,4.0
2017-07-19 13:50:00+00:00,ioos:station:wmo:42019:1,27.907,-95.353,1020.2,29.6,NULL,30.6,3.0
2017-07-19 14:50:00+00:00,ioos:station:wmo:42019:1,27.907,-95.353,1020.6,29.7,NULL,30.6,3.0
2017-07-19 15:50:00+00:00,ioos:station:wmo:42019:1,27.907,-95.353,1020.8,29.6,NULL,30.9,3.0
2017-07-19 19:50:00+00:00,ioos:station:wmo:42019:1,27.907,-95.353,1019.6,29.9,NULL,31.5,1.0
2017-07-19 21:50:00+00:00,ioos:station:wmo:42019:1,27.907,-95.353,1018.5,30.1,NULL,31.6,2.0
2017-07-20 03:50:00+00:00,ioos:station:wmo:42019:1,27.907,-95.353,1018.5,30.0,NULL,31.3,4.0
2017-07-20 04:50:00+00:00,ioos:station:wmo:42019:1,27.907,-95.353,1018.6,30.1,NULL,31.3,5.0
2017-07-20 05:50:00+00:00,ioos:station:wmo:42019:1,27.907,-95.353,1018.6,30.1,NULL,31.3,6.0
2017-07-20 06:50:00+00:00,ioos:station:wmo:42019:1,27.907,-95.353,1018.6,30.0,NULL,31.2,6.0
2017-07-20 07:50:00+00:00,ioos:station:wmo:42019:1,27.907,-95.353,1018.2,30.0,NULL,31.1,6.0
2017-07-20 08:50:00+00:00,ioos:station:wmo:42019:1,27.907,-95.353,1018.3,29.9,NULL,30.9,6.0
2017-07-20 09:50:00+00:00,ioos:station:wmo:42019:1,27.907,-95.353,1018.2,29.3,NULL,30.8,6.0
2017-07-20 10:50:00+00:00,ioos:station:wmo:42019:1,27.907,-95.353,1018.8,29.7,NULL,30.8,5.0
2017-07-20 12:50:00+00:00,ioos:station:wmo:42019:1,27.907,-95.353,1019.6,29.6,NULL,30.6,2.0
2017-07-20 14:50:00+00:00,ioos:station:wmo:42019:1,27.907,-95.353,1020.1,29.6,NULL,30.6,2.0
2017-07-20 15:50:00+00:00,ioos:station:wmo:42019:1,27.907,-95.353,1020.4,29.9,NULL,30.8,0.0
2017-07-20 16:50:00+00:00,ioos:station:wmo:42019:1,27.907,-95.353,1020.4,30.1,NULL,31.8,1.0
2017-07-20 17:50:00+00:00,ioos:station:wmo:42019:1,27.907,-95.353,1019.8,29.8,NULL,32.4,1.0
2017-07-20 18:50:00+00:00,ioos:station:wmo:42019:1,27.907,-95.353,1019.2,29.9,NULL,32.2,2.0
2017-07-20 19:50:00+00:00,ioos:station:wmo:42019:1,27.907,-95.353,1018.8,30.2,NULL,33.1,1.0
2017-07-20 20:50:00+00:00,ioos:station:wmo:42019:1,27.907,-95.353,1018.3,30.5,NULL,32.7,1.0
2017-07-20 21:50:00+00:00,ioos:station:wmo:42019:1,27.907,-95.353,1017.9,30.4,NULL,32.4,2.0
2017-07-20 23:50:00+00:00,ioos:station:wmo:42019:1,27.907,-95.353,1016.9,30.6,NULL,31.9,2.0
2017-07-21 00:50:00+00:00,ioos:station:wmo:42019:1,27.907,-95.353,1016.6,30.4,NULL,31.5,3.0
2017-07-21 01:50:00+00:00,ioos:station:wmo:42019:1,27.907,-95.353,1016.2,30.0,NULL,31.4,5.0
2017-07-21 02:50:00+00:00,ioos:station:wmo:42019:1,27.907,-95.353,1016.6,30.0,NULL,31.3,5.0
2017-07-21 03:50:00+00:00,ioos:station:wmo:42019:1,27.907,-95.353,1017.0,30.2,NULL,31.1,5.0
2017-07-21 05:50:00+00:00,ioos:station:wmo:42019:1,27.907,-95.353,1016.7,30.1,NULL,30.9,6.0
2017-07-21 06:50:00+00:00,ioos:station:wmo:42019:1,27.907,-95.353,1016.1,30.0,NULL,30.8,6.0
2017-07-21 07:50:00+00:00,ioos:station:wmo:42019:1,27.907,-95.353,1015.8,29.7,NULL,30.7,6.0
2017-07-21 08:50:00+00:00,ioos:station:wmo:42019:1,27.907,-95.353,1015.7,29.7,NULL,30.6,5.0
2017-07-21 09:50:00+00:00,ioos:station:wmo:42019:1,27.907,-95.353,1015.4,29.5,NULL,30.5,5.0
2017-07-21 11:50:00+00:00,ioos:station:wmo:42019:1,27.907,-95.353,1016.1,29.5,NULL,30.7,3.0
2017-07-21 12:50:00+00:00,ioos:station:wmo:42019:1,27.907,-95.353,1016.8,29.7,NULL,30.6,2.0
2017-07-21 14:50:00+00:00,ioos:station:wmo:42019:1,27.907,-95.353,1017.5,29.7,NULL,30.8,2.0
2017-07-21 15:50:00+00:00,ioos:station:wmo:42019:1,27.907,-95.353,1017.4,30.1,NULL,31.2,0.0
2017-07-21 16:50:00+00:00,ioos:station:wmo:42019:1,27.907,-95.353,1017.6,30.0,NULL,31.6,1.0
2017-07-21 17:50:00+00:00,ioos:station:wmo:42019:1,27.907,-95.353,1017.4,30.0,NULL,31.9,1.0
2017-07-21 18:50:00+00:00,ioos:station:wmo:42019:1,27.907,-95.353,1017.0,30.0,NULL,31.9,1.0
2017-07-21 19:50:00+00:00,ioos:station:wmo:42019:1,27.907,-95.353,1016.4,30.0,NULL,31.9,3.0
2017-07-21 20:50:00+00:00,ioos:station:wmo:42019:1,27.907,-95.353,1016.0,30.2,NULL,31.8,3.0
2017-07-21 21:50:00+00:00,ioos:station:wmo:42019:1,27.907,-95.353,1015.4,30.2,NULL,31.5,3.0
2017-07-21 22:50:00+00:00,ioos:station:wmo:42019:1,27.907,-95.353,1014.8,30.1,NULL,31.5,4.0
2017-07-22 00:50:00+00:00,ioos:station:wmo:42019:1,27.907,-95.353,1014.7,29.4,NULL,31.3,4.0
2017-07-22 01:50:00+00:00,ioos:station:wmo:42019:1,27.907,-95.353,1014.4,29.8,NULL,31.0,4.0
2017-07-22 02:50:00+00:00,ioos:station:wmo:42019:1,27.907,-95.353,1014.3,29.8,NULL,30.8,4.0
2017-07-22 03:50:00+00:00,ioos:station:wmo:42019:1,27.907,-95.353,1015.0,29.9,NULL,30.8,4.0
2017-07-22 04:50:00+00:00,ioos:station:wmo:42019:1,27.907,-95.353,1015.1,29.8,NULL,30.7,5.0
2017-07-22 06:50:00+00:00,ioos:station:wmo:42019:1,27.907,-95.353,1014.5,29.7,NULL,30.6,6.0
2017-07-22 07:50:00+00:00,ioos:station:wmo:42019:1,27.907,-95.353,1014.0,29.5,NULL,30.5,6.0
2017-07-22 08:50:00+00:00,ioos:station:wmo:42019:1,27.907,-95.353,1014.0,29.5,NULL,30.4,6.0
2017-07-22 09:50:00+00:00,ioos:station:wmo:42019:1,27.907,-95.353,1014.0,29.4,NULL,30.3,6.0
2017-07-22 10:50:00+00:00,ioos:station:wmo:42019:1,27.907,-95.353,1014.4,29.4,NULL,30.3,6.0
2017-07-22 11:50:00+00:00,ioos:station:wmo:42019:1,27.907,-95.353,1014.7,29.3,NULL,30.3,5.0
2017-07-22 12:50:00+00:00,ioos:station:wmo:42019:1,27.907,-95.353,1014.8,29.4,NULL,30.3,6.0
2017-07-22 13:50:00+00:00,ioos:station:wmo:42019:1,27.907,-95.353,1015.3,29.5,NULL,30.3,6.0
2017-07-22 15:50:00+00:00,ioos:station:wmo:42019:1,27.907,-95.353,1016.3,29.4,NULL,30.2,5.0
2017-07-22 16:50:00+00:00,ioos:station:wmo:42019:1,27.907,-95.353,1016.2,29.3,NULL,30.2,4.0
2017-07-22 18:50:00+00:00,ioos:station:wmo:42019:1,27.907,-95.353,1015.5,29.5,NULL,30.1,4.0
2017-07-22 19:50:00+00:00,ioos:station:wmo:42019:1,27.907,-95.353,1014.7,29.5,NULL,30.1,5.0
2017-07-22 20:50:00+00:00,ioos:station:wmo:42019:1,27.907,-95.353,1014.1,29.5,NULL,30.1,6.0
2017-07-22 21:50:00+00:00,ioos:station:wmo:42019:1,27.907,-95.353,1013.6,29.5,NULL,30.1,6.0
2017-07-22 22:50:00+00:00,ioos:station:wmo:42019:1,27.907,-95.353,1013.6,29.7,NULL,30.1,5.0
2017-07-22 23:50:00+00:00,ioos:station:wmo:42019:1,27.907,-95.353,1013.3,29.6,NULL,30.1,5.0
2017-07-23 00:50:00+00:00,ioos:station:wmo:42019:1,27.907,-95.353,1013.3,29.5,NULL,30.1,5.0
2017-07-23 01:50:00+00:00,ioos:station:wmo:42019:1,27.907,-95.353,1013.2,29.5,NULL,30.1,7.0
2017-07-23 02:50:00+00:00,ioos:station:wmo:42019:1,27.907,-95.353,1013.7,29.6,NULL,30.0,7.0
2017-07-23 03:50:00+00:00,ioos:station:wmo:42019:1,27.907,-95.353,1014.0,29.6,NULL,29.9,7.0
2017-07-23 04:50:00+00:00,ioos:station:wmo:42019:1,27.907,-95.353,1014.3,29.5,NULL,29.9,8.0
2017-07-23 05:50:00+00:00,ioos:station:wmo:42019:1,27.907,-95.353,1014.6,29.6,NULL,29.8,7.0
2017-07-23 06:50:00+00:00,ioos:station:wmo:42019:1,27.907,-95.353,1014.0,29.7,NULL,29.8,8.0
2017-07-23 07:50:00+00:00,ioos:station:wmo:42019:1,27.907,-95.353,1013.8,29.5,NULL,29.8,7.0
2017-07-23 09:50:00+00:00,ioos:station:wmo:42019:1,27.907,-95.353,1012.6,29.4,NULL,29.7,8.0
2017-07-23 10:50:00+00:00,ioos:station:wmo:42019:1,27.907,-95.353,1013.0,29.5,NULL,29.7,9.0
2017-07-23 12:50:00+00:00,ioos:station:wmo:42019:1,27.907,-95.353,1013.6,29.6,NULL,29.8,10.0
2017-07-23 13:50:00+00:00,ioos:station:wmo:42019:1,27.907,-95.353,1014.0,29.7,NULL,29.8,8.0
2017-07-23 14:50:00+00:00,ioos:station:wmo:42019:1,27.907,-95.353,1014.4,29.7,NULL,29.8,9.0
2017-07-23 15:50:00+00:00,ioos:station:wmo:42019:1,27.907,-95.353,1014.5,29.7,NULL,29.9,9.0
2017-07-23 16:50:00+00:00,ioos:station:wmo:42019:1,27.907,-95.353,1014.9,29.8,NULL,30.0,8.0
2017-07-23 18:50:00+00:00,ioos:station:wmo:42019:1,27.907,-95.353,1014.9,29.9,NULL,30.1,7.0
2017-07-23 19:50:00+00:00,ioos:station:wmo:42019:1,27.907,-95.353,1014.3,29.9,NULL,30.1,8.0
2017-07-23 20:50:00+00:00,ioos:station:wmo:42019:1,27.907,-95.353,1013.6,29.8,NULL,30.1,8.0
2017-07-23 21:50:00+00:00,ioos:station:wmo:42019:1,27.907,-95.353,1012.9,29.8,NULL,30.1,8.0
2017-07-23 23:50:00+00:00,ioos:station:wmo:42019:1,27.907,-95.353,1012.7,29.7,NULL,30.0,7.0
2017-07-24 00:50:00+00:00,ioos:station:wmo:42019:1,27.907,-95.353,1013.1,29.7,NULL,29.9,7.0
2017-07-24 01:50:00+00:00,ioos:station:wmo:42019:1,27.907,-95.353,1013.3,29.6,NULL,29.8,8.0
2017-07-24 02:50:00+00:00,ioos:station:wmo:42019:1,27.907,-95.353,1013.3,29.6,NULL,29.9,8.0
2017-07-24 03:50:00+00:00,ioos:station:wmo:42019:1,27.907,-95.353,1013.9,29.6,NULL,29.9,7.0
2017-07-24 05:50:00+00:00,ioos:station:wmo:42019:1,27.907,-95.353,1014.3,29.6,NULL,29.8,8.0
2017-07-24 06:50:00+00:00,ioos:station:wmo:42019:1,27.907,-95.353,1013.6,29.5,NULL,29.8,9.0
2017-07-24 07:50:00+00:00,ioos:station:wmo:42019:1,27.907,-95.353,1013.6,29.5,NULL,29.8,8.0
2017-07-24 08:50:00+00:00,ioos:station:wmo:42019:1,27.907,-95.353,1013.9,29.5,NULL,29.7,8.0
2017-07-24 09:50:00+00:00,ioos:station:wmo:42019:1,27.907,-95.353,1014.0,29.5,NULL,29.7,8.0
2017-07-24 10:50:00+00:00,ioos:station:wmo:42019:1,27.907,-95.353,1014.4,29.5,NULL,29.7,7.0
2017-07-24 11:50:00+00:00,ioos:station:wmo:42019:1,27.907,-95.353,1014.5,29.4,NULL,29.7,8.0
2017-07-24 12:50:00+00:00,ioos:station:wmo:42019:1,27.907,-95.353,1014.8,29.4,NULL,29.7,8.0
2017-07-24 14:50:00+00:00,ioos:station:wmo:42019:1,27.907,-95.353,1015.8,29.5,NULL,29.8,8.0
2017-07-24 15:50:00+00:00,ioos:station:wmo:42019:1,27.907,-95.353,1016.2,29.5,NULL,29.8,7.0
2017-07-24 17:50:00+00:00,ioos:station:wmo:42019:1,27.907,-95.353,1016.5,29.5,NULL,29.9,6.0
2017-07-24 18:50:00+00:00,ioos:station:wmo:42019:1,27.907,-95.353,1016.2,29.5,NULL,30.0,5.0
2017-07-24 19:50:00+00:00,ioos:station:wmo:42019:1,27.907,-95.353,1016.1,29.6,NULL,30.0,4.0
2017-07-24 20:50:00+00:00,ioos:station:wmo:42019:1,27.907,-95.353,1015.6,29.6,NULL,30.1,5.0
2017-07-24 21:50:00+00:00,ioos:station:wmo:42019:1,27.907,-95.353,1015.3,29.6,NULL,30.2,5.0
2017-07-24 22:50:00+00:00,ioos:station:wmo:42019:1,27.907,-95.353,1014.8,29.7,NULL,30.2,7.0
2017-07-25 00:50:00+00:00,ioos:station:wmo:42019:1,27.907,-95.353,1015.1,29.4,NULL,30.2,6.0
2017-07-25 02:50:00+00:00,ioos:station:wmo:42019:1,27.907,-95.353,1015.8,29.3,NULL,30.1,7.0
2017-07-25 03:50:00+00:00,ioos:station:wmo:42019:1,27.907,-95.353,1016.5,29.3,NULL,30.1,7.0
2017-07-25 04:50:00+00:00,ioos:station:wmo:42019:1,27.907,-95.353,1016.8,29.4,NULL,30.0,7.0
2017-07-25 05:50:00+00:00,ioos:station:wmo:42019:1,27.907,-95.353,1017.0,29.5,NULL,30.0,7.0
2017-07-25 06:50:00+00:00,ioos:station:wmo:42019:1,27.907,-95.353,1016.7,29.4,NULL,29.9,7.0
2017-07-25 07:50:00+00:00,ioos:station:wmo:42019:1,27.907,-95.353,1016.8,29.4,NULL,29.9,7.0
2017-07-25 08:50:00+00:00,ioos:station:wmo:42019:1,27.907,-95.353,1016.7,29.5,NULL,29.9,7.0
2017-07-25 09:50:00+00:00,ioos:station:wmo:42019:1,27.907,-95.353,1017.1,29.4,NULL,29.8,7.0
2017-07-25 10:50:00+00:00,ioos:station:wmo:42019:1,27.907,-95.353,1017.5,29.4,NULL,29.8,6.0
2017-07-25 11:50:00+00:00,ioos:station:wmo:42019:1,27.907,-95.353,1017.8,29.3,NULL,29.8,6.0
2017-07-25 12:50:00+00:00,ioos:station:wmo:42019:1,27.907,-95.353,1018.1,29.5,NULL,29.9,7.0
2017-07-25 13:50:00+00:00,ioos:station:wmo:42019:1,27.907,-95.353,1018.8,29.6,NULL,29.9,4.0
2017-07-25 14:50:00+00:00,ioos:station:wmo:42019:1,27.907,-95.353,1019.1,29.7,NULL,29.9,6.0
2017-07-25 15:50:00+00:00,ioos:station:wmo:42019:1,27.907,-95.353,1019.1,29.5,NULL,29.9,5.0
2017-07-25 17:50:00+00:00,ioos:station:wmo:42019:1,27.907,-95.353,1018.9,29.5,NULL,30.0,6.0
2017-07-25 18:50:00+00:00,ioos:station:wmo:42019:1,27.907,-95.353,1018.8,29.7,NULL,30.1,6.0
2017-07-25 19:50:00+00:00,ioos:station:wmo:42019:1,27.907,-95.353,1018.5,29.9,NULL,30.2,6.0
2017-07-25 20:50:00+00:00,ioos:station:wmo:42019:1,27.907,-95.353,1018.0,29.8,NULL,30.3,5.0
2017-07-25 21:50:00+00:00,ioos:station:wmo:42019:1,27.907,-95.353,1017.9,30.0,NULL,30.3,5.0
2017-07-25 22:50:00+00:00,ioos:station:wmo:42019:1,27.907,-95.353,1017.5,30.2,NULL,30.3,6.0
2017-07-25 23:50:00+00:00,ioos:station:wmo:42019:1,27.907,-95.353,1017.4,30.0,NULL,30.2,5.0
2017-07-26 00:50:00+00:00,ioos:station:wmo:42019:1,27.907,-95.353,1017.9,29.8,NULL,30.2,5.0
2017-07-26 01:50:00+00:00,ioos:station:wmo:42019:1,27.907,-95.353,1018.2,29.8,NULL,30.2,5.0
2017-07-26 02:50:00+00:00,ioos:station:wmo:42019:1,27.907,-95.353,1019.1,26.3,NULL,30.1,13.0
2017-07-26 04:50:00+00:00,ioos:station:wmo:42019:1,27.907,-95.353,1018.5,27.4,NULL,30.0,4.0
2017-07-26 05:50:00+00:00,ioos:station:wmo:42019:1,27.907,-95.353,1017.9,27.7,NULL,30.0,5.0
2017-07-26 06:50:00+00:00,ioos:station:wmo:42019:1,27.907,-95.353,1017.3,28.0,NULL,30.0,6.0
2017-07-26 07:50:00+00:00,ioos:station:wmo:42019:1,27.907,-95.353,1017.6,28.0,NULL,30.0,5.0
2017-07-26 08:50:00+00:00,ioos:station:wmo:42019:1,27.907,-95.353,1017.9,28.2,NULL,30.0,5.0
2017-07-26 09:50:00+00:00,ioos:station:wmo:42019:1,27.907,-95.353,1018.2,28.4,NULL,30.0,5.0
2017-07-26 11:50:00+00:00,ioos:station:wmo:42019:1,27.907,-95.353,1018.8,28.7,NULL,29.9,4.0
2017-07-26 12:50:00+00:00,ioos:station:wmo:42019:1,27.907,-95.353,1019.1,28.9,NULL,29.9,4.0
2017-07-26 13:50:00+00:00,ioos:station:wmo:42019:1,27.907,-95.353,1019.6,29.0,NULL,29.9,3.0
2017-07-26 14:50:00+00:00,ioos:station:wmo:42019:1,27.907,-95.353,1019.7,29.0,NULL,29.9,3.0
2017-07-26 16:50:00+00:00,ioos:station:wmo:42019:1,27.907,-95.353,1019.6,29.2,NULL,30.2,3.0
2017-07-26 17:50:00+00:00,ioos:station:wmo:42019:1,27.907,-95.353,1019.5,29.1,NULL,30.3,5.0
2017-07-26 18:50:00+00:00,ioos:station:wmo:42019:1,27.907,-95.353,1019.1,29.2,NULL,30.3,4.0
2017-07-26 19:50:00+00:00,ioos:station:wmo:42019:1,27.907,-95.353,1018.6,29.6,NULL,30.3,4.0
2017-07-26 20:50:00+00:00,ioos:station:wmo:42019:1,27.907,-95.353,1018.3,29.6,NULL,30.4,3.0
2017-07-26 21:50:00+00:00,ioos:station:wmo:42019:1,27.907,-95.353,1018.2,29.7,NULL,30.4,4.0
2017-07-26 22:50:00+00:00,ioos:station:wmo:42019:1,27.907,-95.353,1018.0,29.8,NULL,30.3,4.0
2017-07-26 23:50:00+00:00,ioos:station:wmo:42019:1,27.907,-95.353,1017.2,29.8,NULL,30.2,3.0
2017-07-27 01:50:00+00:00,ioos:station:wmo:42019:1,27.907,-95.353,1017.4,29.6,NULL,30.1,5.0
2017-07-27 02:50:00+00:00,ioos:station:wmo:42019:1,27.907,-95.353,1017.5,29.6,NULL,30.1,6.0
2017-07-27 03:50:00+00:00,ioos:station:wmo:42019:1,27.907,-95.353,1017.8,29.4,NULL,30.1,7.0
2017-07-27 04:50:00+00:00,ioos:station:wmo:42019:1,27.907,-95.353,1017.8,29.4,NULL,30.0,6.0
2017-07-27 06:50:00+00:00,ioos:station:wmo:42019:1,27.907,-95.353,1017.0,29.3,NULL,30.0,5.0
2017-07-27 07:50:00+00:00,ioos:station:wmo:42019:1,27.907,-95.353,1016.4,29.2,NULL,30.0,4.0
2017-07-27 08:50:00+00:00,ioos:station:wmo:42019:1,27.907,-95.353,1016.3,29.2,NULL,30.0,4.0
2017-07-27 09:50:00+00:00,ioos:station:wmo:42019:1,27.907,-95.353,1016.4,29.2,NULL,29.8,4.0
2017-07-27 10:50:00+00:00,ioos:station:wmo:42019:1,27.907,-95.353,1016.8,29.0,NULL,29.8,3.0
2017-07-27 12:50:00+00:00,ioos:station:wmo:42019:1,27.907,-95.353,1017.5,29.0,NULL,29.9,3.0
2017-07-27 14:50:00+00:00,ioos:station:wmo:42019:1,27.907,-95.353,1017.5,29.2,NULL,29.8,4.0
2017-07-27 15:50:00+00:00,ioos:station:wmo:42019:1,27.907,-95.353,1017.7,29.2,NULL,29.9,3.0
2017-07-27 16:50:00+00:00,ioos:station:wmo:42019:1,27.907,-95.353,1018.1,29.3,NULL,30.2,2.0
2017-07-27 17:50:00+00:00,ioos:station:wmo:42019:1,27.907,-95.353,1018.3,29.3,NULL,30.4,2.0
2017-07-27 18:50:00+00:00,ioos:station:wmo:42019:1,27.907,-95.353,1017.8,29.4,NULL,30.9,2.0
2017-07-27 19:50:00+00:00,ioos:station:wmo:42019:1,27.907,-95.353,1017.3,29.5,NULL,31.0,2.0
2017-07-27 20:50:00+00:00,ioos:station:wmo:42019:1,27.907,-95.353,1016.6,29.5,NULL,30.8,4.0
2017-07-27 21:50:00+00:00,ioos:station:wmo:42019:1,27.907,-95.353,1016.1,29.6,NULL,30.7,3.0
2017-07-27 22:50:00+00:00,ioos:station:wmo:42019:1,27.907,-95.353,1015.3,29.7,NULL,30.5,3.0
2017-07-28 00:50:00+00:00,ioos:station:wmo:42019:1,27.907,-95.353,1014.8,29.5,NULL,30.2,4.0
2017-07-28 01:50:00+00:00,ioos:station:wmo:42019:1,27.907,-95.353,1015.0,29.4,NULL,30.3,5.0
2017-07-28 02:50:00+00:00,ioos:station:wmo:42019:1,27.907,-95.353,1014.9,29.4,NULL,30.3,5.0
2017-07-28 03:50:00+00:00,ioos:station:wmo:42019:1,27.907,-95.353,1014.9,29.4,NULL,30.3,6.0
2017-07-28 04:50:00+00:00,ioos:station:wmo:42019:1,27.907,-95.353,1014.9,29.4,NULL,30.2,6.0
2017-07-28 05:50:00+00:00,ioos:station:wmo:42019:1,27.907,-95.353,1014.5,29.2,NULL,30.2,6.0
2017-07-28 06:50:00+00:00,ioos:station:wmo:42019:1,27.907,-95.353,1014.3,29.1,NULL,30.1,6.0
2017-07-28 07:50:00+00:00,ioos:station:wmo:42019:1,27.907,-95.353,1014.3,29.1,NULL,30.0,6.0
2017-07-28 08:50:00+00:00,ioos:station:wmo:42019:1,27.907,-95.353,1014.5,29.1,NULL,30.0,5.0
2017-07-28 09:50:00+00:00,ioos:station:wmo:42019:1,27.907,-95.353,1014.5,29.1,NULL,30.0,5.0
2017-07-28 10:50:00+00:00,ioos:station:wmo:42019:1,27.907,-95.353,1014.7,29.1,NULL,30.0,5.0
2017-07-28 11:50:00+00:00,ioos:station:wmo:42019:1,27.907,-95.353,1015.1,29.1,NULL,29.9,3.0
2017-07-28 12:50:00+00:00,ioos:station:wmo:42019:1,27.907,-95.353,1015.2,28.5,NULL,29.9,5.0
2017-07-28 13:50:00+00:00,ioos:station:wmo:42019:1,27.907,-95.353,1015.5,28.9,NULL,29.9,3.0
2017-07-28 19:50:00+00:00,ioos:station:wmo:42019:1,27.907,-95.353,1014.2,29.5,NULL,30.8,2.0
2017-07-28 20:50:00+00:00,ioos:station:wmo:42019:1,27.907,-95.353,1013.6,29.5,NULL,30.8,2.0
2017-07-28 21:50:00+00:00,ioos:station:wmo:42019:1,27.907,-95.353,1013.4,29.6,NULL,30.6,4.0
2017-07-28 23:50:00+00:00,ioos:station:wmo:42019:1,27.907,-95.353,1012.6,29.6,NULL,30.4,5.0
2017-07-29 00:50:00+00:00,ioos:station:wmo:42019:1,27.907,-95.353,1012.2,29.4,NULL,30.2,6.0
2017-07-29 02:50:00+00:00,ioos:station:wmo:42019:1,27.907,-95.353,1012.8,29.3,NULL,30.0,6.0
2017-07-29 04:50:00+00:00,ioos:station:wmo:42019:1,27.907,-95.353,1013.5,29.1,NULL,29.9,6.0
2017-07-29 05:50:00+00:00,ioos:station:wmo:42019:1,27.907,-95.353,1013.6,29.2,NULL,29.8,6.0
2017-07-29 06:50:00+00:00,ioos:station:wmo:42019:1,27.907,-95.353,1013.3,29.0,NULL,29.8,6.0
2017-07-29 07:50:00+00:00,ioos:station:wmo:42019:1,27.907,-95.353,1012.8,28.9,NULL,29.9,7.0
2017-07-29 08:50:00+00:00,ioos:station:wmo:42019:1,27.907,-95.353,1012.2,28.8,NULL,30.0,8.0
2017-07-29 09:50:00+00:00,ioos:station:wmo:42019:1,27.907,-95.353,1012.4,28.7,NULL,30.0,7.0
2017-07-29 10:50:00+00:00,ioos:station:wmo:42019:1,27.907,-95.353,1012.5,28.7,NULL,29.9,7.0
2017-07-29 11:50:00+00:00,ioos:station:wmo:42019:1,27.907,-95.353,1012.9,28.7,NULL,29.9,6.0
2017-07-29 12:50:00+00:00,ioos:station:wmo:42019:1,27.907,-95.353,1013.6,28.9,NULL,29.9,5.0
2017-07-29 13:50:00+00:00,ioos:station:wmo:42019:1,27.907,-95.353,1013.8,29.0,NULL,29.8,4.0
2017-07-29 14:50:00+00:00,ioos:station:wmo:42019:1,27.907,-95.353,1013.9,29.1,NULL,29.9,5.0
2017-07-29 15:50:00+00:00,ioos:station:wmo:42019:1,27.907,-95.353,1014.1,29.1,NULL,29.9,4.0
2017-07-29 16:50:00+00:00,ioos:station:wmo:42019:1,27.907,-95.353,1014.2,29.2,NULL,30.1,3.0
2017-07-29 17:50:00+00:00,ioos:station:wmo:42019:1,27.907,-95.353,1014.0,29.2,NULL,30.3,2.0
2017-07-29 19:50:00+00:00,ioos:station:wmo:42019:1,27.907,-95.353,1013.2,29.5,NULL,30.8,3.0
2017-07-29 20:50:00+00:00,ioos:station:wmo:42019:1,27.907,-95.353,1012.9,29.5,NULL,30.7,3.0
2017-07-29 21:50:00+00:00,ioos:station:wmo:42019:1,27.907,-95.353,1012.7,29.5,NULL,30.8,3.0
2017-07-29 23:50:00+00:00,ioos:station:wmo:42019:1,27.907,-95.353,1012.0,29.5,NULL,30.6,4.0
2017-07-30 00:50:00+00:00,ioos:station:wmo:42019:1,27.907,-95.353,1012.1,29.5,NULL,30.5,4.0
2017-07-30 01:50:00+00:00,ioos:station:wmo:42019:1,27.907,-95.353,1012.3,29.5,NULL,30.5,4.0
2017-07-30 02:50:00+00:00,ioos:station:wmo:42019:1,27.907,-95.353,1012.4,29.4,NULL,30.4,4.0
2017-07-30 03:50:00+00:00,ioos:station:wmo:42019:1,27.907,-95.353,1012.6,29.4,NULL,30.4,5.0
2017-07-30 04:50:00+00:00,ioos:station:wmo:42019:1,27.907,-95.353,1013.1,29.4,NULL,30.4,5.0
2017-07-30 05:50:00+00:00,ioos:station:wmo:42019:1,27.907,-95.353,1013.2,29.4,NULL,30.2,6.0
2017-07-30 06:50:00+00:00,ioos:station:wmo:42019:1,27.907,-95.353,1012.7,29.3,NULL,30.2,7.0
2017-07-30 08:50:00+00:00,ioos:station:wmo:42019:1,27.907,-95.353,1012.3,29.1,NULL,29.6,8.0
2017-07-30 09:50:00+00:00,ioos:station:wmo:42019:1,27.907,-95.353,1012.8,29.1,NULL,29.4,6.0
2017-07-30 10:50:00+00:00,ioos:station:wmo:42019:1,27.907,-95.353,1013.0,29.0,NULL,29.3,5.0
2017-07-30 12:50:00+00:00,ioos:station:wmo:42019:1,27.907,-95.353,1014.1,29.0,NULL,29.2,5.0
2017-07-30 13:50:00+00:00,ioos:station:wmo:42019:1,27.907,-95.353,1014.5,29.1,NULL,29.2,5.0
2017-07-30 14:50:00+00:00,ioos:station:wmo:42019:1,27.907,-95.353,1014.9,29.3,NULL,29.5,4.0
2017-07-30 15:50:00+00:00,ioos:station:wmo:42019:1,27.907,-95.353,1015.2,29.3,NULL,29.7,4.0
2017-07-30 16:50:00+00:00,ioos:station:wmo:42019:1,27.907,-95.353,1015.4,29.2,NULL,29.8,4.0
2017-07-30 18:50:00+00:00,ioos:station:wmo:42019:1,27.907,-95.353,1014.9,29.3,NULL,29.9,2.0
2017-07-30 19:50:00+00:00,ioos:station:wmo:42019:1,27.907,-95.353,1014.5,29.2,NULL,29.9,2.0
2017-07-30 20:50:00+00:00,ioos:station:wmo:42019:1,27.907,-95.353,1014.1,29.2,NULL,29.9,1.0
2017-07-30 21:50:00+00:00,ioos:station:wmo:42019:1,27.907,-95.353,1013.9,29.2,NULL,30.0,2.0
2017-07-30 22:50:00+00:00,ioos:station:wmo:42019:1,27.907,-95.353,1013.4,29.1,NULL,30.0,1.0
2017-07-30 23:50:00+00:00,ioos:station:wmo:42019:1,27.907,-95.353,1012.9,29.0,NULL,30.0,1.0
2017-07-31 01:50:00+00:00,ioos:station:wmo:42019:1,27.907,-95.353,1012.7,29.0,NULL,29.9,2.0
2017-07-31 02:50:00+00:00,ioos:station:wmo:42019:1,27.907,-95.353,1013.1,29.2,NULL,29.9,2.0
2017-07-31 04:50:00+00:00,ioos:station:wmo:42019:1,27.907,-95.353,1014.1,29.3,NULL,29.8,3.0
2017-07-31 06:50:00+00:00,ioos:station:wmo:42019:1,27.907,-95.353,1014.2,29.1,NULL,29.3,3.0
2017-07-31 07:50:00+00:00,ioos:station:wmo:42019:1,27.907,-95.353,1013.8,28.9,NULL,29.4,3.0
2017-07-31 10:50:00+00:00,ioos:station:wmo:42019:1,27.907,-95.353,1013.8,28.9,NULL,29.4,1.0
2017-07-31 11:50:00+00:00,ioos:station:wmo:42019:1,27.907,-95.353,1013.9,28.9,NULL,29.4,1.0
2017-07-31 12:50:00+00:00,ioos:station:wmo:42019:1,27.907,-95.353,1014.8,24.4,NULL,29.2,6.0
2017-07-31 15:50:00+00:00,ioos:station:wmo:42019:1,27.907,-95.353,1016.0,27.8,NULL,29.4,2.0
2017-07-31 16:50:00+00:00,ioos:station:wmo:42019:1,27.907,-95.353,1015.7,28.1,NULL,29.6,3.0
2017-07-31 17:50:00+00:00,ioos:station:wmo:42019:1,27.907,-95.353,1015.5,28.3,NULL,29.8,3.0
2017-07-31 18:50:00+00:00,ioos:station:wmo:42019:1,27.907,-95.353,1015.1,28.6,NULL,30.2,3.0
2017-07-31 19:50:00+00:00,ioos:station:wmo:42019:1,27.907,-95.353,1014.6,29.0,NULL,30.4,3.0
2017-07-31 21:50:00+00:00,ioos:station:wmo:42019:1,27.907,-95.353,1013.6,29.3,NULL,30.3,6.0
2017-07-31 23:50:00+00:00,ioos:station:wmo:42019:1,27.907,-95.353,1013.8,29.1,NULL,29.9,5.0
