date,sensor,latitude,longitude,air_pressure(mBar),air_temperature,sea_water_practical_salinity,sea_water_temperature,wind_speed
2017-08-15 00:00:00+00:00,TABS_X_1,27.066,-96.3383,1009.73,29.9,36.1,29.99,7.284641378
2017-08-15 00:30:00+00:00,TABS_X_1,27.066,-96.3383,1009.67,30,36.1,29.98,7.180564045
2017-08-15 01:00:00+00:00,TABS_X_1,27.066,-96.3383,1009.78,29.7,36.1,29.99,8.452041174
2017-08-15 01:30:00+00:00,TABS_X_1,27.066,-96.3383,1009.84,29.4,36.09,29.98,8.326199613
2017-08-15 02:00:00+00:00,TABS_X_1,27.066,-96.3383,1010,29.7,36.09,29.97,7.780674778
2017-08-15 02:30:00+00:00,TABS_X_1,27.066,-96.3383,1010.56,29.7,36.09,29.97,7.40201324
2017-08-15 03:00:00+00:00,TABS_X_1,27.066,-96.3383,1010.99,29.5,36.09,29.97,7.464181134
2017-08-15 03:30:00+00:00,TABS_X_1,27.066,-96.3383,1011.4,29.5,36.09,29.97,7.807259442
2017-08-15 04:00:00+00:00,TABS_X_1,27.066,-96.3383,1011.58,29.5,36.09,29.96,7.769794077
2017-08-15 04:30:00+00:00,TABS_X_1,27.066,-96.3383,1011.61,29.5,36.09,29.95,7.974271127
2017-08-15 05:00:00+00:00,TABS_X_1,27.066,-96.3383,1011.6,29.6,36.09,29.94,9.007424715
2017-08-15 05:30:00+00:00,TABS_X_1,27.066,-96.3383,1011.57,29.5,36.1,29.95,7.880057106
2017-08-15 06:00:00+00:00,TABS_X_1,27.066,-96.3383,1011.31,29.8,36.1,29.94,8.391007091
2017-08-15 06:30:00+00:00,TABS_X_1,27.066,-96.3383,1011.26,29.5,36.11,29.94,8.621484791
2017-08-15 07:00:00+00:00,TABS_X_1,27.066,-96.3383,1011.23,29.4,36.12,29.92,8.836933857
2017-08-15 07:30:00+00:00,TABS_X_1,27.066,-96.3383,1010.98,29.4,36.11,29.91,8.598837131
2017-08-15 08:00:00+00:00,TABS_X_1,27.066,-96.3383,1011.14,29.3,36.12,29.91,8.420053444
2017-08-15 08:30:00+00:00,TABS_X_1,27.066,-96.3383,1010.89,29.4,36.12,29.91,8.070415107
2017-08-15 09:00:00+00:00,TABS_X_1,27.066,-96.3383,1010.87,29.5,36.13,29.92,8.565121132
2017-08-15 09:30:00+00:00,TABS_X_1,27.066,-96.3383,1010.96,29.9,36.14,29.9,8.739061735
2017-08-15 10:00:00+00:00,TABS_X_1,27.066,-96.3383,1010.96,29.7,36.14,29.9,7.773654224
2017-08-15 10:30:00+00:00,TABS_X_1,27.066,-96.3383,1011,29.4,36.14,29.9,8.486341968
2017-08-15 11:00:00+00:00,TABS_X_1,27.066,-96.3383,1011.43,29.4,36.14,29.89,8.174503043
2017-08-15 11:30:00+00:00,TABS_X_1,27.066,-96.3383,1011.03,29.5,36.14,29.89,7.439368253
2017-08-15 12:00:00+00:00,TABS_X_1,27.066,-96.3383,1011.39,29.5,36.14,29.88,7.489045333
2017-08-15 12:30:00+00:00,TABS_X_1,27.066,-96.3383,1011.49,29.4,36.14,29.87,6.641927431
2017-08-15 13:00:00+00:00,TABS_X_1,27.066,-96.3383,1011.72,29.6,36.14,29.87,6.888635569
2017-08-15 13:30:00+00:00,TABS_X_1,27.066,-96.3383,1011.92,29.9,36.13,29.86,6.862076945
2017-08-15 14:00:00+00:00,TABS_X_1,27.066,-96.3383,1012.08,29.9,36.12,29.87,7.011604667
2017-08-15 14:30:00+00:00,TABS_X_1,27.066,-96.3383,1012.08,29.7,36.12,29.87,7.346128232
2017-08-15 15:00:00+00:00,TABS_X_1,27.066,-96.3383,1012.48,29.8,36.11,29.87,8.024194664
2017-08-15 15:30:00+00:00,TABS_X_1,27.066,-96.3383,1012.72,30.1,36.11,29.86,8.405004462
2017-08-15 16:00:00+00:00,TABS_X_1,27.066,-96.3383,1012.73,29.9,36.1,29.87,7.901828902
2017-08-15 16:30:00+00:00,TABS_X_1,27.066,-96.3383,1012.83,29.9,36.1,29.87,7.262403184
2017-08-15 17:00:00+00:00,TABS_X_1,27.066,-96.3383,1012.69,30.2,36.09,29.87,8.041504834
2017-08-15 17:30:00+00:00,TABS_X_1,27.066,-96.3383,1012.68,30,36.1,29.89,8.155887444
2017-08-15 18:00:00+00:00,TABS_X_1,27.066,-96.3383,1012.5,30.2,36.1,29.9,7.168884153
2017-08-15 18:30:00+00:00,TABS_X_1,27.066,-96.3383,1012.16,30,36.1,29.91,9.689220815
2017-08-15 19:00:00+00:00,TABS_X_1,27.066,-96.3383,1011.91,30,36.1,29.91,9.014932057
2017-08-15 19:30:00+00:00,TABS_X_1,27.066,-96.3383,1011.64,30.1,36.1,29.91,8.645229899
2017-08-15 20:00:00+00:00,TABS_X_1,27.066,-96.3383,1011.19,30.1,36.11,29.93,8.717459492
2017-08-15 20:30:00+00:00,TABS_X_1,27.066,-96.3383,1010.83,30.1,36.1,29.94,8.4067235
2017-08-15 21:00:00+00:00,TABS_X_1,27.066,-96.3383,1010.77,30.3,36.11,29.95,7.428977049
2017-08-15 21:30:00+00:00,TABS_X_1,27.066,-96.3383,1010.73,30.4,36.11,29.95,7.616987594
2017-08-15 22:00:00+00:00,TABS_X_1,27.066,-96.3383,1010.48,30.3,36.11,29.96,7.848649565
2017-08-15 22:30:00+00:00,TABS_X_1,27.066,-96.3383,1010.31,30.1,36.11,29.96,7.652659668
2017-08-15 23:00:00+00:00,TABS_X_1,27.066,-96.3383,1010.28,30.1,36.11,29.96,8.13301912
2017-08-15 23:30:00+00:00,TABS_X_1,27.066,-96.3383,1010.31,30.2,36.11,29.96,7.736801665
2017-08-16 00:00:00+00:00,TABS_X_1,27.066,-96.3383,1010.76,30.1,36.11,29.96,7.999925
2017-08-16 00:30:00+00:00,TABS_X_1,27.066,-96.3383,1010.71,30,36.12,29.96,8.101586264
2017-08-16 01:00:00+00:00,TABS_X_1,27.066,-96.3383,1010.97,30,36.12,29.96,8.063473197
2017-08-16 01:30:00+00:00,TABS_X_1,27.066,-96.3383,1011.19,29.9,36.14,29.96,8.571312618
2017-08-16 02:00:00+00:00,TABS_X_1,27.066,-96.3383,1011.16,29.8,36.14,29.96,9.366536179
2017-08-16 02:30:00+00:00,TABS_X_1,27.066,-96.3383,1011.62,29.9,36.15,29.96,9.625559724
2017-08-16 03:00:00+00:00,TABS_X_1,27.066,-96.3383,1012.27,29.9,36.16,29.96,9.549497369
2017-08-16 03:30:00+00:00,TABS_X_1,27.066,-96.3383,1012.5,30.1,36.16,29.97,8.758521565
2017-08-16 04:00:00+00:00,TABS_X_1,27.066,-96.3383,1013.01,30.2,36.17,29.98,8.930761446
2017-08-16 04:30:00+00:00,TABS_X_1,27.066,-96.3383,1013.31,29.9,36.17,29.97,8.7947996
2017-08-16 05:00:00+00:00,TABS_X_1,27.066,-96.3383,1013.14,29.8,36.18,29.98,9.30947904
2017-08-16 05:30:00+00:00,TABS_X_1,27.066,-96.3383,1013.48,29.9,36.18,29.97,8.833051568
2017-08-16 06:00:00+00:00,TABS_X_1,27.066,-96.3383,1013.25,29.9,36.19,29.98,8.622279281
2017-08-16 06:30:00+00:00,TABS_X_1,27.066,-96.3383,1013.2,29.7,36.19,29.97,9.336964175
2017-08-16 07:00:00+00:00,TABS_X_1,27.066,-96.3383,1012.93,29.7,36.19,29.97,9.764609567
2017-08-16 07:30:00+00:00,TABS_X_1,27.066,-96.3383,1012.58,29.8,36.2,29.97,9.523828012
2017-08-16 08:00:00+00:00,TABS_X_1,27.066,-96.3383,1012.38,29.8,36.2,29.96,9.900232321
2017-08-16 08:30:00+00:00,TABS_X_1,27.066,-96.3383,1012.65,29.9,36.21,29.95,9.395371201
2017-08-16 09:00:00+00:00,TABS_X_1,27.066,-96.3383,1012.21,29.7,36.21,29.96,9.825884184
2017-08-16 09:30:00+00:00,TABS_X_1,27.066,-96.3383,1012.39,29.7,36.21,29.94,10.19306627
2017-08-16 10:00:00+00:00,TABS_X_1,27.066,-96.3383,1012.59,29.6,36.21,29.93,9.656345064
2017-08-16 10:30:00+00:00,TABS_X_1,27.066,-96.3383,1012.95,29.7,36.21,29.94,9.370768378
2017-08-16 11:00:00+00:00,TABS_X_1,27.066,-96.3383,1012.67,29.9,36.21,29.94,8.640214118
2017-08-16 11:30:00+00:00,TABS_X_1,27.066,-96.3383,1012.72,29.8,36.22,29.93,9.440640868
2017-08-16 12:00:00+00:00,TABS_X_1,27.066,-96.3383,1012.95,29.7,36.22,29.92,9.912905729
2017-08-16 12:30:00+00:00,TABS_X_1,27.066,-96.3383,1013.43,29.7,36.22,29.92,9.94181573
2017-08-16 13:00:00+00:00,TABS_X_1,27.066,-96.3383,1013.71,30,36.22,29.92,9.283189107
2017-08-16 13:30:00+00:00,TABS_X_1,27.066,-96.3383,1013.78,30.1,36.22,29.91,9.733211186
2017-08-16 14:00:00+00:00,TABS_X_1,27.066,-96.3383,1013.99,30.1,36.22,29.91,9.343709114
2017-08-16 14:30:00+00:00,TABS_X_1,27.066,-96.3383,1013.99,30.1,36.22,29.91,9.883248454
2017-08-16 15:00:00+00:00,TABS_X_1,27.066,-96.3383,1014.6,30.1,36.22,29.91,8.413144478
2017-08-16 15:30:00+00:00,TABS_X_1,27.066,-96.3383,1014.82,30.3,36.22,29.92,8.472130783
2017-08-16 16:00:00+00:00,TABS_X_1,27.066,-96.3383,1014.77,30.2,36.22,29.92,8.020006234
2017-08-16 16:30:00+00:00,TABS_X_1,27.066,-96.3383,1014.93,30,36.22,29.93,7.63110739
2017-08-16 17:00:00+00:00,TABS_X_1,27.066,-96.3383,1015.1,29.9,36.22,29.94,7.372550441
2017-08-16 17:30:00+00:00,TABS_X_1,27.066,-96.3383,1015.1,30.3,36.22,29.96,6.361289178
2017-08-16 18:00:00+00:00,TABS_X_1,27.066,-96.3383,1014.92,30.1,36.22,29.96,6.802653894
2017-08-16 18:30:00+00:00,TABS_X_1,27.066,-96.3383,1014.76,30.2,36.22,29.98,6.416509955
2017-08-16 19:00:00+00:00,TABS_X_1,27.066,-96.3383,1014.89,30.2,36.23,30,6.420288156
2017-08-16 19:30:00+00:00,TABS_X_1,27.066,-96.3383,1014.43,29.9,36.22,30,5.82589049
2017-08-16 20:00:00+00:00,TABS_X_1,27.066,-96.3383,1014.37,30.1,36.21,30.01,6.280262733
2017-08-16 20:30:00+00:00,TABS_X_1,27.066,-96.3383,1013.77,30.2,36.21,30.04,6.591942051
2017-08-16 21:00:00+00:00,TABS_X_1,27.066,-96.3383,1013.69,30.4,36.21,30.04,6.353896442
2017-08-16 21:30:00+00:00,TABS_X_1,27.066,-96.3383,1013.45,30.4,36.2,30.05,7.591291063
2017-08-16 22:00:00+00:00,TABS_X_1,27.066,-96.3383,1013.49,30.2,36.2,30.04,7.402499578
2017-08-16 22:30:00+00:00,TABS_X_1,27.066,-96.3383,1013.24,30.5,36.2,30.04,7.181148933
2017-08-16 23:00:00+00:00,TABS_X_1,27.066,-96.3383,1013.34,30.2,36.2,30.05,7.955105279
2017-08-16 23:30:00+00:00,TABS_X_1,27.066,-96.3383,1013.54,30.3,36.2,30.05,7.518623544
2017-08-17 00:00:00+00:00,TABS_X_1,27.066,-96.3383,1013.4,30.1,36.2,30.07,7.414074453
2017-08-17 00:30:00+00:00,TABS_X_1,27.066,-96.3383,1013.44,30.1,36.2,30.07,8.249751511
2017-08-17 01:00:00+00:00,TABS_X_1,27.066,-96.3383,1013.49,30.2,36.2,30.05,8.226208118
2017-08-17 01:30:00+00:00,TABS_X_1,27.066,-96.3383,1013.75,29.9,36.2,30.03,7.690513637
2017-08-17 02:00:00+00:00,TABS_X_1,27.066,-96.3383,1014.24,30,36.21,30.02,7.758382563
2017-08-17 02:30:00+00:00,TABS_X_1,27.066,-96.3383,1014.76,29.9,36.21,30.02,8.023197617
2017-08-17 03:00:00+00:00,TABS_X_1,27.066,-96.3383,1015.46,29.8,36.21,30.01,7.983263744
2017-08-17 03:30:00+00:00,TABS_X_1,27.066,-96.3383,1015.5,29.8,36.22,29.99,7.638173866
2017-08-17 04:00:00+00:00,TABS_X_1,27.066,-96.3383,1015.42,29.9,36.22,29.99,8.667969774
2017-08-17 04:30:00+00:00,TABS_X_1,27.066,-96.3383,1015.41,29.9,36.22,29.97,9.606747629
2017-08-17 05:00:00+00:00,TABS_X_1,27.066,-96.3383,1015.21,29.8,36.23,29.97,9.839400388
2017-08-17 05:30:00+00:00,TABS_X_1,27.066,-96.3383,1015.3,30,36.23,29.97,9.753040552
2017-08-17 06:00:00+00:00,TABS_X_1,27.066,-96.3383,1015.48,29.9,36.23,29.97,9.668779654
2017-08-17 06:30:00+00:00,TABS_X_1,27.066,-96.3383,1015.5,29.9,36.24,29.96,9.61087405
2017-08-17 07:00:00+00:00,TABS_X_1,27.066,-96.3383,1015.44,29.8,36.24,29.96,10.11471206
2017-08-17 07:30:00+00:00,TABS_X_1,27.066,-96.3383,1015.58,29.7,36.24,29.94,10.10269766
2017-08-17 08:00:00+00:00,TABS_X_1,27.066,-96.3383,1015.16,29.9,36.24,29.93,9.546151057
2017-08-17 08:30:00+00:00,TABS_X_1,27.066,-96.3383,1015.08,30,36.24,29.91,9.644075902
2017-08-17 09:00:00+00:00,TABS_X_1,27.066,-96.3383,1014.98,29.8,36.24,29.9,8.97332157
2017-08-17 09:30:00+00:00,TABS_X_1,27.066,-96.3383,1014.82,29.8,36.24,29.89,8.898539206
2017-08-17 10:00:00+00:00,TABS_X_1,27.066,-96.3383,1015.2,29.6,36.24,29.88,8.37526119
2017-08-17 10:30:00+00:00,TABS_X_1,27.066,-96.3383,1015.31,29.6,36.24,29.87,8.145581624
2017-08-17 11:00:00+00:00,TABS_X_1,27.066,-96.3383,1015.4,29.6,36.24,29.86,7.569709374
2017-08-17 11:30:00+00:00,TABS_X_1,27.066,-96.3383,1015.69,29.5,36.24,29.83,7.804216809
2017-08-17 12:00:00+00:00,TABS_X_1,27.066,-96.3383,1015.87,29.5,36.22,29.8,7.364590959
2017-08-17 12:30:00+00:00,TABS_X_1,27.066,-96.3383,1016.03,29.5,36.23,29.79,7.510958661
2017-08-17 13:00:00+00:00,TABS_X_1,27.066,-96.3383,1016.11,29.8,36.22,29.81,7.10203492
2017-08-17 13:30:00+00:00,TABS_X_1,27.066,-96.3383,1016.72,29.6,36.23,29.81,6.897427057
2017-08-17 14:00:00+00:00,TABS_X_1,27.066,-96.3383,1016.96,29.6,36.22,29.82,6.779970501
2017-08-17 14:30:00+00:00,TABS_X_1,27.066,-96.3383,1017.33,29.6,36.22,29.82,7.300554773
2017-08-17 15:00:00+00:00,TABS_X_1,27.066,-96.3383,1017.32,29.6,36.22,29.83,7.063780857
2017-08-17 15:30:00+00:00,TABS_X_1,27.066,-96.3383,1017.64,29.4,36.22,29.83,7.587160207
2017-08-17 16:00:00+00:00,TABS_X_1,27.066,-96.3383,1017.75,30.1,36.22,29.85,6.731693695
2017-08-17 16:30:00+00:00,TABS_X_1,27.066,-96.3383,1017.81,29.7,36.22,29.87,6.553052724
2017-08-17 17:00:00+00:00,TABS_X_1,27.066,-96.3383,1017.7,30,36.22,29.89,6.329778827
2017-08-17 17:30:00+00:00,TABS_X_1,27.066,-96.3383,1017.6,29.7,36.21,29.91,6.733112208
2017-08-17 18:00:00+00:00,TABS_X_1,27.066,-96.3383,1017.44,29.8,36.22,29.93,6.078322137
2017-08-17 18:30:00+00:00,TABS_X_1,27.066,-96.3383,1017.29,29.9,36.22,29.96,6.070494214
2017-08-17 19:00:00+00:00,TABS_X_1,27.066,-96.3383,1017.08,30.1,36.22,30,5.93189683
2017-08-17 19:30:00+00:00,TABS_X_1,27.066,-96.3383,1016.66,29.8,36.21,30.01,5.630888029
2017-08-17 20:00:00+00:00,TABS_X_1,27.066,-96.3383,1016.45,30.2,36.21,30.05,5.747321115
2017-08-17 20:30:00+00:00,TABS_X_1,27.066,-96.3383,1016.07,29.9,36.2,30.08,5.649584055
2017-08-17 21:00:00+00:00,TABS_X_1,27.066,-96.3383,1015.63,30.2,36.2,30.09,5.13719768
2017-08-17 21:30:00+00:00,TABS_X_1,27.066,-96.3383,1015.22,30,36.2,30.13,5.863147619
2017-08-17 22:00:00+00:00,TABS_X_1,27.066,-96.3383,1014.74,30.1,36.2,30.14,5.425311051
2017-08-17 22:30:00+00:00,TABS_X_1,27.066,-96.3383,1014.35,30.2,36.2,30.15,5.564287915
2017-08-17 23:00:00+00:00,TABS_X_1,27.066,-96.3383,1014.04,30.2,36.2,30.14,5.999083263
2017-08-17 23:30:00+00:00,TABS_X_1,27.066,-96.3383,1013.88,30,36.21,30.13,6.23866973
2017-08-18 00:00:00+00:00,TABS_X_1,27.066,-96.3383,1014.07,29.9,36.21,30.11,6.251151894
2017-08-18 00:30:00+00:00,TABS_X_1,27.066,-96.3383,1014.05,29.7,36.21,30.09,6.912495931
2017-08-18 01:00:00+00:00,TABS_X_1,27.066,-96.3383,1014.16,29.8,36.21,30.08,7.337554088
2017-08-18 01:30:00+00:00,TABS_X_1,27.066,-96.3383,1014.49,29.7,36.22,30.06,6.680628713
2017-08-18 02:00:00+00:00,TABS_X_1,27.066,-96.3383,1015.23,29.8,36.22,30.05,7.273575462
2017-08-18 02:30:00+00:00,TABS_X_1,27.066,-96.3383,1015.94,29.6,36.22,30.04,6.233923323
2017-08-18 03:00:00+00:00,TABS_X_1,27.066,-96.3383,1016.57,29.7,36.22,30.03,5.481140392
2017-08-18 03:30:00+00:00,TABS_X_1,27.066,-96.3383,1016.81,29.7,36.22,30.02,6.122826145
2017-08-18 04:00:00+00:00,TABS_X_1,27.066,-96.3383,1016.88,29.7,36.22,30.02,6.464131806
2017-08-18 04:30:00+00:00,TABS_X_1,27.066,-96.3383,1017,29.7,36.22,30,6.818834211
2017-08-18 05:00:00+00:00,TABS_X_1,27.066,-96.3383,1016.93,29.9,36.22,29.99,6.266330665
2017-08-18 05:30:00+00:00,TABS_X_1,27.066,-96.3383,1016.65,29.8,36.22,29.97,6.564030774
2017-08-18 06:00:00+00:00,TABS_X_1,27.066,-96.3383,1016.54,29.8,36.22,29.97,6.752192237
2017-08-18 06:30:00+00:00,TABS_X_1,27.066,-96.3383,1016.27,29.8,36.21,29.96,6.911671288
2017-08-18 07:00:00+00:00,TABS_X_1,27.066,-96.3383,1016.33,29.7,36.22,29.97,7.148090654
2017-08-18 07:30:00+00:00,TABS_X_1,27.066,-96.3383,1016.09,29.7,36.22,29.97,6.74929626
2017-08-18 08:00:00+00:00,TABS_X_1,27.066,-96.3383,1015.65,29.6,36.22,29.96,6.372919268
2017-08-18 08:30:00+00:00,TABS_X_1,27.066,-96.3383,1015.71,29.5,36.22,29.96,6.118643641
2017-08-18 09:00:00+00:00,TABS_X_1,27.066,-96.3383,1015.37,29.6,36.22,29.96,6.224186694
2017-08-18 09:30:00+00:00,TABS_X_1,27.066,-96.3383,1015.4,29.5,36.22,29.96,6.205199433
2017-08-18 10:00:00+00:00,TABS_X_1,27.066,-96.3383,1015.22,29.5,36.22,29.96,7.042904231
2017-08-18 10:30:00+00:00,TABS_X_1,27.066,-96.3383,1015.28,29.5,36.22,29.95,6.952596637
2017-08-18 11:00:00+00:00,TABS_X_1,27.066,-96.3383,1015.16,29.7,36.22,29.96,6.263521374
2017-08-18 11:30:00+00:00,TABS_X_1,27.066,-96.3383,1015.52,29.3,36.22,29.94,6.673717105
2017-08-18 12:00:00+00:00,TABS_X_1,27.066,-96.3383,1015.72,29.5,36.23,29.94,5.735023976
2017-08-18 12:30:00+00:00,TABS_X_1,27.066,-96.3383,1016,29.4,36.23,29.95,5.700078947
2017-08-18 13:00:00+00:00,TABS_X_1,27.066,-96.3383,1016.26,29.7,36.23,29.94,4.675767317
2017-08-18 13:30:00+00:00,TABS_X_1,27.066,-96.3383,1016.55,30,36.23,29.94,4.53927307
2017-08-18 14:00:00+00:00,TABS_X_1,27.066,-96.3383,1016.58,29.7,36.23,29.93,4.37138422
2017-08-18 14:30:00+00:00,TABS_X_1,27.066,-96.3383,1016.76,29.7,36.23,29.96,4.485365091
2017-08-18 15:00:00+00:00,TABS_X_1,27.066,-96.3383,1016.92,29.7,36.23,29.96,3.816935944
2017-08-18 15:30:00+00:00,TABS_X_1,27.066,-96.3383,1017.3,29.7,36.23,29.97,4.12043687
2017-08-18 16:00:00+00:00,TABS_X_1,27.066,-96.3383,1017.27,29.9,36.24,30,3.409061454
2017-08-18 16:30:00+00:00,TABS_X_1,27.066,-96.3383,1017.33,29.6,36.24,30.05,2.910154635
2017-08-18 17:00:00+00:00,TABS_X_1,27.066,-96.3383,1017.28,29.8,36.23,30.12,2.6849581
2017-08-18 17:30:00+00:00,TABS_X_1,27.066,-96.3383,1016.82,29.8,36.23,30.17,2.08146583
2017-08-18 18:00:00+00:00,TABS_X_1,27.066,-96.3383,1016.67,29.9,36.27,30.24,1.753852901
2017-08-18 18:30:00+00:00,TABS_X_1,27.066,-96.3383,1016.4,29.9,36.27,30.33,1.675231327
2017-08-18 19:00:00+00:00,TABS_X_1,27.066,-96.3383,1015.99,29.7,36.25,30.38,3.110144691
2017-08-18 19:30:00+00:00,TABS_X_1,27.066,-96.3383,1016,29.7,36.26,30.48,2.909467305
2017-08-18 20:00:00+00:00,TABS_X_1,27.066,-96.3383,1015.63,29.8,36.24,30.51,3.028481468
2017-08-18 20:30:00+00:00,TABS_X_1,27.066,-96.3383,1015.26,30,36.25,30.54,3.566020191
2017-08-18 21:00:00+00:00,TABS_X_1,27.066,-96.3383,1015.07,29.6,36.25,30.61,3.437266356
2017-08-18 21:30:00+00:00,TABS_X_1,27.066,-96.3383,1014.87,29.7,36.27,30.6,3.671035276
2017-08-18 22:00:00+00:00,TABS_X_1,27.066,-96.3383,1014.94,30,36.26,30.64,4.073327878
2017-08-18 22:30:00+00:00,TABS_X_1,27.066,-96.3383,1014.65,30.3,36.25,30.64,4.417804885
2017-08-18 23:00:00+00:00,TABS_X_1,27.066,-96.3383,1014.5,30.5,36.25,30.59,5.219473153
2017-08-18 23:30:00+00:00,TABS_X_1,27.066,-96.3383,1014.48,30.2,36.26,30.53,5.247647092
2017-08-19 00:00:00+00:00,TABS_X_1,27.066,-96.3383,1014.75,30.2,36.27,30.46,5.78284532
2017-08-19 00:30:00+00:00,TABS_X_1,27.066,-96.3383,1014.93,30.1,36.27,30.39,5.462023435
2017-08-19 01:00:00+00:00,TABS_X_1,27.066,-96.3383,1015.21,30.1,36.28,30.34,6.675088014
2017-08-19 01:30:00+00:00,TABS_X_1,27.066,-96.3383,1015.5,29.8,36.29,30.29,6.153503067
2017-08-19 02:00:00+00:00,TABS_X_1,27.066,-96.3383,1015.66,29.9,36.3,30.26,5.742482042
2017-08-19 02:30:00+00:00,TABS_X_1,27.066,-96.3383,1015.94,30.1,36.31,30.24,5.531952639
2017-08-19 03:00:00+00:00,TABS_X_1,27.066,-96.3383,1016.15,29.9,36.32,30.21,6.171588126
2017-08-19 03:30:00+00:00,TABS_X_1,27.066,-96.3383,1016.45,30.1,36.32,30.19,5.921216091
2017-08-19 04:00:00+00:00,TABS_X_1,27.066,-96.3383,1016.49,29.7,36.33,30.17,5.075401462
2017-08-19 04:30:00+00:00,TABS_X_1,27.066,-96.3383,1016.64,29.6,36.33,30.14,6.236473362
2017-08-19 05:00:00+00:00,TABS_X_1,27.066,-96.3383,1016.75,29.9,36.34,30.12,5.227332015
2017-08-19 05:30:00+00:00,TABS_X_1,27.066,-96.3383,1016.62,29.9,36.34,30.11,6.181423784
2017-08-19 06:00:00+00:00,TABS_X_1,27.066,-96.3383,1016.45,29.8,36.34,30.09,5.865765082
2017-08-19 06:30:00+00:00,TABS_X_1,27.066,-96.3383,1016.34,29.5,36.35,30.07,5.692249116
2017-08-19 07:00:00+00:00,TABS_X_1,27.066,-96.3383,1015.96,29.8,36.35,30.04,5.380334562
2017-08-19 07:30:00+00:00,TABS_X_1,27.066,-96.3383,1015.44,29.6,36.35,30.04,5.943769847
2017-08-19 08:00:00+00:00,TABS_X_1,27.066,-96.3383,1014.92,29.4,36.35,30.03,6.564761991
2017-08-19 08:30:00+00:00,TABS_X_1,27.066,-96.3383,1014.61,29.6,36.36,30,7.148706177
2017-08-19 09:00:00+00:00,TABS_X_1,27.066,-96.3383,1014.37,29.5,36.36,29.99,6.727800532
2017-08-19 09:30:00+00:00,TABS_X_1,27.066,-96.3383,1014.39,29.4,36.36,29.97,7.253226868
2017-08-19 10:00:00+00:00,TABS_X_1,27.066,-96.3383,1014.68,29.1,36.36,29.96,5.595399896
2017-08-19 10:30:00+00:00,TABS_X_1,27.066,-96.3383,1014.81,29.6,36.36,29.94,4.902754328
2017-08-19 11:00:00+00:00,TABS_X_1,27.066,-96.3383,1014.9,29.4,36.36,29.92,5.459413888
2017-08-19 11:30:00+00:00,TABS_X_1,27.066,-96.3383,1014.85,29.4,36.35,29.91,4.452527372
2017-08-19 12:00:00+00:00,TABS_X_1,27.066,-96.3383,1015.17,29.1,36.36,29.9,5.044482134
2017-08-19 12:30:00+00:00,TABS_X_1,27.066,-96.3383,1015.55,29.3,36.35,29.89,3.996448423
2017-08-19 13:00:00+00:00,TABS_X_1,27.066,-96.3383,1015.82,29.4,36.35,29.88,3.044240464
2017-08-19 13:30:00+00:00,TABS_X_1,27.066,-96.3383,1016.21,29.7,36.35,29.89,2.243791434
2017-08-19 14:00:00+00:00,TABS_X_1,27.066,-96.3383,1016.35,29.9,36.35,29.9,1.626099628
2017-08-19 14:30:00+00:00,TABS_X_1,27.066,-96.3383,1016.45,29.9,36.35,29.94,1.446685868
2017-08-19 15:00:00+00:00,TABS_X_1,27.066,-96.3383,1016.52,29.9,36.35,29.96,1.940335023
2017-08-19 15:30:00+00:00,TABS_X_1,27.066,-96.3383,1016.45,29.5,36.34,29.98,1.691064753
2017-08-19 16:00:00+00:00,TABS_X_1,27.066,-96.3383,1016.51,30.2,36.37,30,0.79397733
2017-08-19 16:30:00+00:00,TABS_X_1,27.066,-96.3383,1016.4,30,36.37,30.02,1.006876358
2017-08-19 17:00:00+00:00,TABS_X_1,27.066,-96.3383,1016.39,29.9,36.38,30.04,1.069018241
2017-08-19 17:30:00+00:00,TABS_X_1,27.066,-96.3383,1016.42,29.8,36.41,30.07,1.63370744
2017-08-19 18:00:00+00:00,TABS_X_1,27.066,-96.3383,1016,29.9,36.39,30.09,2.307639487
2017-08-19 18:30:00+00:00,TABS_X_1,27.066,-96.3383,1015.71,29.8,36.39,30.1,1.975702407
2017-08-19 19:00:00+00:00,TABS_X_1,27.066,-96.3383,1015.61,29.6,36.46,30.12,2.511274577
2017-08-19 19:30:00+00:00,TABS_X_1,27.066,-96.3383,1015.25,29.9,36.58,30.26,2.966277128
2017-08-19 20:00:00+00:00,TABS_X_1,27.066,-96.3383,1014.73,30,36.39,30.38,2.970690156
2017-08-19 20:30:00+00:00,TABS_X_1,27.066,-96.3383,1014.51,29.9,36.35,30.58,2.732489707
2017-08-19 21:00:00+00:00,TABS_X_1,27.066,-96.3383,1014.16,30.2,36.36,30.9,2.757480734
2017-08-19 21:30:00+00:00,TABS_X_1,27.066,-96.3383,1013.99,30.2,36.4,30.98,2.961384811
2017-08-19 22:00:00+00:00,TABS_X_1,27.066,-96.3383,1013.8,29.9,36.4,30.94,3.56809473
2017-08-19 22:30:00+00:00,TABS_X_1,27.066,-96.3383,1013.64,30,36.36,30.86,3.858756276
2017-08-19 23:00:00+00:00,TABS_X_1,27.066,-96.3383,1013.37,30.2,36.35,30.76,3.793323081
2017-08-19 23:30:00+00:00,TABS_X_1,27.066,-96.3383,1013.27,30,36.35,30.68,4.536474402
2017-08-20 00:00:00+00:00,TABS_X_1,27.066,-96.3383,1013.3,30.2,36.34,30.61,5.20669761
2017-08-20 00:30:00+00:00,TABS_X_1,27.066,-96.3383,1013.52,29.9,36.34,30.49,5.267152931
2017-08-20 01:00:00+00:00,TABS_X_1,27.066,-96.3383,1013.84,29.8,36.34,30.41,5.434059256
2017-08-20 01:30:00+00:00,TABS_X_1,27.066,-96.3383,1014.39,29.7,36.34,30.34,5.883918762
2017-08-20 02:00:00+00:00,TABS_X_1,27.066,-96.3383,1014.63,29.8,36.33,30.3,6.58316793
2017-08-20 02:30:00+00:00,TABS_X_1,27.066,-96.3383,1015.24,29.9,36.32,30.23,6.83749223
2017-08-20 03:00:00+00:00,TABS_X_1,27.066,-96.3383,1015.29,29.8,36.32,30.18,6.996806414
2017-08-20 03:30:00+00:00,TABS_X_1,27.066,-96.3383,1015.72,30,36.32,30.14,7.19367778
2017-08-20 04:00:00+00:00,TABS_X_1,27.066,-96.3383,1015.66,29.7,36.32,30.09,6.50664276
2017-08-20 04:30:00+00:00,TABS_X_1,27.066,-96.3383,1015.81,29.9,36.32,30.04,6.235703649
2017-08-20 05:00:00+00:00,TABS_X_1,27.066,-96.3383,1015.66,29.7,36.32,30.01,6.39413794
2017-08-20 05:30:00+00:00,TABS_X_1,27.066,-96.3383,1015.64,29.7,36.32,29.98,6.163667739
2017-08-20 06:00:00+00:00,TABS_X_1,27.066,-96.3383,1015.42,29.5,36.33,29.96,6.182362008
2017-08-20 06:30:00+00:00,TABS_X_1,27.066,-96.3383,1015.31,29.5,36.32,29.95,5.504407325
2017-08-20 07:00:00+00:00,TABS_X_1,27.066,-96.3383,1015.09,29.4,36.33,29.92,5.857243379
2017-08-20 07:30:00+00:00,TABS_X_1,27.066,-96.3383,1014.59,29.5,36.32,29.89,5.232532847
2017-08-20 08:00:00+00:00,TABS_X_1,27.066,-96.3383,1014.53,29.2,36.32,29.86,5.775898199
2017-08-20 08:30:00+00:00,TABS_X_1,27.066,-96.3383,1014.05,29.5,36.32,29.84,5.460595206
2017-08-20 09:00:00+00:00,TABS_X_1,27.066,-96.3383,1014.06,29.4,36.32,29.84,5.500118181
2017-08-20 09:30:00+00:00,TABS_X_1,27.066,-96.3383,1013.96,29.4,36.32,29.83,5.280094696
2017-08-20 10:00:00+00:00,TABS_X_1,27.066,-96.3383,1014.03,29.5,36.33,29.82,4.914325997
2017-08-20 10:30:00+00:00,TABS_X_1,27.066,-96.3383,1013.94,29.5,36.32,29.8,4.722975757
2017-08-20 11:00:00+00:00,TABS_X_1,27.066,-96.3383,1014.19,29.3,36.32,29.79,4.700680802
2017-08-20 11:30:00+00:00,TABS_X_1,27.066,-96.3383,1014.28,29.1,36.32,29.77,4.276189893
2017-08-20 12:00:00+00:00,TABS_X_1,27.066,-96.3383,1014.58,29.1,36.34,29.76,2.970067339
2017-08-20 12:30:00+00:00,TABS_X_1,27.066,-96.3383,1014.66,29.3,36.33,29.76,3.20024999
2017-08-20 13:00:00+00:00,TABS_X_1,27.066,-96.3383,1015.25,29.5,36.32,29.78,3.61731945
2017-08-20 13:30:00+00:00,TABS_X_1,27.066,-96.3383,1015.46,29.7,36.32,29.8,2.980771712
2017-08-20 14:00:00+00:00,TABS_X_1,27.066,-96.3383,1015.66,29.6,36.33,29.82,3.064000653
2017-08-20 14:30:00+00:00,TABS_X_1,27.066,-96.3383,1015.96,29.8,36.33,29.81,3.194761337
2017-08-20 15:00:00+00:00,TABS_X_1,27.066,-96.3383,1016.2,29.7,36.33,29.83,2.508385935
2017-08-20 15:30:00+00:00,TABS_X_1,27.066,-96.3383,1016.33,29.7,36.34,29.88,3.141591953
2017-08-20 16:00:00+00:00,TABS_X_1,27.066,-96.3383,1016.28,29.7,36.34,29.94,3.485197268
2017-08-20 16:30:00+00:00,TABS_X_1,27.066,-96.3383,1016.3,29.6,36.33,29.97,3.699432389
2017-08-20 17:00:00+00:00,TABS_X_1,27.066,-96.3383,1016.15,29.4,36.35,30.02,4.033980664
2017-08-20 17:30:00+00:00,TABS_X_1,27.066,-96.3383,1016,29.5,36.34,30.05,3.479324647
2017-08-20 18:00:00+00:00,TABS_X_1,27.066,-96.3383,1015.87,29.7,36.34,30.1,3.576604535
2017-08-20 18:30:00+00:00,TABS_X_1,27.066,-96.3383,1015.65,29.6,36.35,30.17,4.190763654
2017-08-20 19:00:00+00:00,TABS_X_1,27.066,-96.3383,1015.34,29.6,36.35,30.23,3.743220539
2017-08-20 19:30:00+00:00,TABS_X_1,27.066,-96.3383,1015.05,29.6,36.35,30.3,4.314313387
2017-08-20 20:00:00+00:00,TABS_X_1,27.066,-96.3383,1014.81,29.6,36.35,30.31,4.045862084
2017-08-20 20:30:00+00:00,TABS_X_1,27.066,-96.3383,1014.58,29.7,36.34,30.29,5.588854981
2017-08-20 21:00:00+00:00,TABS_X_1,27.066,-96.3383,1014.39,29.8,36.33,30.21,5.065777334
2017-08-20 21:30:00+00:00,TABS_X_1,27.066,-96.3383,1014.42,29.7,36.33,30.17,5.00585657
2017-08-20 22:00:00+00:00,TABS_X_1,27.066,-96.3383,1014.33,29.8,36.33,30.17,5.000579966
2017-08-20 22:30:00+00:00,TABS_X_1,27.066,-96.3383,1014.27,30.1,36.33,30.19,5.550324315
2017-08-20 23:00:00+00:00,TABS_X_1,27.066,-96.3383,1014.3,29.9,36.33,30.24,5.526373133
2017-08-20 23:30:00+00:00,TABS_X_1,27.066,-96.3383,1014.28,30.1,36.33,30.22,5.575392363
2017-08-21 00:00:00+00:00,TABS_X_1,27.066,-96.3383,1014.43,30.4,36.33,30.19,5.01003992
2017-08-21 00:30:00+00:00,TABS_X_1,27.066,-96.3383,1014.51,30,36.33,30.15,5.309048879
2017-08-21 01:00:00+00:00,TABS_X_1,27.066,-96.3383,1014.61,29.8,36.34,30.13,5.348943821
2017-08-21 01:30:00+00:00,TABS_X_1,27.066,-96.3383,1014.86,29.9,36.34,30.13,6.948640155
2017-08-21 02:00:00+00:00,TABS_X_1,27.066,-96.3383,1015.03,29.9,36.34,30.11,7.011904164
2017-08-21 02:30:00+00:00,TABS_X_1,27.066,-96.3383,1015.25,29.5,36.35,30.06,6.95414265
2017-08-21 03:00:00+00:00,TABS_X_1,27.066,-96.3383,1015.68,29.8,36.35,30.03,6.634952901
2017-08-21 03:30:00+00:00,TABS_X_1,27.066,-96.3383,1015.86,29.8,36.35,30.01,6.740066765
2017-08-21 04:00:00+00:00,TABS_X_1,27.066,-96.3383,1016.07,29.7,36.35,29.99,7.154369294
2017-08-21 04:30:00+00:00,TABS_X_1,27.066,-96.3383,1016.3,29.7,36.35,29.96,6.978001146
2017-08-21 05:00:00+00:00,TABS_X_1,27.066,-96.3383,1016.39,29.6,36.35,29.96,6.491918052
2017-08-21 05:30:00+00:00,TABS_X_1,27.066,-96.3383,1016.42,29.5,36.35,29.96,7.018390129
2017-08-21 06:00:00+00:00,TABS_X_1,27.066,-96.3383,1016.2,29.7,36.35,29.95,5.822001374
2017-08-21 06:30:00+00:00,TABS_X_1,27.066,-96.3383,1016.36,29.4,36.35,29.95,5.562023013
2017-08-21 07:00:00+00:00,TABS_X_1,27.066,-96.3383,1016.39,29.6,36.35,29.94,5.258488376
2017-08-21 07:30:00+00:00,TABS_X_1,27.066,-96.3383,1016.18,29.4,36.36,29.92,5.163874514
2017-08-21 08:00:00+00:00,TABS_X_1,27.066,-96.3383,1016.14,29.3,36.35,29.91,5.359645511
2017-08-21 08:30:00+00:00,TABS_X_1,27.066,-96.3383,1015.95,29.4,36.36,29.89,5.181669615
2017-08-21 09:00:00+00:00,TABS_X_1,27.066,-96.3383,1015.98,29.3,36.36,29.87,5.231529413
2017-08-21 09:30:00+00:00,TABS_X_1,27.066,-96.3383,1015.89,29.5,36.36,29.87,3.996248241
2017-08-21 10:00:00+00:00,TABS_X_1,27.066,-96.3383,1015.82,29.3,36.36,29.85,4.017486777
2017-08-21 10:30:00+00:00,TABS_X_1,27.066,-96.3383,1015.94,29.5,36.35,29.85,3.754051145
2017-08-21 11:00:00+00:00,TABS_X_1,27.066,-96.3383,1015.97,29.2,36.36,29.84,3.524656012
2017-08-21 11:30:00+00:00,TABS_X_1,27.066,-96.3383,1016.08,29.2,36.36,29.84,3.122338867
2017-08-21 12:00:00+00:00,TABS_X_1,27.066,-96.3383,1016.28,29.3,36.35,29.83,3.114161203
2017-08-21 12:30:00+00:00,TABS_X_1,27.066,-96.3383,1016.32,29.5,36.36,29.83,3.444836716
2017-08-21 13:00:00+00:00,TABS_X_1,27.066,-96.3383,1016.5,29.6,36.36,29.82,4.399659078
2017-08-21 13:30:00+00:00,TABS_X_1,27.066,-96.3383,1016.68,29.8,36.36,29.84,4.256876789
2017-08-21 14:00:00+00:00,TABS_X_1,27.066,-96.3383,1016.84,29.7,36.36,29.84,4.034178975
2017-08-21 14:30:00+00:00,TABS_X_1,27.066,-96.3383,1017.05,29.6,36.36,29.85,3.920012755
2017-08-21 15:00:00+00:00,TABS_X_1,27.066,-96.3383,1017.27,29.6,36.36,29.87,3.832401336
2017-08-21 15:30:00+00:00,TABS_X_1,27.066,-96.3383,1017.56,29.7,36.36,29.89,4.670685175
2017-08-21 16:00:00+00:00,TABS_X_1,27.066,-96.3383,1017.68,29.4,36.36,29.91,4.311159937
2017-08-21 16:30:00+00:00,TABS_X_1,27.066,-96.3383,1017.59,29.4,36.37,29.93,3.530014164
2017-08-21 17:00:00+00:00,TABS_X_1,27.066,-96.3383,1017.51,29.2,36.36,29.96,3.695091339
2017-08-21 17:30:00+00:00,TABS_X_1,27.066,-96.3383,1017.27,29.4,36.37,29.99,3.395069955
2017-08-21 18:00:00+00:00,TABS_X_1,27.066,-96.3383,1017.01,29.5,36.29,30.07,3.893070767
2017-08-21 18:30:00+00:00,TABS_X_1,27.066,-96.3383,1016.78,29.4,36.27,30.08,3.866186752
2017-08-21 19:00:00+00:00,TABS_X_1,27.066,-96.3383,1016.74,29.4,36.27,30.07,4.494997219
2017-08-21 19:30:00+00:00,TABS_X_1,27.066,-96.3383,1016.58,28.9,36.25,30.05,5.38145891
2017-08-21 20:00:00+00:00,TABS_X_1,27.066,-96.3383,1016.35,29.3,36.25,30.12,3.855074578
2017-08-21 20:30:00+00:00,TABS_X_1,27.066,-96.3383,1016.17,29.6,36.26,30.15,4.562192455
2017-08-21 21:00:00+00:00,TABS_X_1,27.066,-96.3383,1016.17,29.7,36.26,30.19,5.009590802
2017-08-21 21:30:00+00:00,TABS_X_1,27.066,-96.3383,1016.01,29.5,36.26,30.21,4.642951647
2017-08-21 22:00:00+00:00,TABS_X_1,27.066,-96.3383,1015.91,29.6,36.27,30.24,5.232485069
2017-08-21 22:30:00+00:00,TABS_X_1,27.066,-96.3383,1015.91,29.7,36.27,30.23,5.255187913
2017-08-21 23:00:00+00:00,TABS_X_1,27.066,-96.3383,1015.81,29.8,36.27,30.22,6.506919394
2017-08-21 23:30:00+00:00,TABS_X_1,27.066,-96.3383,1016.09,30,36.28,30.2,6.294926529
2017-08-22 00:00:00+00:00,TABS_X_1,27.066,-96.3383,1016.12,29.8,36.27,30.19,6.365814952
2017-08-22 00:30:00+00:00,TABS_X_1,27.066,-96.3383,1016.38,29.5,36.27,30.16,6.664420455
2017-08-22 01:00:00+00:00,TABS_X_1,27.066,-96.3383,1016.75,29.6,36.27,30.15,6.809478688
2017-08-22 01:30:00+00:00,TABS_X_1,27.066,-96.3383,1016.96,29.5,36.27,30.14,6.908140126
2017-08-22 02:00:00+00:00,TABS_X_1,27.066,-96.3383,1017.08,29.6,36.27,30.1,7.221855717
2017-08-22 02:30:00+00:00,TABS_X_1,27.066,-96.3383,1017.26,29.6,36.27,30.08,7.051248116
2017-08-22 03:00:00+00:00,TABS_X_1,27.066,-96.3383,1017.63,29.8,36.26,30.08,6.582795759
2017-08-22 03:30:00+00:00,TABS_X_1,27.066,-96.3383,1017.59,29.6,36.26,30.07,6.830592946
2017-08-22 04:00:00+00:00,TABS_X_1,27.066,-96.3383,1017.56,29.5,36.26,30.06,6.885673533
2017-08-22 04:30:00+00:00,TABS_X_1,27.066,-96.3383,1017.94,29.5,36.26,30.04,6.532633466
2017-08-22 05:00:00+00:00,TABS_X_1,27.066,-96.3383,1017.77,28,36.25,30.03,4.277756421
2017-08-22 05:30:00+00:00,TABS_X_1,27.066,-96.3383,1017.42,27.9,36.25,30.01,5.21110353
2017-08-22 06:00:00+00:00,TABS_X_1,27.066,-96.3383,1017.1,29.3,36.25,30,4.62818539
2017-08-22 06:30:00+00:00,TABS_X_1,27.066,-96.3383,1016.7,29.2,36.25,30,4.335031718
2017-08-22 07:00:00+00:00,TABS_X_1,27.066,-96.3383,1016.68,28.4,36.25,30,4.532604108
2017-08-22 07:30:00+00:00,TABS_X_1,27.066,-96.3383,1016.38,29.1,36.25,29.98,4.16367626
2017-08-22 08:00:00+00:00,TABS_X_1,27.066,-96.3383,1016.34,28.8,36.24,29.97,5.375872022
2017-08-22 08:30:00+00:00,TABS_X_1,27.066,-96.3383,1015.98,29.1,36.25,29.96,4.453942074
2017-08-22 09:00:00+00:00,TABS_X_1,27.066,-96.3383,1015.82,29.2,36.24,29.95,4.431805501
2017-08-22 09:30:00+00:00,TABS_X_1,27.066,-96.3383,1015.47,29,36.24,29.91,4.47072701
2017-08-22 10:00:00+00:00,TABS_X_1,27.066,-96.3383,1015.29,28.8,36.25,29.88,3.602568528
2017-08-22 10:30:00+00:00,TABS_X_1,27.066,-96.3383,1015.2,28.8,36.26,29.87,3.308473968
2017-08-22 11:00:00+00:00,TABS_X_1,27.066,-96.3383,1015.47,28.9,36.26,29.85,1.748742405
2017-08-22 11:30:00+00:00,TABS_X_1,27.066,-96.3383,1015.64,28.8,36.27,29.85,2.828002829
2017-08-22 12:00:00+00:00,TABS_X_1,27.066,-96.3383,1015.77,29.1,36.28,29.84,3.019420474
2017-08-22 12:30:00+00:00,TABS_X_1,27.066,-96.3383,1016.11,29.2,36.28,29.84,2.334373578
2017-08-22 13:00:00+00:00,TABS_X_1,27.066,-96.3383,1016.42,29.5,36.29,29.84,2.773589732
2017-08-22 13:30:00+00:00,TABS_X_1,27.066,-96.3383,1016.74,29.2,36.29,29.83,2.913846255
2017-08-22 14:00:00+00:00,TABS_X_1,27.066,-96.3383,1016.89,29.5,36.3,29.8,2.789211358
2017-08-22 14:30:00+00:00,TABS_X_1,27.066,-96.3383,1017.27,29.4,36.31,29.78,3.399485255
2017-08-22 15:00:00+00:00,TABS_X_1,27.066,-96.3383,1017.55,29.1,36.31,29.77,4.386935149
2017-08-22 15:30:00+00:00,TABS_X_1,27.066,-96.3383,1017.54,29.4,36.32,29.77,4.717297955
2017-08-22 16:00:00+00:00,TABS_X_1,27.066,-96.3383,1017.72,29.2,36.32,29.8,4.483859944
2017-08-22 16:30:00+00:00,TABS_X_1,27.066,-96.3383,1017.97,29.4,36.32,29.82,4.340368648
2017-08-22 17:00:00+00:00,TABS_X_1,27.066,-96.3383,1017.71,29.2,36.31,29.83,4.017076051
2017-08-22 17:30:00+00:00,TABS_X_1,27.066,-96.3383,1017.7,29.3,36.31,29.82,3.637320442
2017-08-22 18:00:00+00:00,TABS_X_1,27.066,-96.3383,1017.55,29.4,36.3,29.86,4.212837524
2017-08-22 18:30:00+00:00,TABS_X_1,27.066,-96.3383,1017.19,29.9,36.3,29.89,3.758257575
2017-08-22 19:00:00+00:00,TABS_X_1,27.066,-96.3383,1016.9,29.5,36.29,29.91,4.855687387
2017-08-22 19:30:00+00:00,TABS_X_1,27.066,-96.3383,1016.61,29.6,36.29,29.91,5.084220688
2017-08-22 20:00:00+00:00,TABS_X_1,27.066,-96.3383,1016.56,29.5,36.31,29.92,4.795518741
2017-08-22 20:30:00+00:00,TABS_X_1,27.066,-96.3383,1016.25,29.8,36.33,29.94,4.472940867
2017-08-22 21:00:00+00:00,TABS_X_1,27.066,-96.3383,1015.86,29.4,36.33,29.95,5.224748798
2017-08-22 21:30:00+00:00,TABS_X_1,27.066,-96.3383,1015.79,29.7,36.33,29.95,5.85
2017-08-22 22:00:00+00:00,TABS_X_1,27.066,-96.3383,1015.49,29.3,36.34,29.93,4.898264999
2017-08-22 22:30:00+00:00,TABS_X_1,27.066,-96.3383,1015.19,29.6,36.34,29.92,4.607222591
2017-08-22 23:00:00+00:00,TABS_X_1,27.066,-96.3383,1015.16,29.6,36.34,29.9,4.590272323
2017-08-22 23:30:00+00:00,TABS_X_1,27.066,-96.3383,1014.99,29.7,36.34,29.88,4.297871566
2017-08-23 00:00:00+00:00,TABS_X_1,27.066,-96.3383,1015.02,29.6,36.34,29.85,4.386490625
2017-08-23 00:30:00+00:00,TABS_X_1,27.066,-96.3383,1015.02,29.3,36.34,29.83,4.775824536
2017-08-23 01:00:00+00:00,TABS_X_1,27.066,-96.3383,1014.86,29.4,36.34,29.78,4.959042246
2017-08-23 01:30:00+00:00,TABS_X_1,27.066,-96.3383,1014.92,29.4,36.34,29.73,5.572297551
2017-08-23 02:00:00+00:00,TABS_X_1,27.066,-96.3383,1015.13,29.4,36.34,29.69,5.370856542
2017-08-23 02:30:00+00:00,TABS_X_1,27.066,-96.3383,1015.12,29,36.34,29.64,5.132056118
2017-08-23 03:00:00+00:00,TABS_X_1,27.066,-96.3383,1015.1,29.3,36.35,29.58,5.155288547
2017-08-23 03:30:00+00:00,TABS_X_1,27.066,-96.3383,1015.01,29.2,36.34,29.55,6.125112244
2017-08-23 04:00:00+00:00,TABS_X_1,27.066,-96.3383,1015.06,29.4,36.35,29.49,5.209731279
2017-08-23 04:30:00+00:00,TABS_X_1,27.066,-96.3383,1015.14,29.2,36.35,29.46,5.472202482
2017-08-23 05:00:00+00:00,TABS_X_1,27.066,-96.3383,1014.98,29.2,36.35,29.44,4.801385217
2017-08-23 05:30:00+00:00,TABS_X_1,27.066,-96.3383,1015.09,29.2,36.35,29.43,3.949329057
2017-08-23 06:00:00+00:00,TABS_X_1,27.066,-96.3383,1015.06,29.4,36.35,29.42,4.382442241
2017-08-23 06:30:00+00:00,TABS_X_1,27.066,-96.3383,1014.89,29.2,36.35,29.35,4.798770676
2017-08-23 07:00:00+00:00,TABS_X_1,27.066,-96.3383,1014.64,29.2,36.34,29.33,4.90209139
2017-08-23 07:30:00+00:00,TABS_X_1,27.066,-96.3383,1014.36,29.4,36.34,29.29,3.747745989
2017-08-23 08:00:00+00:00,TABS_X_1,27.066,-96.3383,1014.33,29.3,36.33,29.24,2.467589917
2017-08-23 08:30:00+00:00,TABS_X_1,27.066,-96.3383,1014.29,29.3,36.33,29.19,2.560078124
2017-08-23 09:00:00+00:00,TABS_X_1,27.066,-96.3383,1014.16,29.1,36.32,29.14,2.694327374
2017-08-23 09:30:00+00:00,TABS_X_1,27.066,-96.3383,1014.11,29.2,36.32,29.12,2.360275408
2017-08-23 10:00:00+00:00,TABS_X_1,27.066,-96.3383,1014.22,28.9,36.32,29.1,1.646147017
2017-08-23 10:30:00+00:00,TABS_X_1,27.066,-96.3383,1014.24,28.9,36.32,29.1,2.449203952
2017-08-23 11:00:00+00:00,TABS_X_1,27.066,-96.3383,1014.32,29,36.32,29.13,2.223960431
2017-08-23 11:30:00+00:00,TABS_X_1,27.066,-96.3383,1014.38,28.9,36.33,29.17,2.362392855
2017-08-23 12:00:00+00:00,TABS_X_1,27.066,-96.3383,1014.37,28.8,36.33,29.18,1.575436447
2017-08-23 12:30:00+00:00,TABS_X_1,27.066,-96.3383,1014.29,29.4,36.33,29.21,1.463728117
2017-08-23 13:00:00+00:00,TABS_X_1,27.066,-96.3383,1014.3,29.6,36.33,29.24,1.931967909
2017-08-23 13:30:00+00:00,TABS_X_1,27.066,-96.3383,1014.37,29.7,36.33,29.26,1.539123127
2017-08-23 14:00:00+00:00,TABS_X_1,27.066,-96.3383,1014.4,29.5,36.33,29.28,1.95532606
2017-08-23 14:30:00+00:00,TABS_X_1,27.066,-96.3383,1014.58,29.5,36.33,29.35,1.692837854
2017-08-23 15:00:00+00:00,TABS_X_1,27.066,-96.3383,1014.62,29.4,36.33,29.46,2.141121202
2017-08-23 15:30:00+00:00,TABS_X_1,27.066,-96.3383,1014.58,29.4,36.33,29.53,2.553448648
2017-08-23 16:00:00+00:00,TABS_X_1,27.066,-96.3383,1014.67,29.2,36.37,29.62,2.83301959
2017-08-23 16:30:00+00:00,TABS_X_1,27.066,-96.3383,1014.67,29.4,36.33,29.69,3.167917297
2017-08-23 17:00:00+00:00,TABS_X_1,27.066,-96.3383,1014.29,29.3,36.35,29.71,3.684087404
2017-08-23 17:30:00+00:00,TABS_X_1,27.066,-96.3383,1013.96,29.3,36.34,29.84,3.712155708
2017-08-23 18:00:00+00:00,TABS_X_1,27.066,-96.3383,1013.73,29.3,36.36,29.82,3.971322198
2017-08-23 18:30:00+00:00,TABS_X_1,27.066,-96.3383,1013.56,29.3,36.34,29.83,4.69691388
2017-08-23 19:00:00+00:00,TABS_X_1,27.066,-96.3383,1013.24,29.2,36.37,29.92,4.941457275
2017-08-23 19:30:00+00:00,TABS_X_1,27.066,-96.3383,1012.75,29.4,36.36,29.96,4.719205442
2017-08-23 20:00:00+00:00,TABS_X_1,27.066,-96.3383,1012.51,29.3,36.38,29.96,5.063852289
2017-08-23 20:30:00+00:00,TABS_X_1,27.066,-96.3383,1012.04,29.6,36.37,29.96,5.582015765
2017-08-23 21:00:00+00:00,TABS_X_1,27.066,-96.3383,1011.59,29.5,36.36,29.97,5.586215177
2017-08-23 21:30:00+00:00,TABS_X_1,27.066,-96.3383,1011.44,29.4,36.36,29.89,5.968249325
2017-08-23 22:00:00+00:00,TABS_X_1,27.066,-96.3383,1011.16,29.6,36.36,29.89,5.797766811
2017-08-23 22:30:00+00:00,TABS_X_1,27.066,-96.3383,1011.09,29.7,36.35,29.87,5.321353211
2017-08-24 00:00:00+00:00,TABS_X_1,27.066,-96.3383,1010.94,29.6,36.35,29.8,5.388033036
2017-08-24 00:30:00+00:00,TABS_X_1,27.066,-96.3383,1011.2,29.4,36.35,29.78,5.290368607
2017-08-24 01:00:00+00:00,TABS_X_1,27.066,-96.3383,1011.28,29.1,36.35,29.75,5.688980577
2017-08-24 01:30:00+00:00,TABS_X_1,27.066,-96.3383,1011.2,29,36.35,29.74,5.717779289
2017-08-24 02:00:00+00:00,TABS_X_1,27.066,-96.3383,1011.21,29.4,36.35,29.72,5.937086828
2017-08-24 02:30:00+00:00,TABS_X_1,27.066,-96.3383,1011.11,29.1,36.35,29.7,6.087372175
2017-08-24 03:00:00+00:00,TABS_X_1,27.066,-96.3383,1011.04,29.4,36.35,29.68,5.494087731
2017-08-24 03:30:00+00:00,TABS_X_1,27.066,-96.3383,1011.16,29.3,36.35,29.66,5.800982675
2017-08-24 04:00:00+00:00,TABS_X_1,27.066,-96.3383,1011.26,29.5,36.35,29.64,5.600401771
2017-08-24 04:30:00+00:00,TABS_X_1,27.066,-96.3383,1011.35,29.3,36.35,29.62,6.182313483
2017-08-24 05:00:00+00:00,TABS_X_1,27.066,-96.3383,1011.35,29.2,36.35,29.59,5.877159178
2017-08-24 05:30:00+00:00,TABS_X_1,27.066,-96.3383,1011.24,29.3,36.35,29.58,5.198509402
2017-08-24 06:00:00+00:00,TABS_X_1,27.066,-96.3383,1010.86,29.3,36.35,29.57,4.672408373
2017-08-24 06:30:00+00:00,TABS_X_1,27.066,-96.3383,1010.61,29.2,36.35,29.57,4.548988899
2017-08-24 07:00:00+00:00,TABS_X_1,27.066,-96.3383,1010.4,29,36.35,29.56,4.254656273
2017-08-24 07:30:00+00:00,TABS_X_1,27.066,-96.3383,1010.26,29.1,36.35,29.55,4.316688546
2017-08-24 08:00:00+00:00,TABS_X_1,27.066,-96.3383,1010.1,29,36.35,29.54,5.05775642
2017-08-24 08:30:00+00:00,TABS_X_1,27.066,-96.3383,1010.07,29.3,36.34,29.5,4.980250998
2017-08-24 09:00:00+00:00,TABS_X_1,27.066,-96.3383,1009.97,29.2,36.35,29.47,4.468064458
2017-08-24 09:30:00+00:00,TABS_X_1,27.066,-96.3383,1009.87,29.3,36.35,29.44,3.312959402
2017-08-24 10:00:00+00:00,TABS_X_1,27.066,-96.3383,1009.97,29.2,36.34,29.43,3.4505217
2017-08-24 10:30:00+00:00,TABS_X_1,27.066,-96.3383,1010.08,29.1,36.34,29.43,3.275423637
2017-08-24 11:00:00+00:00,TABS_X_1,27.066,-96.3383,1010.26,29.1,36.34,29.42,3.526613106
2017-08-24 11:30:00+00:00,TABS_X_1,27.066,-96.3383,1010.33,28.9,36.35,29.42,3.381508539
2017-08-24 12:00:00+00:00,TABS_X_1,27.066,-96.3383,1010.73,29.3,36.34,29.42,4.39605505
2017-08-24 12:30:00+00:00,TABS_X_1,27.066,-96.3383,1010.86,29,36.34,29.44,4.899795914
2017-08-24 13:00:00+00:00,TABS_X_1,27.066,-96.3383,1010.47,29.1,36.34,29.42,4.9916931
2017-08-24 13:30:00+00:00,TABS_X_1,27.066,-96.3383,1010.74,29.2,36.34,29.41,4.903977977
2017-08-24 14:00:00+00:00,TABS_X_1,27.066,-96.3383,1010.75,29.5,36.34,29.4,4.896304729
2017-08-24 14:30:00+00:00,TABS_X_1,27.066,-96.3383,1010.51,28.1,36.32,29.38,3.470057636
2017-08-24 15:00:00+00:00,TABS_X_1,27.066,-96.3383,1010.72,28.6,36.34,29.39,6.364911625
2017-08-24 15:30:00+00:00,TABS_X_1,27.066,-96.3383,1011.03,29.1,36.34,29.4,5.623602049
2017-08-24 16:00:00+00:00,TABS_X_1,27.066,-96.3383,1011,29.2,36.34,29.44,5.867623028
2017-08-24 16:30:00+00:00,TABS_X_1,27.066,-96.3383,1010.5,29.5,36.34,29.45,6.338280524
2017-08-24 17:00:00+00:00,TABS_X_1,27.066,-96.3383,1010.72,27.7,36.34,29.46,5.540198552
2017-08-24 17:30:00+00:00,TABS_X_1,27.066,-96.3383,1010.57,28.7,36.34,29.48,6.260798671
2017-08-24 18:00:00+00:00,TABS_X_1,27.066,-96.3383,1009.82,28.7,36.33,29.51,6.0280428
2017-08-24 18:30:00+00:00,TABS_X_1,27.066,-96.3383,1009.42,29.2,36.33,29.54,7.749077364
2017-08-24 19:00:00+00:00,TABS_X_1,27.066,-96.3383,1009.26,29.3,36.32,29.55,7.926064597
2017-08-24 19:30:00+00:00,TABS_X_1,27.066,-96.3383,1008.89,27.8,36.32,29.58,9.683207113
2017-08-24 20:00:00+00:00,TABS_X_1,27.066,-96.3383,1008.34,28.1,36.32,29.58,8.386298349
2017-08-24 20:30:00+00:00,TABS_X_1,27.066,-96.3383,1008.16,27.9,36.31,29.6,6.499430744
2017-08-24 21:00:00+00:00,TABS_X_1,27.066,-96.3383,1007.76,27.5,36.31,29.63,5.628943062
2017-08-24 21:30:00+00:00,TABS_X_1,27.066,-96.3383,1007.61,28.2,36.3,29.67,6.642085516
2017-08-24 22:00:00+00:00,TABS_X_1,27.066,-96.3383,1006.71,28.7,36.3,29.69,7.058817181
2017-08-24 22:30:00+00:00,TABS_X_1,27.066,-96.3383,1006.71,29.1,36.3,29.72,7.873042614
2017-08-24 23:00:00+00:00,TABS_X_1,27.066,-96.3383,1006.79,29.3,36.3,29.74,7.34466473
2017-08-24 23:30:00+00:00,TABS_X_1,27.066,-96.3383,1006.52,29.2,36.3,29.75,8.0012624
2017-08-25 00:00:00+00:00,TABS_X_1,27.066,-96.3383,1006.32,29.1,36.3,29.75,9.635273738
2017-08-25 00:30:00+00:00,TABS_X_1,27.066,-96.3383,1006.36,29,36.3,29.74,9.282785142
2017-08-25 01:00:00+00:00,TABS_X_1,27.066,-96.3383,1006.68,29.1,36.3,29.73,8.662620851
2017-08-25 01:30:00+00:00,TABS_X_1,27.066,-96.3383,1006.42,29.1,36.3,29.72,8.678813283
2017-08-25 02:00:00+00:00,TABS_X_1,27.066,-96.3383,1006.58,28.5,36.3,29.69,9.509879074
2017-08-25 02:30:00+00:00,TABS_X_1,27.066,-96.3383,1006.97,27.1,36.29,29.66,12.88640369
2017-08-25 03:00:00+00:00,TABS_X_1,27.066,-96.3383,1006.38,27.7,36.3,29.64,9.690701729
2017-08-25 03:30:00+00:00,TABS_X_1,27.066,-96.3383,1006.61,28.5,36.3,29.61,10.87313202
2017-08-25 04:00:00+00:00,TABS_X_1,27.066,-96.3383,1006.53,27.9,36.3,29.59,9.343794732
2017-08-25 04:30:00+00:00,TABS_X_1,27.066,-96.3383,1006.07,28.5,36.31,29.58,10.1492512
2017-08-25 05:00:00+00:00,TABS_X_1,27.066,-96.3383,1005.62,28.5,36.31,29.57,10.23222361
2017-08-25 05:30:00+00:00,TABS_X_1,27.066,-96.3383,1004.75,27.4,36.31,29.56,10.68521408
2017-08-25 06:00:00+00:00,TABS_X_1,27.066,-96.3383,1004.54,27.9,36.31,29.56,10.6619698
2017-08-25 06:30:00+00:00,TABS_X_1,27.066,-96.3383,1003.95,26.1,36.29,29.55,13.10505628
2017-08-25 07:00:00+00:00,TABS_X_1,27.066,-96.3383,1003.59,27.3,36.3,29.54,10.97625164
2017-08-25 07:30:00+00:00,TABS_X_1,27.066,-96.3383,1003.07,27.2,36.3,29.53,11.65003863
2017-08-25 08:00:00+00:00,TABS_X_1,27.066,-96.3383,1002.73,26.7,36.29,29.51,12.74759585
2017-08-25 08:30:00+00:00,TABS_X_1,27.066,-96.3383,1001.63,27.3,36.3,29.48,10.74804633
2017-08-25 09:00:00+00:00,TABS_X_1,27.066,-96.3383,1000.81,28.2,36.31,29.49,12.13920096
2017-08-25 09:30:00+00:00,TABS_X_1,27.066,-96.3383,999.91,28,36.31,29.48,11.5273978
2017-08-25 10:00:00+00:00,TABS_X_1,27.066,-96.3383,999.69,28.1,36.31,29.47,10.97612864
2017-08-25 10:30:00+00:00,TABS_X_1,27.066,-96.3383,999.42,27.1,36.29,29.46,10.09979208
2017-08-25 11:00:00+00:00,TABS_X_1,27.066,-96.3383,998.25,27,36.25,29.47,8.082969751
2017-08-25 11:30:00+00:00,TABS_X_1,27.066,-96.3383,997.27,27.3,36.27,29.46,13.16969628
2017-08-25 12:00:00+00:00,TABS_X_1,27.066,-96.3383,995.6,27.8,36.27,29.47,13.51998891
2017-08-25 12:30:00+00:00,TABS_X_1,27.066,-96.3383,994.94,26.8,36.26,29.45,12.93213053
2017-08-25 13:00:00+00:00,TABS_X_1,27.066,-96.3383,994.5,26.9,36.08,29.44,12.90930285
2017-08-25 13:30:00+00:00,TABS_X_1,27.066,-96.3383,991.09,26.7,36.26,29.44,12.76324802
2017-08-25 14:00:00+00:00,TABS_X_1,27.066,-96.3383,991.09,26.4,36.21,29.44,12.33857771
2017-08-25 14:30:00+00:00,TABS_X_1,27.066,-96.3383,987.68,26.6,36.25,29.42,14.66359438
2017-08-25 15:00:00+00:00,TABS_X_1,27.066,-96.3383,980.98,26.1,36.26,29.39,13.86262962
2017-08-25 15:30:00+00:00,TABS_X_1,27.066,-96.3383,977.06,26.2,36.24,29.35,15.13995046
2017-08-25 16:00:00+00:00,TABS_X_1,27.066,-96.3383,967.98,27.6,36.17,29.32,0
2017-08-25 16:30:00+00:00,TABS_X_1,27.066,-96.3383,958.71,0,36.21,29.18,0
2017-08-25 17:00:00+00:00,TABS_X_1,27.066,-96.3383,947.43,0,36.24,28.92,0
2017-08-25 17:30:00+00:00,TABS_X_1,27.066,-96.3383,947.23,0,36.25,28.67,0
2017-08-25 18:00:00+00:00,TABS_X_1,27.066,-96.3383,949.17,27.9,36.26,28.5,0
2017-08-25 18:30:00+00:00,TABS_X_1,27.066,-96.3383,956.24,0,36.23,28.31,0
2017-08-25 19:00:00+00:00,TABS_X_1,27.066,-96.3383,967.53,0,36.14,28.11,0
2017-08-25 19:30:00+00:00,TABS_X_1,27.066,-96.3383,975.9,0,36.15,27.83,0
2017-08-25 20:00:00+00:00,TABS_X_1,27.066,-96.3383,982.97,0,36.22,27.65,0
2017-08-25 20:30:00+00:00,TABS_X_1,27.066,-96.3383,986.34,0,36.15,27.48,0
2017-08-25 21:00:00+00:00,TABS_X_1,27.066,-96.3383,987.93,0,36.18,27.48,0
2017-08-25 21:30:00+00:00,TABS_X_1,27.066,-96.3383,990.59,0,36.17,27.54,0
2017-08-25 22:00:00+00:00,TABS_X_1,27.066,-96.3383,992.06,0,36.16,27.6,0
2017-08-25 22:30:00+00:00,TABS_X_1,27.066,-96.3383,994.08,0,36.17,27.61,0
2017-08-25 23:00:00+00:00,TABS_X_1,27.066,-96.3383,995.23,0,36.18,27.57,0
2017-08-25 23:30:00+00:00,TABS_X_1,27.066,-96.3383,995.07,0,36.19,27.48,0
2017-08-26 00:00:00+00:00,TABS_X_1,27.066,-96.3383,996.69,0,36.17,27.44,0
2017-08-26 00:30:00+00:00,TABS_X_1,27.066,-96.3383,998.39,26.9,36.21,27.31,0
2017-08-26 01:00:00+00:00,TABS_X_1,27.066,-96.3383,998.54,0,36.21,27.11,0
2017-08-26 01:30:00+00:00,TABS_X_1,27.066,-96.3383,999.25,27,36.24,26.97,0
2017-08-26 02:00:00+00:00,TABS_X_1,27.066,-96.3383,1000.44,27.1,36.25,26.73,0
2017-08-26 02:30:00+00:00,TABS_X_1,27.066,-96.3383,1000.81,26.9,36.28,26.42,0
2017-08-26 03:00:00+00:00,TABS_X_1,27.066,-96.3383,1001.71,26.9,36.29,26.15,0
2017-08-26 03:30:00+00:00,TABS_X_1,27.066,-96.3383,1003.17,26.9,36.28,25.92,0
2017-08-26 04:00:00+00:00,TABS_X_1,27.066,-96.3383,1003.17,27,36.31,25.72,0
2017-08-26 04:30:00+00:00,TABS_X_1,27.066,-96.3383,1004.4,27.1,36.3,25.64,0
2017-08-26 05:00:00+00:00,TABS_X_1,27.066,-96.3383,1003.98,27.1,36.32,25.49,0
2017-08-26 05:30:00+00:00,TABS_X_1,27.066,-96.3383,1005.05,27.3,36.31,25.4,0
2017-08-26 06:00:00+00:00,TABS_X_1,27.066,-96.3383,1005.13,27.2,36.31,25.35,0
2017-08-26 06:30:00+00:00,TABS_X_1,27.066,-96.3383,1005.31,27.1,36.31,25.32,0
2017-08-26 07:00:00+00:00,TABS_X_1,27.066,-96.3383,1005.55,27.4,36.31,25.32,0
2017-08-26 07:30:00+00:00,TABS_X_1,27.066,-96.3383,1005.49,27.3,36.31,25.3,0
2017-08-26 08:00:00+00:00,TABS_X_1,27.066,-96.3383,1005.23,27.2,36.31,25.3,0
2017-08-26 08:30:00+00:00,TABS_X_1,27.066,-96.3383,1005.71,27.6,36.3,25.31,0
2017-08-26 09:00:00+00:00,TABS_X_1,27.066,-96.3383,1005.88,27.5,36.31,25.27,0
2017-08-26 09:30:00+00:00,TABS_X_1,27.066,-96.3383,1005.8,27.5,36.3,25.31,0
2017-08-26 10:00:00+00:00,TABS_X_1,27.066,-96.3383,1005.83,27,36.3,25.3,0
2017-08-26 10:30:00+00:00,TABS_X_1,27.066,-96.3383,1006.03,26.7,36.3,25.26,0
2017-08-26 11:00:00+00:00,TABS_X_1,27.066,-96.3383,1006.28,26.6,36.3,25.26,0
2017-08-26 11:30:00+00:00,TABS_X_1,27.066,-96.3383,1006.8,26.9,36.3,25.26,0
2017-08-26 12:00:00+00:00,TABS_X_1,27.066,-96.3383,1006.83,27.1,36.3,25.26,0
2017-08-26 12:30:00+00:00,TABS_X_1,27.066,-96.3383,1007.53,27,36.3,25.23,0
2017-08-26 13:00:00+00:00,TABS_X_1,27.066,-96.3383,1007.61,27.2,36.3,25.23,0
2017-08-26 13:30:00+00:00,TABS_X_1,27.066,-96.3383,1008.24,27.4,36.31,25.2,0
2017-08-26 14:00:00+00:00,TABS_X_1,27.066,-96.3383,1008.45,27.3,36.31,25.18,0
2017-08-26 14:30:00+00:00,TABS_X_1,27.066,-96.3383,1008.83,27.1,36.31,25.2,0
2017-08-26 15:00:00+00:00,TABS_X_1,27.066,-96.3383,1009.03,27.3,36.31,25.21,0
2017-08-26 15:30:00+00:00,TABS_X_1,27.066,-96.3383,1009.19,27.3,36.32,25.17,0
2017-08-26 16:00:00+00:00,TABS_X_1,27.066,-96.3383,1009.26,27.4,36.33,25.14,0
2017-08-26 16:30:00+00:00,TABS_X_1,27.066,-96.3383,1009.58,27.3,36.34,25.15,0
2017-08-26 17:00:00+00:00,TABS_X_1,27.066,-96.3383,1009.21,27.4,36.35,25.21,0
2017-08-26 17:30:00+00:00,TABS_X_1,27.066,-96.3383,1009.25,27.3,36.35,25.19,0
2017-08-26 18:00:00+00:00,TABS_X_1,27.066,-96.3383,1009.26,27,36.34,25.23,0
2017-08-26 18:30:00+00:00,TABS_X_1,27.066,-96.3383,1008.43,27,36.34,25.3,0
2017-08-26 19:00:00+00:00,TABS_X_1,27.066,-96.3383,1008.08,27,36.35,25.3,0
2017-08-26 19:30:00+00:00,TABS_X_1,27.066,-96.3383,1007.89,27,36.34,25.38,0
2017-08-26 20:00:00+00:00,TABS_X_1,27.066,-96.3383,1007.46,27.1,36.34,25.41,0
2017-08-26 20:30:00+00:00,TABS_X_1,27.066,-96.3383,1007.11,27.3,36.33,25.43,0
2017-08-26 21:00:00+00:00,TABS_X_1,27.066,-96.3383,1007.1,27.2,36.33,25.43,0
2017-08-26 21:30:00+00:00,TABS_X_1,27.066,-96.3383,1007.28,27.4,36.33,25.43,0
2017-08-26 22:00:00+00:00,TABS_X_1,27.066,-96.3383,1008.5,27.5,36.33,25.42,0
2017-08-26 22:30:00+00:00,TABS_X_1,27.066,-96.3383,1008.96,28.2,36.31,25.44,0
2017-08-26 23:00:00+00:00,TABS_X_1,27.066,-96.3383,1009,26.4,36.3,25.42,0
2017-08-26 23:30:00+00:00,TABS_X_1,27.066,-96.3383,1008.83,26.5,36.31,25.4,0
2017-08-27 00:00:00+00:00,TABS_X_1,27.066,-96.3383,1008.78,26.5,36.31,25.41,0
2017-08-27 00:30:00+00:00,TABS_X_1,27.066,-96.3383,1009.2,26.5,36.31,25.42,0
2017-08-27 01:00:00+00:00,TABS_X_1,27.066,-96.3383,1009.24,26.6,36.31,25.39,0
2017-08-27 01:30:00+00:00,TABS_X_1,27.066,-96.3383,1009.2,26.6,36.31,25.37,0
2017-08-27 02:00:00+00:00,TABS_X_1,27.066,-96.3383,1009.3,26.7,36.32,25.37,0
2017-08-27 02:30:00+00:00,TABS_X_1,27.066,-96.3383,1009.34,26.9,36.32,25.34,0
2017-08-27 03:00:00+00:00,TABS_X_1,27.066,-96.3383,1009.35,26.7,36.32,25.3,0
2017-08-27 03:30:00+00:00,TABS_X_1,27.066,-96.3383,1009.49,26.9,36.33,25.25,0
2017-08-27 04:00:00+00:00,TABS_X_1,27.066,-96.3383,1009.61,27.1,36.33,25.2,0
2017-08-27 04:30:00+00:00,TABS_X_1,27.066,-96.3383,1009.56,27,36.33,25.17,0
2017-08-27 05:00:00+00:00,TABS_X_1,27.066,-96.3383,1009.39,26.9,36.33,25.13,0
2017-08-27 05:30:00+00:00,TABS_X_1,27.066,-96.3383,1009.03,27,36.34,25.1,0
2017-08-27 06:00:00+00:00,TABS_X_1,27.066,-96.3383,1008.87,27,36.34,25.09,0
2017-08-27 06:30:00+00:00,TABS_X_1,27.066,-96.3383,1008.62,26.4,36.34,25.06,0
2017-08-27 07:00:00+00:00,TABS_X_1,27.066,-96.3383,1008.15,27.1,36.34,25.03,0
2017-08-27 07:30:00+00:00,TABS_X_1,27.066,-96.3383,1007.49,27,36.34,25,0
2017-08-27 08:00:00+00:00,TABS_X_1,27.066,-96.3383,1007.22,27,36.33,24.93,0
2017-08-27 08:30:00+00:00,TABS_X_1,27.066,-96.3383,1007.53,26.1,36.33,24.89,0
2017-08-27 09:00:00+00:00,TABS_X_1,27.066,-96.3383,1007.35,25.9,36.33,24.86,0
2017-08-27 09:30:00+00:00,TABS_X_1,27.066,-96.3383,1007.3,26.4,36.33,24.86,0
2017-08-27 10:00:00+00:00,TABS_X_1,27.066,-96.3383,1006.96,26.3,36.33,24.85,0
2017-08-27 10:30:00+00:00,TABS_X_1,27.066,-96.3383,1006.69,26.6,36.33,24.86,0
2017-08-27 11:00:00+00:00,TABS_X_1,27.066,-96.3383,1007,26.5,36.34,24.89,0
2017-08-27 11:30:00+00:00,TABS_X_1,27.066,-96.3383,1007.12,26.8,36.34,24.93,0
2017-08-27 12:00:00+00:00,TABS_X_1,27.066,-96.3383,1007.41,26.9,36.35,24.96,0
2017-08-27 12:30:00+00:00,TABS_X_1,27.066,-96.3383,1007.54,27.1,36.35,24.98,0
2017-08-27 13:00:00+00:00,TABS_X_1,27.066,-96.3383,1007.81,26.8,36.35,24.98,0
2017-08-27 13:30:00+00:00,TABS_X_1,27.066,-96.3383,1008.23,26.8,36.35,25,0
2017-08-27 14:00:00+00:00,TABS_X_1,27.066,-96.3383,1007.85,26.5,36.35,25,0
2017-08-27 14:30:00+00:00,TABS_X_1,27.066,-96.3383,1007.81,26.8,36.35,25.03,0
2017-08-27 15:00:00+00:00,TABS_X_1,27.066,-96.3383,1007.91,26.9,36.35,25.04,0
2017-08-27 15:30:00+00:00,TABS_X_1,27.066,-96.3383,1008.26,26.9,36.35,25.07,0
2017-08-27 16:00:00+00:00,TABS_X_1,27.066,-96.3383,1008.35,26.8,36.35,25.08,0
2017-08-27 16:30:00+00:00,TABS_X_1,27.066,-96.3383,1007.81,26.5,36.35,25.11,0
2017-08-27 17:00:00+00:00,TABS_X_1,27.066,-96.3383,1008.21,27,36.35,25.16,0
2017-08-27 17:30:00+00:00,TABS_X_1,27.066,-96.3383,1007.6,26.9,36.35,25.17,0
2017-08-27 18:00:00+00:00,TABS_X_1,27.066,-96.3383,1007.61,27,36.35,25.15,0
2017-08-27 18:30:00+00:00,TABS_X_1,27.066,-96.3383,1007.06,27,36.35,25.15,0
2017-08-27 19:00:00+00:00,TABS_X_1,27.066,-96.3383,1006.71,27.1,36.35,25.18,0
2017-08-27 19:30:00+00:00,TABS_X_1,27.066,-96.3383,1006.15,27.2,36.35,25.22,0
2017-08-27 20:00:00+00:00,TABS_X_1,27.066,-96.3383,1006,27.1,36.36,25.26,0
2017-08-27 20:30:00+00:00,TABS_X_1,27.066,-96.3383,1005.48,27.1,36.36,25.28,0
2017-08-27 21:00:00+00:00,TABS_X_1,27.066,-96.3383,1005.19,26.8,36.36,25.26,0
2017-08-27 21:30:00+00:00,TABS_X_1,27.066,-96.3383,1004.93,26.9,36.36,25.24,0
2017-08-27 22:00:00+00:00,TABS_X_1,27.066,-96.3383,1004.98,27.3,36.35,25.24,0
2017-08-27 22:30:00+00:00,TABS_X_1,27.066,-96.3383,1004.95,27.1,36.35,25.26,0
2017-08-27 23:00:00+00:00,TABS_X_1,27.066,-96.3383,1004.85,27.4,36.36,25.27,0
2017-08-27 23:30:00+00:00,TABS_X_1,27.066,-96.3383,1004.79,27.1,36.36,25.29,0
2017-08-28 00:00:00+00:00,TABS_X_1,27.066,-96.3383,1005.11,26.7,36.35,25.3,0
2017-08-28 00:30:00+00:00,TABS_X_1,27.066,-96.3383,1005.49,26.4,36.35,25.32,0
2017-08-28 01:00:00+00:00,TABS_X_1,27.066,-96.3383,1005.58,26.3,36.35,25.34,0
2017-08-28 01:30:00+00:00,TABS_X_1,27.066,-96.3383,1006,26.3,36.35,25.37,0
2017-08-28 02:00:00+00:00,TABS_X_1,27.066,-96.3383,1006.16,26.4,36.35,25.46,0
2017-08-28 02:30:00+00:00,TABS_X_1,27.066,-96.3383,1005.83,26.5,36.35,25.47,0
2017-08-28 03:00:00+00:00,TABS_X_1,27.066,-96.3383,1005.48,26.6,36.35,25.47,0
2017-08-28 03:30:00+00:00,TABS_X_1,27.066,-96.3383,1005.85,26.6,36.35,25.46,0
2017-08-28 04:00:00+00:00,TABS_X_1,27.066,-96.3383,1005.81,26.6,36.35,25.47,0
2017-08-28 04:30:00+00:00,TABS_X_1,27.066,-96.3383,1005.46,26.3,36.35,25.47,0
2017-08-28 05:00:00+00:00,TABS_X_1,27.066,-96.3383,1005.37,26.1,36.35,25.47,0
2017-08-28 05:30:00+00:00,TABS_X_1,27.066,-96.3383,1004.85,26.2,36.35,25.47,0
2017-08-28 06:00:00+00:00,TABS_X_1,27.066,-96.3383,1004.47,26.2,36.35,25.46,0
2017-08-28 06:30:00+00:00,TABS_X_1,27.066,-96.3383,1004.43,26.1,36.35,25.47,0
2017-08-28 07:00:00+00:00,TABS_X_1,27.066,-96.3383,1003.9,26.3,36.35,25.47,0
2017-08-28 07:30:00+00:00,TABS_X_1,27.066,-96.3383,1004.18,26,36.35,25.46,0
2017-08-28 08:00:00+00:00,TABS_X_1,27.066,-96.3383,1003.99,26.1,36.35,25.47,0
2017-08-28 08:30:00+00:00,TABS_X_1,27.066,-96.3383,1004,25.9,36.36,25.44,0
2017-08-28 09:00:00+00:00,TABS_X_1,27.066,-96.3383,1004.03,26,36.36,25.44,0
2017-08-28 09:30:00+00:00,TABS_X_1,27.066,-96.3383,1003.86,25.6,36.36,25.44,0
2017-08-28 10:00:00+00:00,TABS_X_1,27.066,-96.3383,1003.74,24.4,36.36,25.43,0
2017-08-28 10:30:00+00:00,TABS_X_1,27.066,-96.3383,1004.1,24.1,36.36,25.4,0
2017-08-28 11:00:00+00:00,TABS_X_1,27.066,-96.3383,1004.36,23.8,36.36,25.32,0
2017-08-28 11:30:00+00:00,TABS_X_1,27.066,-96.3383,1004.17,23.8,36.36,25.31,0
2017-08-28 12:00:00+00:00,TABS_X_1,27.066,-96.3383,1004.45,23.5,36.36,25.3,0
2017-08-28 12:30:00+00:00,TABS_X_1,27.066,-96.3383,1004.95,23.5,36.36,25.31,0
2017-08-28 13:00:00+00:00,TABS_X_1,27.066,-96.3383,1004.44,23.5,36.36,25.31,0
2017-08-28 13:30:00+00:00,TABS_X_1,27.066,-96.3383,1004.62,23.4,36.36,25.31,0
2017-08-28 14:00:00+00:00,TABS_X_1,27.066,-96.3383,1004.71,23.6,36.36,25.31,0
2017-08-28 14:30:00+00:00,TABS_X_1,27.066,-96.3383,1004.82,23.7,36.36,25.32,0
2017-08-28 15:00:00+00:00,TABS_X_1,27.066,-96.3383,1004.75,23.9,36.36,25.32,0
2017-08-28 15:30:00+00:00,TABS_X_1,27.066,-96.3383,1004.88,23.8,36.36,25.31,0
2017-08-28 16:00:00+00:00,TABS_X_1,27.066,-96.3383,1004.42,23.8,36.36,25.3,0
2017-08-28 16:30:00+00:00,TABS_X_1,27.066,-96.3383,1004.74,24.5,36.37,25.31,0
2017-08-28 17:00:00+00:00,TABS_X_1,27.066,-96.3383,1004.12,24.6,36.36,25.33,0
2017-08-28 17:30:00+00:00,TABS_X_1,27.066,-96.3383,1004.52,24.3,36.36,25.33,0
2017-08-28 18:00:00+00:00,TABS_X_1,27.066,-96.3383,1003.84,24.6,36.36,25.35,0
2017-08-28 18:30:00+00:00,TABS_X_1,27.066,-96.3383,1004.13,24.8,36.36,25.38,0
2017-08-28 19:00:00+00:00,TABS_X_1,27.066,-96.3383,1003.69,25.1,36.36,25.43,0
2017-08-28 19:30:00+00:00,TABS_X_1,27.066,-96.3383,1003.93,25.3,36.36,25.45,0
2017-08-28 20:00:00+00:00,TABS_X_1,27.066,-96.3383,1003.5,25.2,36.36,25.48,0
2017-08-28 20:30:00+00:00,TABS_X_1,27.066,-96.3383,1003.6,25.1,36.36,25.5,0
2017-08-28 21:00:00+00:00,TABS_X_1,27.066,-96.3383,1004,25.1,36.36,25.52,0
2017-08-28 21:30:00+00:00,TABS_X_1,27.066,-96.3383,1003.98,24.7,36.36,25.52,0
2017-08-28 22:00:00+00:00,TABS_X_1,27.066,-96.3383,1003.66,24.8,36.36,25.58,0
2017-08-28 22:30:00+00:00,TABS_X_1,27.066,-96.3383,1003.39,25.3,36.36,25.6,0
2017-08-28 23:00:00+00:00,TABS_X_1,27.066,-96.3383,1003.94,25.4,36.36,25.62,0
2017-08-28 23:30:00+00:00,TABS_X_1,27.066,-96.3383,1004.35,25.1,36.36,25.62,0
2017-08-29 00:00:00+00:00,TABS_X_1,27.066,-96.3383,1003.9,24.4,36.36,25.63,0
2017-08-29 00:30:00+00:00,TABS_X_1,27.066,-96.3383,1003.98,25.4,36.36,25.64,0
2017-08-29 01:00:00+00:00,TABS_X_1,27.066,-96.3383,1004.23,26.1,36.32,25.65,0
2017-08-29 01:30:00+00:00,TABS_X_1,27.066,-96.3383,1004.09,25.7,36.34,25.76,0
2017-08-29 02:00:00+00:00,TABS_X_1,27.066,-96.3383,1004.01,25.4,36.33,25.74,0
2017-08-29 02:30:00+00:00,TABS_X_1,27.066,-96.3383,1004.53,24.6,36.33,25.84,0
2017-08-29 03:00:00+00:00,TABS_X_1,27.066,-96.3383,1004.58,24.3,36.32,25.85,0
2017-08-29 03:30:00+00:00,TABS_X_1,27.066,-96.3383,1004.89,24.8,36.33,25.84,0
2017-08-29 04:00:00+00:00,TABS_X_1,27.066,-96.3383,1004.97,25.2,36.33,25.84,0
2017-08-29 04:30:00+00:00,TABS_X_1,27.066,-96.3383,1004.66,25,36.34,25.8,0
2017-08-29 05:00:00+00:00,TABS_X_1,27.066,-96.3383,1004.82,24.6,36.33,25.82,0
2017-08-29 05:30:00+00:00,TABS_X_1,27.066,-96.3383,1005.04,25.4,36.35,25.78,0
2017-08-29 06:00:00+00:00,TABS_X_1,27.066,-96.3383,1005.13,25.3,36.36,25.7,0
2017-08-29 06:30:00+00:00,TABS_X_1,27.066,-96.3383,1004.49,24.7,36.37,25.66,0
2017-08-29 07:00:00+00:00,TABS_X_1,27.066,-96.3383,1004.37,24.5,36.36,25.66,0
2017-08-29 07:30:00+00:00,TABS_X_1,27.066,-96.3383,1004.36,24.5,36.36,25.66,0
2017-08-29 08:00:00+00:00,TABS_X_1,27.066,-96.3383,1004.31,25.5,36.36,25.65,0
2017-08-29 08:30:00+00:00,TABS_X_1,27.066,-96.3383,1004.18,25.3,36.36,25.67,0
2017-08-29 09:00:00+00:00,TABS_X_1,27.066,-96.3383,1004.61,25.3,36.36,25.69,0
2017-08-29 09:30:00+00:00,TABS_X_1,27.066,-96.3383,1004.63,25.1,36.35,25.74,0
2017-08-29 10:00:00+00:00,TABS_X_1,27.066,-96.3383,1005.09,25.3,36.35,25.77,0
2017-08-29 10:30:00+00:00,TABS_X_1,27.066,-96.3383,1004.98,25.4,36.35,25.77,0
2017-08-29 11:00:00+00:00,TABS_X_1,27.066,-96.3383,1005.25,25.2,36.29,25.95,0
2017-08-29 11:30:00+00:00,TABS_X_1,27.066,-96.3383,1005.32,25.4,36.32,25.93,0
2017-08-29 12:00:00+00:00,TABS_X_1,27.066,-96.3383,1005.75,25.2,36.33,25.9,0
2017-08-29 12:30:00+00:00,TABS_X_1,27.066,-96.3383,1006.17,25.4,36.33,25.87,0
2017-08-29 13:00:00+00:00,TABS_X_1,27.066,-96.3383,1006.28,25.3,36.34,25.85,0
2017-08-29 13:30:00+00:00,TABS_X_1,27.066,-96.3383,1007.05,25.2,36.34,25.86,0
2017-08-29 14:00:00+00:00,TABS_X_1,27.066,-96.3383,1006.96,25.7,36.34,25.85,0
2017-08-29 14:30:00+00:00,TABS_X_1,27.066,-96.3383,1007.12,25.5,36.32,25.9,0
2017-08-29 15:00:00+00:00,TABS_X_1,27.066,-96.3383,1007.35,0,36.34,25.87,0
2017-08-29 15:30:00+00:00,TABS_X_1,27.066,-96.3383,1007.89,25.6,36.3,25.96,0
2017-08-29 16:00:00+00:00,TABS_X_1,27.066,-96.3383,1008.13,25.7,36.32,25.99,0
2017-08-29 16:30:00+00:00,TABS_X_1,27.066,-96.3383,1008.02,25.9,36.32,25.97,0
2017-08-29 17:00:00+00:00,TABS_X_1,27.066,-96.3383,1008.07,26,36.31,25.98,0
2017-08-29 17:30:00+00:00,TABS_X_1,27.066,-96.3383,1008.46,26.2,36.29,25.99,0
2017-08-29 18:00:00+00:00,TABS_X_1,27.066,-96.3383,1008.36,26.5,36.3,26.05,0
2017-08-29 18:30:00+00:00,TABS_X_1,27.066,-96.3383,1008.03,26.6,36.3,26.07,0
2017-08-29 19:00:00+00:00,TABS_X_1,27.066,-96.3383,1007.95,26.6,36.27,26.12,0
2017-08-29 19:30:00+00:00,TABS_X_1,27.066,-96.3383,1007.95,27.1,36.18,26.25,0
2017-08-29 20:00:00+00:00,TABS_X_1,27.066,-96.3383,1007.9,27.6,36.22,26.32,0
2017-08-29 20:30:00+00:00,TABS_X_1,27.066,-96.3383,1007.87,27.8,36.22,26.35,0
2017-08-29 21:00:00+00:00,TABS_X_1,27.066,-96.3383,1007.89,27.7,36.21,26.35,0
2017-08-29 21:30:00+00:00,TABS_X_1,27.066,-96.3383,1007.57,27.9,36.22,26.35,0
2017-08-29 22:00:00+00:00,TABS_X_1,27.066,-96.3383,1007.77,28.1,36.22,26.34,0
2017-08-29 22:30:00+00:00,TABS_X_1,27.066,-96.3383,1007.8,28,36.17,26.35,0
2017-08-29 23:00:00+00:00,TABS_X_1,27.066,-96.3383,1007.68,28.2,36.19,26.36,0
2017-08-29 23:30:00+00:00,TABS_X_1,27.066,-96.3383,1007.67,28.3,36.2,26.38,0
2017-08-30 00:00:00+00:00,TABS_X_1,27.066,-96.3383,1008.17,28.3,36.18,26.42,0
2017-08-30 00:30:00+00:00,TABS_X_1,27.066,-96.3383,1008.25,28.3,36.16,26.4,0
2017-08-30 01:00:00+00:00,TABS_X_1,27.066,-96.3383,1008.55,28.2,36.16,26.42,0
2017-08-30 01:30:00+00:00,TABS_X_1,27.066,-96.3383,1008.77,28.1,36.16,26.45,0
2017-08-30 02:00:00+00:00,TABS_X_1,27.066,-96.3383,1009.05,28.1,36.16,26.46,0
2017-08-30 02:30:00+00:00,TABS_X_1,27.066,-96.3383,1009.44,27.9,36.16,26.47,0
2017-08-30 03:00:00+00:00,TABS_X_1,27.066,-96.3383,1009.69,27.9,36.15,26.47,0
2017-08-30 03:30:00+00:00,TABS_X_1,27.066,-96.3383,1010,27.9,36.15,26.48,0
2017-08-30 04:00:00+00:00,TABS_X_1,27.066,-96.3383,1009.91,27.8,36.17,26.46,0
2017-08-30 04:30:00+00:00,TABS_X_1,27.066,-96.3383,1010.16,27.7,36.17,26.44,0
2017-08-30 05:00:00+00:00,TABS_X_1,27.066,-96.3383,1009.97,27.6,36.16,26.45,0
2017-08-30 05:30:00+00:00,TABS_X_1,27.066,-96.3383,1009.76,27.5,36.17,26.44,0
2017-08-30 06:00:00+00:00,TABS_X_1,27.066,-96.3383,1009.91,27.7,36.2,26.43,0
2017-08-30 06:30:00+00:00,TABS_X_1,27.066,-96.3383,1009.86,27.5,36.18,26.43,0
2017-08-30 07:00:00+00:00,TABS_X_1,27.066,-96.3383,1009.71,27.5,36.19,26.45,0
2017-08-30 07:30:00+00:00,TABS_X_1,27.066,-96.3383,1009.53,27.5,36.22,26.41,0
2017-08-30 08:00:00+00:00,TABS_X_1,27.066,-96.3383,1009.55,27.2,36.24,26.39,0
2017-08-30 08:30:00+00:00,TABS_X_1,27.066,-96.3383,1009.78,27.2,36.22,26.42,0
2017-08-30 09:00:00+00:00,TABS_X_1,27.066,-96.3383,1009.74,27,36.24,26.39,0
2017-08-30 09:30:00+00:00,TABS_X_1,27.066,-96.3383,1009.7,27.3,36.25,26.37,0
2017-08-30 10:00:00+00:00,TABS_X_1,27.066,-96.3383,1009.83,27.3,36.26,26.35,0
2017-08-30 10:30:00+00:00,TABS_X_1,27.066,-96.3383,1009.89,27.2,36.27,26.33,0
2017-08-30 11:00:00+00:00,TABS_X_1,27.066,-96.3383,1010.39,27.2,36.28,26.3,0
2017-08-30 11:30:00+00:00,TABS_X_1,27.066,-96.3383,1010.64,27.1,36.28,26.29,0
2017-08-30 12:00:00+00:00,TABS_X_1,27.066,-96.3383,1010.95,26.9,36.29,26.27,0
2017-08-30 12:30:00+00:00,TABS_X_1,27.066,-96.3383,1011.57,27,36.29,26.26,0
2017-08-30 13:00:00+00:00,TABS_X_1,27.066,-96.3383,1011.82,27.1,36.29,26.26,0
2017-08-30 13:30:00+00:00,TABS_X_1,27.066,-96.3383,1012.18,27.4,36.28,26.27,0
2017-08-30 14:00:00+00:00,TABS_X_1,27.066,-96.3383,1012.38,27,36.28,26.29,0
2017-08-30 14:30:00+00:00,TABS_X_1,27.066,-96.3383,1012.49,27.1,36.28,26.31,0
2017-08-30 15:00:00+00:00,TABS_X_1,27.066,-96.3383,1012.84,27.2,36.27,26.33,0
2017-08-30 15:30:00+00:00,TABS_X_1,27.066,-96.3383,1012.75,27,36.27,26.36,0
2017-08-30 16:00:00+00:00,TABS_X_1,27.066,-96.3383,1013.11,26.4,36.27,26.39,0
2017-08-30 16:30:00+00:00,TABS_X_1,27.066,-96.3383,1013.3,26.3,36.25,26.44,0
2017-08-30 17:00:00+00:00,TABS_X_1,27.066,-96.3383,1013.22,26.5,36.24,26.47,0
2017-08-30 17:30:00+00:00,TABS_X_1,27.066,-96.3383,1012.95,26.5,36.23,26.52,0
2017-08-30 18:00:00+00:00,TABS_X_1,27.066,-96.3383,1012.74,26.7,36.21,26.56,0
2017-08-30 18:30:00+00:00,TABS_X_1,27.066,-96.3383,1012.46,26.8,36.21,26.61,0
2017-08-30 19:00:00+00:00,TABS_X_1,27.066,-96.3383,1012.1,27,36.2,26.67,0
2017-08-30 19:30:00+00:00,TABS_X_1,27.066,-96.3383,1011.81,27,36.19,26.71,0
2017-08-30 20:00:00+00:00,TABS_X_1,27.066,-96.3383,1011.72,27.4,36.18,26.76,0
2017-08-30 20:30:00+00:00,TABS_X_1,27.066,-96.3383,1011.4,27.4,36.17,26.8,0
2017-08-30 21:00:00+00:00,TABS_X_1,27.066,-96.3383,1011.37,27.3,36.16,26.86,0
2017-08-30 21:30:00+00:00,TABS_X_1,27.066,-96.3383,1011.27,27.6,36.15,26.91,0
2017-08-30 22:00:00+00:00,TABS_X_1,27.066,-96.3383,1011.13,27.4,36.14,26.97,0
2017-08-30 22:30:00+00:00,TABS_X_1,27.066,-96.3383,1010.89,27.7,36.13,27.02,0
2017-08-30 23:00:00+00:00,TABS_X_1,27.066,-96.3383,1010.78,28,36.12,27.04,0
2017-08-30 23:30:00+00:00,TABS_X_1,27.066,-96.3383,1010.68,27.6,36.12,27.04,0