owner,sensor,date,latitude,longitude,vertical_datum,wind_speed,wind_to_direction,wind_speed_of_gust,qcFlag 
NOS,ioos:station:NOAA.NOS.CO-OPS:8764314:1,2018-09-01T00:42:00Z,29.2675,-91.3839,0,7.2,103,8.6,'1111122
NOS,ioos:station:NOAA.NOS.CO-OPS:8764314:1,2018-09-01T01:42:00Z,29.2675,-91.3839,0,8.9,92,10,'1111122
NOS,ioos:station:NOAA.NOS.CO-OPS:8764314:1,2018-09-01T02:42:00Z,29.2675,-91.3839,0,6.3,103,7.1,'1111122
NOS,ioos:station:NOAA.NOS.CO-OPS:8764314:1,2018-09-01T03:42:00Z,29.2675,-91.3839,0,6.2,111,7.1,'1111122
NOS,ioos:station:NOAA.NOS.CO-OPS:8764314:1,2018-09-01T04:42:00Z,29.2675,-91.3839,0,5.4,95,6.4,'1111122
NOS,ioos:station:NOAA.NOS.CO-OPS:8764314:1,2018-09-01T05:42:00Z,29.2675,-91.3839,0,6.8,91,7.7,'1111122
NOS,ioos:station:NOAA.NOS.CO-OPS:8764314:1,2018-09-01T06:42:00Z,29.2675,-91.3839,0,5.9,112,7.2,'1111122
NOS,ioos:station:NOAA.NOS.CO-OPS:8764314:1,2018-09-01T07:42:00Z,29.2675,-91.3839,0,3.7,150,5.1,'1111122
NOS,ioos:station:NOAA.NOS.CO-OPS:8764314:1,2018-09-01T08:42:00Z,29.2675,-91.3839,0,5.8,130,8.7,'1111122
NOS,ioos:station:NOAA.NOS.CO-OPS:8764314:1,2018-09-01T09:42:00Z,29.2675,-91.3839,0,3.5,115,4.1,'1111122
NOS,ioos:station:NOAA.NOS.CO-OPS:8764314:1,2018-09-01T10:42:00Z,29.2675,-91.3839,0,4.7,197,5.4,'1111122
NOS,ioos:station:NOAA.NOS.CO-OPS:8764314:1,2018-09-01T11:42:00Z,29.2675,-91.3839,0,2.4,86,2.8,'1111122
NOS,ioos:station:NOAA.NOS.CO-OPS:8764314:1,2018-09-01T12:42:00Z,29.2675,-91.3839,0,3.1,86,3.9,'1111122
NOS,ioos:station:NOAA.NOS.CO-OPS:8764314:1,2018-09-01T13:42:00Z,29.2675,-91.3839,0,3.7,96,4.8,'1111122
NOS,ioos:station:NOAA.NOS.CO-OPS:8764314:1,2018-09-01T14:42:00Z,29.2675,-91.3839,0,5.2,126,6.3,'1111122
NOS,ioos:station:NOAA.NOS.CO-OPS:8764314:1,2018-09-01T15:42:00Z,29.2675,-91.3839,0,3.3,128,4.5,'1111122
NOS,ioos:station:NOAA.NOS.CO-OPS:8764314:1,2018-09-01T16:42:00Z,29.2675,-91.3839,0,4.6,191,6.1,'1111122
NOS,ioos:station:NOAA.NOS.CO-OPS:8764314:1,2018-09-01T17:42:00Z,29.2675,-91.3839,0,4.8,179,5.2,'1111122
NOS,ioos:station:NOAA.NOS.CO-OPS:8764314:1,2018-09-01T18:42:00Z,29.2675,-91.3839,0,3.5,163,4.4,'1111122
NOS,ioos:station:NOAA.NOS.CO-OPS:8764314:1,2018-09-01T19:42:00Z,29.2675,-91.3839,0,4.1,146,4.4,'1111122
NOS,ioos:station:NOAA.NOS.CO-OPS:8764314:1,2018-09-01T20:42:00Z,29.2675,-91.3839,0,4.6,156,5.2,'1111122
NOS,ioos:station:NOAA.NOS.CO-OPS:8764314:1,2018-09-01T21:42:00Z,29.2675,-91.3839,0,6.2,162,7.2,'1111122
NOS,ioos:station:NOAA.NOS.CO-OPS:8764314:1,2018-09-01T22:42:00Z,29.2675,-91.3839,0,6.8,142,7.5,'1111122
NOS,ioos:station:NOAA.NOS.CO-OPS:8764314:1,2018-09-01T23:42:00Z,29.2675,-91.3839,0,6.7,150,7.9,'1111122
NOS,ioos:station:NOAA.NOS.CO-OPS:8764314:1,2018-09-02T00:42:00Z,29.2675,-91.3839,0,6.7,137,7.7,'1111122
NOS,ioos:station:NOAA.NOS.CO-OPS:8764314:1,2018-09-02T01:42:00Z,29.2675,-91.3839,0,7.2,151,8.8,'1111122
NOS,ioos:station:NOAA.NOS.CO-OPS:8764314:1,2018-09-02T02:42:00Z,29.2675,-91.3839,0,12.3,162,13.4,'1111122
NOS,ioos:station:NOAA.NOS.CO-OPS:8764314:1,2018-09-02T03:42:00Z,29.2675,-91.3839,0,8.3,166,9.3,'1111122
NOS,ioos:station:NOAA.NOS.CO-OPS:8764314:1,2018-09-02T04:42:00Z,29.2675,-91.3839,0,9,169,11.5,'1111122
NOS,ioos:station:NOAA.NOS.CO-OPS:8764314:1,2018-09-02T05:42:00Z,29.2675,-91.3839,0,8.3,161,10.3,'1111122
NOS,ioos:station:NOAA.NOS.CO-OPS:8764314:1,2018-09-02T06:42:00Z,29.2675,-91.3839,0,8.3,169,10.4,'1111122
NOS,ioos:station:NOAA.NOS.CO-OPS:8764314:1,2018-09-02T07:42:00Z,29.2675,-91.3839,0,7.8,164,8.9,'1111122
NOS,ioos:station:NOAA.NOS.CO-OPS:8764314:1,2018-09-02T08:42:00Z,29.2675,-91.3839,0,7.2,149,8.1,'1111122
NOS,ioos:station:NOAA.NOS.CO-OPS:8764314:1,2018-09-02T09:42:00Z,29.2675,-91.3839,0,5.4,163,9,'1111122
NOS,ioos:station:NOAA.NOS.CO-OPS:8764314:1,2018-09-02T10:42:00Z,29.2675,-91.3839,0,7.5,201,9.3,'1111122
NOS,ioos:station:NOAA.NOS.CO-OPS:8764314:1,2018-09-02T11:42:00Z,29.2675,-91.3839,0,5.8,204,7.5,'1111122
NOS,ioos:station:NOAA.NOS.CO-OPS:8764314:1,2018-09-02T12:42:00Z,29.2675,-91.3839,0,4.5,167,6.2,'1111122
NOS,ioos:station:NOAA.NOS.CO-OPS:8764314:1,2018-09-02T13:42:00Z,29.2675,-91.3839,0,6.3,159,7.3,'1111122
NOS,ioos:station:NOAA.NOS.CO-OPS:8764314:1,2018-09-02T14:42:00Z,29.2675,-91.3839,0,7.8,151,8.9,'1111122
NOS,ioos:station:NOAA.NOS.CO-OPS:8764314:1,2018-09-02T15:42:00Z,29.2675,-91.3839,0,5.6,150,6.5,'1111122
NOS,ioos:station:NOAA.NOS.CO-OPS:8764314:1,2018-09-02T16:42:00Z,29.2675,-91.3839,0,5.6,140,6.2,'1111122
NOS,ioos:station:NOAA.NOS.CO-OPS:8764314:1,2018-09-02T17:42:00Z,29.2675,-91.3839,0,7.7,134,8.6,'1111122
NOS,ioos:station:NOAA.NOS.CO-OPS:8764314:1,2018-09-02T18:42:00Z,29.2675,-91.3839,0,6.9,136,8.6,'1111122
NOS,ioos:station:NOAA.NOS.CO-OPS:8764314:1,2018-09-02T19:42:00Z,29.2675,-91.3839,0,10.9,158,12,'1111122
NOS,ioos:station:NOAA.NOS.CO-OPS:8764314:1,2018-09-02T20:42:00Z,29.2675,-91.3839,0,8.2,183,10.3,'1111122
NOS,ioos:station:NOAA.NOS.CO-OPS:8764314:1,2018-09-02T21:42:00Z,29.2675,-91.3839,0,4.8,201,6.1,'1111122
NOS,ioos:station:NOAA.NOS.CO-OPS:8764314:1,2018-09-02T22:42:00Z,29.2675,-91.3839,0,3.9,172,4,'1111122
NOS,ioos:station:NOAA.NOS.CO-OPS:8764314:1,2018-09-02T23:42:00Z,29.2675,-91.3839,0,4,151,5.2,'1111122
NOS,ioos:station:NOAA.NOS.CO-OPS:8764314:1,2018-09-03T00:42:00Z,29.2675,-91.3839,0,4,173,5,'1111122
NOS,ioos:station:NOAA.NOS.CO-OPS:8764314:1,2018-09-03T01:42:00Z,29.2675,-91.3839,0,4.9,147,5.6,'1111122
NOS,ioos:station:NOAA.NOS.CO-OPS:8764314:1,2018-09-03T02:42:00Z,29.2675,-91.3839,0,5.3,136,5.7,'1111122
NOS,ioos:station:NOAA.NOS.CO-OPS:8764314:1,2018-09-03T03:42:00Z,29.2675,-91.3839,0,7.2,141,7.8,'1111122
NOS,ioos:station:NOAA.NOS.CO-OPS:8764314:1,2018-09-03T04:42:00Z,29.2675,-91.3839,0,5.4,144,7.2,'1111122
NOS,ioos:station:NOAA.NOS.CO-OPS:8764314:1,2018-09-03T05:42:00Z,29.2675,-91.3839,0,5.2,149,5.6,'1111122
NOS,ioos:station:NOAA.NOS.CO-OPS:8764314:1,2018-09-03T06:42:00Z,29.2675,-91.3839,0,4,154,5,'1111122
NOS,ioos:station:NOAA.NOS.CO-OPS:8764314:1,2018-09-03T07:42:00Z,29.2675,-91.3839,0,3.9,172,4.1,'1111122
NOS,ioos:station:NOAA.NOS.CO-OPS:8764314:1,2018-09-03T08:42:00Z,29.2675,-91.3839,0,3.6,151,5.6,'1111122
NOS,ioos:station:NOAA.NOS.CO-OPS:8764314:1,2018-09-03T09:42:00Z,29.2675,-91.3839,0,4.3,150,5.1,'1111122
NOS,ioos:station:NOAA.NOS.CO-OPS:8764314:1,2018-09-03T10:42:00Z,29.2675,-91.3839,0,4.2,125,4.7,'1111122
NOS,ioos:station:NOAA.NOS.CO-OPS:8764314:1,2018-09-03T11:42:00Z,29.2675,-91.3839,0,4,94,4.6,'1111122
NOS,ioos:station:NOAA.NOS.CO-OPS:8764314:1,2018-09-03T12:42:00Z,29.2675,-91.3839,0,5.4,112,6.9,'1111122
NOS,ioos:station:NOAA.NOS.CO-OPS:8764314:1,2018-09-03T13:42:00Z,29.2675,-91.3839,0,4.5,129,5.2,'1111122
NOS,ioos:station:NOAA.NOS.CO-OPS:8764314:1,2018-09-03T14:42:00Z,29.2675,-91.3839,0,4.7,143,6.6,'1111122
NOS,ioos:station:NOAA.NOS.CO-OPS:8764314:1,2018-09-03T15:42:00Z,29.2675,-91.3839,0,5.8,127,6.6,'1111122
NOS,ioos:station:NOAA.NOS.CO-OPS:8764314:1,2018-09-03T16:42:00Z,29.2675,-91.3839,0,8.3,114,9.4,'1111122
NOS,ioos:station:NOAA.NOS.CO-OPS:8764314:1,2018-09-03T17:42:00Z,29.2675,-91.3839,0,4.4,133,5.9,'1111122
NOS,ioos:station:NOAA.NOS.CO-OPS:8764314:1,2018-09-03T18:42:00Z,29.2675,-91.3839,0,5.1,163,6.6,'1111122
NOS,ioos:station:NOAA.NOS.CO-OPS:8764314:1,2018-09-03T19:42:00Z,29.2675,-91.3839,0,9.3,192,11.8,'1111122
NOS,ioos:station:NOAA.NOS.CO-OPS:8764314:1,2018-09-03T20:42:00Z,29.2675,-91.3839,0,7.1,144,7.9,'1111122
NOS,ioos:station:NOAA.NOS.CO-OPS:8764314:1,2018-09-03T21:42:00Z,29.2675,-91.3839,0,4.7,163,6.3,'1111122
NOS,ioos:station:NOAA.NOS.CO-OPS:8764314:1,2018-09-03T22:42:00Z,29.2675,-91.3839,0,5.3,157,6.7,'1111122
NOS,ioos:station:NOAA.NOS.CO-OPS:8764314:1,2018-09-03T23:42:00Z,29.2675,-91.3839,0,4.5,136,5.4,'1111122
NOS,ioos:station:NOAA.NOS.CO-OPS:8764314:1,2018-09-04T00:42:00Z,29.2675,-91.3839,0,3.6,143,4.1,'1111122
NOS,ioos:station:NOAA.NOS.CO-OPS:8764314:1,2018-09-04T01:42:00Z,29.2675,-91.3839,0,3.9,121,4.2,'1111122
NOS,ioos:station:NOAA.NOS.CO-OPS:8764314:1,2018-09-04T02:42:00Z,29.2675,-91.3839,0,5.2,106,7.9,'1111122
NOS,ioos:station:NOAA.NOS.CO-OPS:8764314:1,2018-09-04T03:42:00Z,29.2675,-91.3839,0,8.8,110,9.8,'1111122
NOS,ioos:station:NOAA.NOS.CO-OPS:8764314:1,2018-09-04T04:42:00Z,29.2675,-91.3839,0,5.8,117,7,'1111122
NOS,ioos:station:NOAA.NOS.CO-OPS:8764314:1,2018-09-04T05:42:00Z,29.2675,-91.3839,0,7,123,7.6,'1111122
NOS,ioos:station:NOAA.NOS.CO-OPS:8764314:1,2018-09-04T06:42:00Z,29.2675,-91.3839,0,4.4,111,5.4,'1111122
NOS,ioos:station:NOAA.NOS.CO-OPS:8764314:1,2018-09-04T07:42:00Z,29.2675,-91.3839,0,5.8,106,7.7,'1111122
NOS,ioos:station:NOAA.NOS.CO-OPS:8764314:1,2018-09-04T08:42:00Z,29.2675,-91.3839,0,5.8,115,7.5,'1111122
NOS,ioos:station:NOAA.NOS.CO-OPS:8764314:1,2018-09-04T09:42:00Z,29.2675,-91.3839,0,5.3,95,7.5,'1111122
NOS,ioos:station:NOAA.NOS.CO-OPS:8764314:1,2018-09-04T10:42:00Z,29.2675,-91.3839,0,4.5,93,5.4,'1111122
NOS,ioos:station:NOAA.NOS.CO-OPS:8764314:1,2018-09-04T11:42:00Z,29.2675,-91.3839,0,4.9,92,5.6,'1111122
NOS,ioos:station:NOAA.NOS.CO-OPS:8764314:1,2018-09-04T12:42:00Z,29.2675,-91.3839,0,5,98,5.4,'1111122
NOS,ioos:station:NOAA.NOS.CO-OPS:8764314:1,2018-09-04T13:42:00Z,29.2675,-91.3839,0,4.6,96,6.3,'1111122
NOS,ioos:station:NOAA.NOS.CO-OPS:8764314:1,2018-09-04T14:42:00Z,29.2675,-91.3839,0,4,112,4.7,'1111122
NOS,ioos:station:NOAA.NOS.CO-OPS:8764314:1,2018-09-04T15:42:00Z,29.2675,-91.3839,0,5,94,5.5,'1111122
NOS,ioos:station:NOAA.NOS.CO-OPS:8764314:1,2018-09-04T16:42:00Z,29.2675,-91.3839,0,4.3,115,6.4,'1111122
NOS,ioos:station:NOAA.NOS.CO-OPS:8764314:1,2018-09-04T17:42:00Z,29.2675,-91.3839,0,5.3,101,8,'1111122
NOS,ioos:station:NOAA.NOS.CO-OPS:8764314:1,2018-09-04T18:42:00Z,29.2675,-91.3839,0,4.7,108,5.7,'1111122
NOS,ioos:station:NOAA.NOS.CO-OPS:8764314:1,2018-09-04T19:42:00Z,29.2675,-91.3839,0,6.7,123,7.5,'1111122
NOS,ioos:station:NOAA.NOS.CO-OPS:8764314:1,2018-09-04T20:42:00Z,29.2675,-91.3839,0,5.5,96,7.8,'1111122
NOS,ioos:station:NOAA.NOS.CO-OPS:8764314:1,2018-09-04T21:42:00Z,29.2675,-91.3839,0,4.8,127,7.8,'1111122
NOS,ioos:station:NOAA.NOS.CO-OPS:8764314:1,2018-09-04T22:42:00Z,29.2675,-91.3839,0,4.8,95,5.8,'1111122
NOS,ioos:station:NOAA.NOS.CO-OPS:8764314:1,2018-09-04T23:42:00Z,29.2675,-91.3839,0,6.6,106,8.2,'1111122
NOS,ioos:station:NOAA.NOS.CO-OPS:8764314:1,2018-09-05T00:42:00Z,29.2675,-91.3839,0,4.7,110,5.2,'1111122
NOS,ioos:station:NOAA.NOS.CO-OPS:8764314:1,2018-09-05T01:42:00Z,29.2675,-91.3839,0,3.1,95,3.6,'1111122
NOS,ioos:station:NOAA.NOS.CO-OPS:8764314:1,2018-09-05T02:42:00Z,29.2675,-91.3839,0,4.2,84,5,'1111122
NOS,ioos:station:NOAA.NOS.CO-OPS:8764314:1,2018-09-05T03:42:00Z,29.2675,-91.3839,0,4,88,4.3,'1111122
NOS,ioos:station:NOAA.NOS.CO-OPS:8764314:1,2018-09-05T04:42:00Z,29.2675,-91.3839,0,4.5,77,5.2,'1111122
NOS,ioos:station:NOAA.NOS.CO-OPS:8764314:1,2018-09-05T05:42:00Z,29.2675,-91.3839,0,3.3,84,3.7,'1111122
NOS,ioos:station:NOAA.NOS.CO-OPS:8764314:1,2018-09-05T06:42:00Z,29.2675,-91.3839,0,3.2,77,3.7,'1111122
NOS,ioos:station:NOAA.NOS.CO-OPS:8764314:1,2018-09-05T07:42:00Z,29.2675,-91.3839,0,2.9,74,3.4,'1111122
NOS,ioos:station:NOAA.NOS.CO-OPS:8764314:1,2018-09-05T08:42:00Z,29.2675,-91.3839,0,3,57,3.6,'1111122
NOS,ioos:station:NOAA.NOS.CO-OPS:8764314:1,2018-09-05T09:42:00Z,29.2675,-91.3839,0,2.2,87,2.7,'1111122
NOS,ioos:station:NOAA.NOS.CO-OPS:8764314:1,2018-09-05T10:42:00Z,29.2675,-91.3839,0,1.9,75,2.7,'1111122
NOS,ioos:station:NOAA.NOS.CO-OPS:8764314:1,2018-09-05T11:42:00Z,29.2675,-91.3839,0,1.9,61,2.3,'1111122
NOS,ioos:station:NOAA.NOS.CO-OPS:8764314:1,2018-09-05T12:42:00Z,29.2675,-91.3839,0,2.3,62,3,'1111122
NOS,ioos:station:NOAA.NOS.CO-OPS:8764314:1,2018-09-05T13:42:00Z,29.2675,-91.3839,0,0,123,0,'1114422
NOS,ioos:station:NOAA.NOS.CO-OPS:8764314:1,2018-09-05T14:42:00Z,29.2675,-91.3839,0,0,93,0,'1114422
NOS,ioos:station:NOAA.NOS.CO-OPS:8764314:1,2018-09-05T15:42:00Z,29.2675,-91.3839,0,0,341,0,'1114422
NOS,ioos:station:NOAA.NOS.CO-OPS:8764314:1,2018-09-05T16:42:00Z,29.2675,-91.3839,0,0,296,0,'1114422
NOS,ioos:station:NOAA.NOS.CO-OPS:8764314:1,2018-09-05T17:42:00Z,29.2675,-91.3839,0,1.8,314,2.2,'1111122
NOS,ioos:station:NOAA.NOS.CO-OPS:8764314:1,2018-09-05T18:42:00Z,29.2675,-91.3839,0,2.3,328,2.7,'1111122
NOS,ioos:station:NOAA.NOS.CO-OPS:8764314:1,2018-09-05T19:42:00Z,29.2675,-91.3839,0,0,302,0.1,'1114422
NOS,ioos:station:NOAA.NOS.CO-OPS:8764314:1,2018-09-05T20:42:00Z,29.2675,-91.3839,0,2.3,307,2.9,'1111122
NOS,ioos:station:NOAA.NOS.CO-OPS:8764314:1,2018-09-05T21:42:00Z,29.2675,-91.3839,0,1.7,258,2.7,'1111122
NOS,ioos:station:NOAA.NOS.CO-OPS:8764314:1,2018-09-05T22:42:00Z,29.2675,-91.3839,0,2.2,235,3.5,'1111122
NOS,ioos:station:NOAA.NOS.CO-OPS:8764314:1,2018-09-05T23:42:00Z,29.2675,-91.3839,0,2.2,232,2.4,'1111122
NOS,ioos:station:NOAA.NOS.CO-OPS:8764314:1,2018-09-06T00:42:00Z,29.2675,-91.3839,0,3.6,205,4.9,'1111122
NOS,ioos:station:NOAA.NOS.CO-OPS:8764314:1,2018-09-06T01:42:00Z,29.2675,-91.3839,0,3.6,217,4.4,'1111122
NOS,ioos:station:NOAA.NOS.CO-OPS:8764314:1,2018-09-06T02:42:00Z,29.2675,-91.3839,0,5.1,208,6,'1111122
NOS,ioos:station:NOAA.NOS.CO-OPS:8764314:1,2018-09-06T03:42:00Z,29.2675,-91.3839,0,5.9,215,6.6,'1111122
NOS,ioos:station:NOAA.NOS.CO-OPS:8764314:1,2018-09-06T04:42:00Z,29.2675,-91.3839,0,5.2,215,6.1,'1111122
NOS,ioos:station:NOAA.NOS.CO-OPS:8764314:1,2018-09-06T05:42:00Z,29.2675,-91.3839,0,4.3,218,5,'1111122
NOS,ioos:station:NOAA.NOS.CO-OPS:8764314:1,2018-09-06T06:42:00Z,29.2675,-91.3839,0,5.3,215,5.8,'1111122
NOS,ioos:station:NOAA.NOS.CO-OPS:8764314:1,2018-09-06T07:42:00Z,29.2675,-91.3839,0,5.5,233,6,'1111122
NOS,ioos:station:NOAA.NOS.CO-OPS:8764314:1,2018-09-06T08:42:00Z,29.2675,-91.3839,0,3.4,224,4.3,'1111122
NOS,ioos:station:NOAA.NOS.CO-OPS:8764314:1,2018-09-06T09:42:00Z,29.2675,-91.3839,0,2.1,205,2.4,'1111122
NOS,ioos:station:NOAA.NOS.CO-OPS:8764314:1,2018-09-06T10:42:00Z,29.2675,-91.3839,0,2.6,196,3.1,'1111122
NOS,ioos:station:NOAA.NOS.CO-OPS:8764314:1,2018-09-06T11:42:00Z,29.2675,-91.3839,0,3.7,202,4.9,'1111122
NOS,ioos:station:NOAA.NOS.CO-OPS:8764314:1,2018-09-06T12:42:00Z,29.2675,-91.3839,0,7.4,256,9.1,'1111122
NOS,ioos:station:NOAA.NOS.CO-OPS:8764314:1,2018-09-06T13:42:00Z,29.2675,-91.3839,0,3.7,184,4,'1111122
NOS,ioos:station:NOAA.NOS.CO-OPS:8764314:1,2018-09-06T14:42:00Z,29.2675,-91.3839,0,3.4,250,6.4,'1111122
NOS,ioos:station:NOAA.NOS.CO-OPS:8764314:1,2018-09-06T15:42:00Z,29.2675,-91.3839,0,2.4,3,3.2,'1111122
NOS,ioos:station:NOAA.NOS.CO-OPS:8764314:1,2018-09-06T16:42:00Z,29.2675,-91.3839,0,0,262,0,'1114422
NOS,ioos:station:NOAA.NOS.CO-OPS:8764314:1,2018-09-06T17:42:00Z,29.2675,-91.3839,0,3.1,72,4.3,'1111122
NOS,ioos:station:NOAA.NOS.CO-OPS:8764314:1,2018-09-06T18:42:00Z,29.2675,-91.3839,0,0,155,0,'1114422
NOS,ioos:station:NOAA.NOS.CO-OPS:8764314:1,2018-09-06T19:48:00Z,29.2675,-91.3839,0,2.3,240,2.9,'1111122
NOS,ioos:station:NOAA.NOS.CO-OPS:8764314:1,2018-09-06T20:42:00Z,29.2675,-91.3839,0,4.7,242,5.7,'1111122
NOS,ioos:station:NOAA.NOS.CO-OPS:8764314:1,2018-09-06T21:48:00Z,29.2675,-91.3839,0,5.5,283,6.5,'1111122
NOS,ioos:station:NOAA.NOS.CO-OPS:8764314:1,2018-09-06T22:48:00Z,29.2675,-91.3839,0,3.8,245,4.4,'1111122
NOS,ioos:station:NOAA.NOS.CO-OPS:8764314:1,2018-09-06T23:42:00Z,29.2675,-91.3839,0,5,242,6,'1111122
NOS,ioos:station:NOAA.NOS.CO-OPS:8764314:1,2018-09-07T00:48:00Z,29.2675,-91.3839,0,3.5,235,4.4,'1111122
NOS,ioos:station:NOAA.NOS.CO-OPS:8764314:1,2018-09-07T01:48:00Z,29.2675,-91.3839,0,3.5,278,3.7,'1111122
NOS,ioos:station:NOAA.NOS.CO-OPS:8764314:1,2018-09-07T02:42:00Z,29.2675,-91.3839,0,3.5,246,4.3,'1111122
NOS,ioos:station:NOAA.NOS.CO-OPS:8764314:1,2018-09-07T03:48:00Z,29.2675,-91.3839,0,2.6,247,3.3,'1111122
NOS,ioos:station:NOAA.NOS.CO-OPS:8764314:1,2018-09-07T04:42:00Z,29.2675,-91.3839,0,0.9,282,1.3,'1111122
NOS,ioos:station:NOAA.NOS.CO-OPS:8764314:1,2018-09-07T05:42:00Z,29.2675,-91.3839,0,0,122,0,'1114422
NOS,ioos:station:NOAA.NOS.CO-OPS:8764314:1,2018-09-07T06:48:00Z,29.2675,-91.3839,0,0,145,0,'1114422
NOS,ioos:station:NOAA.NOS.CO-OPS:8764314:1,2018-09-07T07:42:00Z,29.2675,-91.3839,0,0,180,0,'1114422
NOS,ioos:station:NOAA.NOS.CO-OPS:8764314:1,2018-09-07T08:48:00Z,29.2675,-91.3839,0,0,140,0,'1114422
NOS,ioos:station:NOAA.NOS.CO-OPS:8764314:1,2018-09-07T09:42:00Z,29.2675,-91.3839,0,0,161,0,'1114422
NOS,ioos:station:NOAA.NOS.CO-OPS:8764314:1,2018-09-07T10:48:00Z,29.2675,-91.3839,0,0,120,0,'1114422
NOS,ioos:station:NOAA.NOS.CO-OPS:8764314:1,2018-09-07T11:42:00Z,29.2675,-91.3839,0,2,95,3.1,'1111122
NOS,ioos:station:NOAA.NOS.CO-OPS:8764314:1,2018-09-07T12:48:00Z,29.2675,-91.3839,0,2.3,92,2.7,'1111122
NOS,ioos:station:NOAA.NOS.CO-OPS:8764314:1,2018-09-07T13:42:00Z,29.2675,-91.3839,0,1,117,1.5,'1111122
NOS,ioos:station:NOAA.NOS.CO-OPS:8764314:1,2018-09-07T14:48:00Z,29.2675,-91.3839,0,1.8,106,2,'1111122
NOS,ioos:station:NOAA.NOS.CO-OPS:8764314:1,2018-09-07T15:42:00Z,29.2675,-91.3839,0,0,125,0,'1114422
NOS,ioos:station:NOAA.NOS.CO-OPS:8764314:1,2018-09-07T16:42:00Z,29.2675,-91.3839,0,0,204,0,'1114422
NOS,ioos:station:NOAA.NOS.CO-OPS:8764314:1,2018-09-07T17:48:00Z,29.2675,-91.3839,0,2.5,206,2.9,'1111122
NOS,ioos:station:NOAA.NOS.CO-OPS:8764314:1,2018-09-07T18:42:00Z,29.2675,-91.3839,0,2.7,242,3.6,'1111122
NOS,ioos:station:NOAA.NOS.CO-OPS:8764314:1,2018-09-07T19:48:00Z,29.2675,-91.3839,0,3.9,171,5.4,'1111122
NOS,ioos:station:NOAA.NOS.CO-OPS:8764314:1,2018-09-07T20:48:00Z,29.2675,-91.3839,0,0.8,146,1.3,'1111122
NOS,ioos:station:NOAA.NOS.CO-OPS:8764314:1,2018-09-07T21:42:00Z,29.2675,-91.3839,0,2.6,85,3.5,'1111122
NOS,ioos:station:NOAA.NOS.CO-OPS:8764314:1,2018-09-07T22:48:00Z,29.2675,-91.3839,0,1.2,53,1.7,'1111122
NOS,ioos:station:NOAA.NOS.CO-OPS:8764314:1,2018-09-08T04:42:00Z,29.2675,-91.3839,0,2,98,2.9,'1111122
NOS,ioos:station:NOAA.NOS.CO-OPS:8764314:1,2018-09-08T06:48:00Z,29.2675,-91.3839,0,3,121,3.4,'1111122
NOS,ioos:station:NOAA.NOS.CO-OPS:8764314:1,2018-09-08T07:54:00Z,29.2675,-91.3839,0,3.6,112,3.9,'1111122
NOS,ioos:station:NOAA.NOS.CO-OPS:8764314:1,2018-09-08T08:42:00Z,29.2675,-91.3839,0,3.4,113,3.8,'1111122
NOS,ioos:station:NOAA.NOS.CO-OPS:8764314:1,2018-09-08T09:48:00Z,29.2675,-91.3839,0,2.2,116,3.2,'1111122
NOS,ioos:station:NOAA.NOS.CO-OPS:8764314:1,2018-09-08T10:42:00Z,29.2675,-91.3839,0,1.9,94,2,'1111122
NOS,ioos:station:NOAA.NOS.CO-OPS:8764314:1,2018-09-08T11:42:00Z,29.2675,-91.3839,0,2.2,91,3,'1111122
NOS,ioos:station:NOAA.NOS.CO-OPS:8764314:1,2018-09-08T12:42:00Z,29.2675,-91.3839,0,2,78,2.5,'1111122
NOS,ioos:station:NOAA.NOS.CO-OPS:8764314:1,2018-09-08T13:48:00Z,29.2675,-91.3839,0,2,93,3,'1111122
NOS,ioos:station:NOAA.NOS.CO-OPS:8764314:1,2018-09-08T14:48:00Z,29.2675,-91.3839,0,2,109,2.4,'1111122
NOS,ioos:station:NOAA.NOS.CO-OPS:8764314:1,2018-09-08T15:42:00Z,29.2675,-91.3839,0,1.7,119,2.6,'1111122
NOS,ioos:station:NOAA.NOS.CO-OPS:8764314:1,2018-09-08T16:42:00Z,29.2675,-91.3839,0,0,111,0,'1114422
NOS,ioos:station:NOAA.NOS.CO-OPS:8764314:1,2018-09-08T17:48:00Z,29.2675,-91.3839,0,0,219,0,'1114422
NOS,ioos:station:NOAA.NOS.CO-OPS:8764314:1,2018-09-08T18:42:00Z,29.2675,-91.3839,0,2.1,243,2.7,'1111122
NOS,ioos:station:NOAA.NOS.CO-OPS:8764314:1,2018-09-08T19:48:00Z,29.2675,-91.3839,0,3.3,225,4.6,'1111122
NOS,ioos:station:NOAA.NOS.CO-OPS:8764314:1,2018-09-08T20:48:00Z,29.2675,-91.3839,0,3.1,245,4.2,'1111122
NOS,ioos:station:NOAA.NOS.CO-OPS:8764314:1,2018-09-08T21:42:00Z,29.2675,-91.3839,0,2.8,255,3.8,'1111122
NOS,ioos:station:NOAA.NOS.CO-OPS:8764314:1,2018-09-08T22:42:00Z,29.2675,-91.3839,0,3.1,253,4.1,'1111122
NOS,ioos:station:NOAA.NOS.CO-OPS:8764314:1,2018-09-08T23:42:00Z,29.2675,-91.3839,0,2.3,265,2.9,'1111122
NOS,ioos:station:NOAA.NOS.CO-OPS:8764314:1,2018-09-09T00:42:00Z,29.2675,-91.3839,0,2.2,243,2.8,'1111122
NOS,ioos:station:NOAA.NOS.CO-OPS:8764314:1,2018-09-09T01:48:00Z,29.2675,-91.3839,0,1.8,268,2.7,'1111122
NOS,ioos:station:NOAA.NOS.CO-OPS:8764314:1,2018-09-09T02:42:00Z,29.2675,-91.3839,0,1.6,265,1.9,'1111122
NOS,ioos:station:NOAA.NOS.CO-OPS:8764314:1,2018-09-09T03:48:00Z,29.2675,-91.3839,0,1.4,250,1.6,'1111122
NOS,ioos:station:NOAA.NOS.CO-OPS:8764314:1,2018-09-09T04:48:00Z,29.2675,-91.3839,0,1.2,203,1.8,'1111122
NOS,ioos:station:NOAA.NOS.CO-OPS:8764314:1,2018-09-09T05:42:00Z,29.2675,-91.3839,0,1.7,191,1.9,'1111122
NOS,ioos:station:NOAA.NOS.CO-OPS:8764314:1,2018-09-09T06:48:00Z,29.2675,-91.3839,0,0,162,0,'1114422
NOS,ioos:station:NOAA.NOS.CO-OPS:8764314:1,2018-09-09T07:42:00Z,29.2675,-91.3839,0,3,180,5.2,'1111122
NOS,ioos:station:NOAA.NOS.CO-OPS:8764314:1,2018-09-09T08:48:00Z,29.2675,-91.3839,0,1.2,205,2.9,'1111122
NOS,ioos:station:NOAA.NOS.CO-OPS:8764314:1,2018-09-09T09:42:00Z,29.2675,-91.3839,0,3.3,199,5.1,'1111122
NOS,ioos:station:NOAA.NOS.CO-OPS:8764314:1,2018-09-09T10:42:00Z,29.2675,-91.3839,0,2.8,202,3.3,'1111122
NOS,ioos:station:NOAA.NOS.CO-OPS:8764314:1,2018-09-09T11:48:00Z,29.2675,-91.3839,0,3.1,229,3.7,'1111122
NOS,ioos:station:NOAA.NOS.CO-OPS:8764314:1,2018-09-09T12:42:00Z,29.2675,-91.3839,0,2.2,196,2.5,'1111122
NOS,ioos:station:NOAA.NOS.CO-OPS:8764314:1,2018-09-09T13:42:00Z,29.2675,-91.3839,0,1.9,201,2.3,'1111122
NOS,ioos:station:NOAA.NOS.CO-OPS:8764314:1,2018-09-09T14:48:00Z,29.2675,-91.3839,0,2.1,249,2.8,'1111122
NOS,ioos:station:NOAA.NOS.CO-OPS:8764314:1,2018-09-09T15:42:00Z,29.2675,-91.3839,0,2.3,257,3.4,'1111122
NOS,ioos:station:NOAA.NOS.CO-OPS:8764314:1,2018-09-09T16:48:00Z,29.2675,-91.3839,0,1.9,260,3.4,'1111122
NOS,ioos:station:NOAA.NOS.CO-OPS:8764314:1,2018-09-09T17:48:00Z,29.2675,-91.3839,0,3.1,239,3.4,'1111122
NOS,ioos:station:NOAA.NOS.CO-OPS:8764314:1,2018-09-09T18:42:00Z,29.2675,-91.3839,0,3.1,258,3.4,'1111122
NOS,ioos:station:NOAA.NOS.CO-OPS:8764314:1,2018-09-09T19:48:00Z,29.2675,-91.3839,0,2.9,236,3.4,'1111122
NOS,ioos:station:NOAA.NOS.CO-OPS:8764314:1,2018-09-09T20:42:00Z,29.2675,-91.3839,0,3.4,256,3.8,'1111122
NOS,ioos:station:NOAA.NOS.CO-OPS:8764314:1,2018-09-09T21:42:00Z,29.2675,-91.3839,0,2.7,262,3.8,'1111122
NOS,ioos:station:NOAA.NOS.CO-OPS:8764314:1,2018-09-09T22:54:00Z,29.2675,-91.3839,0,3,279,4,'1111122
NOS,ioos:station:NOAA.NOS.CO-OPS:8764314:1,2018-09-09T23:42:00Z,29.2675,-91.3839,0,2.3,286,3.2,'1111122
NOS,ioos:station:NOAA.NOS.CO-OPS:8764314:1,2018-09-10T00:42:00Z,29.2675,-91.3839,0,1.3,286,1.7,'1111122
NOS,ioos:station:NOAA.NOS.CO-OPS:8764314:1,2018-09-10T01:48:00Z,29.2675,-91.3839,0,0,241,1.3,'1114422
NOS,ioos:station:NOAA.NOS.CO-OPS:8764314:1,2018-09-10T02:48:00Z,29.2675,-91.3839,0,0,184,0,'1114422
NOS,ioos:station:NOAA.NOS.CO-OPS:8764314:1,2018-09-10T03:42:00Z,29.2675,-91.3839,0,0,181,0,'1114422
NOS,ioos:station:NOAA.NOS.CO-OPS:8764314:1,2018-09-10T04:48:00Z,29.2675,-91.3839,0,0,165,0,'1114422
NOS,ioos:station:NOAA.NOS.CO-OPS:8764314:1,2018-09-10T05:42:00Z,29.2675,-91.3839,0,0,102,0,'1114422
NOS,ioos:station:NOAA.NOS.CO-OPS:8764314:1,2018-09-10T07:48:00Z,29.2675,-91.3839,0,1.8,111,3.4,'1111122
NOS,ioos:station:NOAA.NOS.CO-OPS:8764314:1,2018-09-10T08:48:00Z,29.2675,-91.3839,0,2.2,254,2.8,'1111122
NOS,ioos:station:NOAA.NOS.CO-OPS:8764314:1,2018-09-10T09:42:00Z,29.2675,-91.3839,0,2.2,223,2.9,'1111122
NOS,ioos:station:NOAA.NOS.CO-OPS:8764314:1,2018-09-10T10:48:00Z,29.2675,-91.3839,0,1.4,235,1.7,'1111122
NOS,ioos:station:NOAA.NOS.CO-OPS:8764314:1,2018-09-10T11:42:00Z,29.2675,-91.3839,0,2,246,2.4,'1111122
NOS,ioos:station:NOAA.NOS.CO-OPS:8764314:1,2018-09-10T12:42:00Z,29.2675,-91.3839,0,1.4,214,1.7,'1111122
NOS,ioos:station:NOAA.NOS.CO-OPS:8764314:1,2018-09-10T13:42:00Z,29.2675,-91.3839,0,0,253,0,'1114422
NOS,ioos:station:NOAA.NOS.CO-OPS:8764314:1,2018-09-10T14:48:00Z,29.2675,-91.3839,0,0,107,0,'1114422
NOS,ioos:station:NOAA.NOS.CO-OPS:8764314:1,2018-09-10T15:42:00Z,29.2675,-91.3839,0,0,129,0,'1114422
NOS,ioos:station:NOAA.NOS.CO-OPS:8764314:1,2018-09-10T16:42:00Z,29.2675,-91.3839,0,0,227,0,'1114422
NOS,ioos:station:NOAA.NOS.CO-OPS:8764314:1,2018-09-10T17:48:00Z,29.2675,-91.3839,0,0,213,0,'1114422
NOS,ioos:station:NOAA.NOS.CO-OPS:8764314:1,2018-09-10T18:54:00Z,29.2675,-91.3839,0,3.1,216,3.7,'1111122
NOS,ioos:station:NOAA.NOS.CO-OPS:8764314:1,2018-09-10T19:42:00Z,29.2675,-91.3839,0,3.1,218,3.6,'1111122
NOS,ioos:station:NOAA.NOS.CO-OPS:8764314:1,2018-09-10T20:42:00Z,29.2675,-91.3839,0,4,230,5,'1111122
NOS,ioos:station:NOAA.NOS.CO-OPS:8764314:1,2018-09-10T21:42:00Z,29.2675,-91.3839,0,2,260,3.1,'1111122
NOS,ioos:station:NOAA.NOS.CO-OPS:8764314:1,2018-09-10T22:48:00Z,29.2675,-91.3839,0,1.7,261,3.1,'1111122
NOS,ioos:station:NOAA.NOS.CO-OPS:8764314:1,2018-09-10T23:42:00Z,29.2675,-91.3839,0,2.5,97,4,'1111122
NOS,ioos:station:NOAA.NOS.CO-OPS:8764314:1,2018-09-11T00:42:00Z,29.2675,-91.3839,0,3.7,179,6.6,'1111122
NOS,ioos:station:NOAA.NOS.CO-OPS:8764314:1,2018-09-11T01:48:00Z,29.2675,-91.3839,0,5.8,38,8.2,'1111122
NOS,ioos:station:NOAA.NOS.CO-OPS:8764314:1,2018-09-11T02:48:00Z,29.2675,-91.3839,0,5.7,135,7,'1111122
NOS,ioos:station:NOAA.NOS.CO-OPS:8764314:1,2018-09-11T03:42:00Z,29.2675,-91.3839,0,3.9,149,4.9,'1111122
NOS,ioos:station:NOAA.NOS.CO-OPS:8764314:1,2018-09-11T04:48:00Z,29.2675,-91.3839,0,2.5,146,3,'1111122
NOS,ioos:station:NOAA.NOS.CO-OPS:8764314:1,2018-09-11T05:48:00Z,29.2675,-91.3839,0,4.1,141,4.8,'1111122
NOS,ioos:station:NOAA.NOS.CO-OPS:8764314:1,2018-09-11T06:48:00Z,29.2675,-91.3839,0,3,147,3.5,'1111122
NOS,ioos:station:NOAA.NOS.CO-OPS:8764314:1,2018-09-11T07:42:00Z,29.2675,-91.3839,0,3.9,133,4.5,'1111122
NOS,ioos:station:NOAA.NOS.CO-OPS:8764314:1,2018-09-11T08:42:00Z,29.2675,-91.3839,0,3.8,131,4,'1111122
NOS,ioos:station:NOAA.NOS.CO-OPS:8764314:1,2018-09-11T09:42:00Z,29.2675,-91.3839,0,2.5,152,2.8,'1111122
NOS,ioos:station:NOAA.NOS.CO-OPS:8764314:1,2018-09-11T10:48:00Z,29.2675,-91.3839,0,2.8,124,3.6,'1111122
NOS,ioos:station:NOAA.NOS.CO-OPS:8764314:1,2018-09-11T11:42:00Z,29.2675,-91.3839,0,3.7,91,4.2,'1111122
NOS,ioos:station:NOAA.NOS.CO-OPS:8764314:1,2018-09-11T12:42:00Z,29.2675,-91.3839,0,3.6,74,4.1,'1111122
NOS,ioos:station:NOAA.NOS.CO-OPS:8764314:1,2018-09-11T13:42:00Z,29.2675,-91.3839,0,3.9,52,4.7,'1111122
NOS,ioos:station:NOAA.NOS.CO-OPS:8764314:1,2018-09-11T14:42:00Z,29.2675,-91.3839,0,3.7,44,4,'1111122
NOS,ioos:station:NOAA.NOS.CO-OPS:8764314:1,2018-09-11T15:48:00Z,29.2675,-91.3839,0,3.6,59,3.8,'1111122
NOS,ioos:station:NOAA.NOS.CO-OPS:8764314:1,2018-09-11T16:42:00Z,29.2675,-91.3839,0,5.6,342,6,'1111122
NOS,ioos:station:NOAA.NOS.CO-OPS:8764314:1,2018-09-11T17:42:00Z,29.2675,-91.3839,0,2.5,6,3.3,'1111122
NOS,ioos:station:NOAA.NOS.CO-OPS:8764314:1,2018-09-11T18:42:00Z,29.2675,-91.3839,0,2.8,33,3.6,'1111122
NOS,ioos:station:NOAA.NOS.CO-OPS:8764314:1,2018-09-11T19:42:00Z,29.2675,-91.3839,0,2.9,339,3.2,'1111122
NOS,ioos:station:NOAA.NOS.CO-OPS:8764314:1,2018-09-11T20:42:00Z,29.2675,-91.3839,0,1.8,38,2.3,'1111122
NOS,ioos:station:NOAA.NOS.CO-OPS:8764314:1,2018-09-11T21:42:00Z,29.2675,-91.3839,0,1.7,143,3.7,'1111122
NOS,ioos:station:NOAA.NOS.CO-OPS:8764314:1,2018-09-11T22:42:00Z,29.2675,-91.3839,0,1.6,84,2,'1111122
NOS,ioos:station:NOAA.NOS.CO-OPS:8764314:1,2018-09-11T23:42:00Z,29.2675,-91.3839,0,3.5,145,3.9,'1111122
NOS,ioos:station:NOAA.NOS.CO-OPS:8764314:1,2018-09-12T00:42:00Z,29.2675,-91.3839,0,4,103,4.2,'1111122
NOS,ioos:station:NOAA.NOS.CO-OPS:8764314:1,2018-09-12T01:42:00Z,29.2675,-91.3839,0,4.3,95,5.2,'1111122
NOS,ioos:station:NOAA.NOS.CO-OPS:8764314:1,2018-09-12T02:42:00Z,29.2675,-91.3839,0,4.5,114,5.9,'1111122
NOS,ioos:station:NOAA.NOS.CO-OPS:8764314:1,2018-09-12T03:42:00Z,29.2675,-91.3839,0,7.5,108,8,'1111122
NOS,ioos:station:NOAA.NOS.CO-OPS:8764314:1,2018-09-12T04:42:00Z,29.2675,-91.3839,0,7.5,110,8.2,'1111122
NOS,ioos:station:NOAA.NOS.CO-OPS:8764314:1,2018-09-12T05:42:00Z,29.2675,-91.3839,0,4.5,106,5.3,'1111122
NOS,ioos:station:NOAA.NOS.CO-OPS:8764314:1,2018-09-12T06:48:00Z,29.2675,-91.3839,0,4.1,109,4.3,'1111122
NOS,ioos:station:NOAA.NOS.CO-OPS:8764314:1,2018-09-12T07:42:00Z,29.2675,-91.3839,0,4.3,110,5.2,'1111122
NOS,ioos:station:NOAA.NOS.CO-OPS:8764314:1,2018-09-12T08:48:00Z,29.2675,-91.3839,0,4.2,100,4.4,'1111122
NOS,ioos:station:NOAA.NOS.CO-OPS:8764314:1,2018-09-12T09:42:00Z,29.2675,-91.3839,0,3.8,93,4.3,'1111122
NOS,ioos:station:NOAA.NOS.CO-OPS:8764314:1,2018-09-12T10:42:00Z,29.2675,-91.3839,0,4.1,97,4.3,'1111122
NOS,ioos:station:NOAA.NOS.CO-OPS:8764314:1,2018-09-12T11:42:00Z,29.2675,-91.3839,0,4.9,102,5.3,'1111122
NOS,ioos:station:NOAA.NOS.CO-OPS:8764314:1,2018-09-12T12:42:00Z,29.2675,-91.3839,0,4.7,102,5.5,'1111122
NOS,ioos:station:NOAA.NOS.CO-OPS:8764314:1,2018-09-12T13:42:00Z,29.2675,-91.3839,0,5.2,101,5.5,'1111122
NOS,ioos:station:NOAA.NOS.CO-OPS:8764314:1,2018-09-12T14:48:00Z,29.2675,-91.3839,0,5.5,104,5.9,'1111122
NOS,ioos:station:NOAA.NOS.CO-OPS:8764314:1,2018-09-12T15:42:00Z,29.2675,-91.3839,0,7.2,113,7.9,'1111122
NOS,ioos:station:NOAA.NOS.CO-OPS:8764314:1,2018-09-12T16:42:00Z,29.2675,-91.3839,0,8.2,114,9.1,'1111122
NOS,ioos:station:NOAA.NOS.CO-OPS:8764314:1,2018-09-12T17:48:00Z,29.2675,-91.3839,0,7.6,120,8.6,'1111122
NOS,ioos:station:NOAA.NOS.CO-OPS:8764314:1,2018-09-12T18:42:00Z,29.2675,-91.3839,0,7.3,123,8.1,'1111122
NOS,ioos:station:NOAA.NOS.CO-OPS:8764314:1,2018-09-12T19:48:00Z,29.2675,-91.3839,0,6.6,129,8.2,'1111122
NOS,ioos:station:NOAA.NOS.CO-OPS:8764314:1,2018-09-12T20:42:00Z,29.2675,-91.3839,0,7.6,130,8.9,'1111122
NOS,ioos:station:NOAA.NOS.CO-OPS:8764314:1,2018-09-12T21:42:00Z,29.2675,-91.3839,0,7.3,88,9.1,'1111122
NOS,ioos:station:NOAA.NOS.CO-OPS:8764314:1,2018-09-12T22:42:00Z,29.2675,-91.3839,0,4.2,92,5.3,'1111122
NOS,ioos:station:NOAA.NOS.CO-OPS:8764314:1,2018-09-12T23:42:00Z,29.2675,-91.3839,0,4.1,99,5.1,'1111122
NOS,ioos:station:NOAA.NOS.CO-OPS:8764314:1,2018-09-13T00:48:00Z,29.2675,-91.3839,0,4.9,110,7.2,'1111122
NOS,ioos:station:NOAA.NOS.CO-OPS:8764314:1,2018-09-13T01:48:00Z,29.2675,-91.3839,0,8.9,109,9.4,'1111122
NOS,ioos:station:NOAA.NOS.CO-OPS:8764314:1,2018-09-13T02:42:00Z,29.2675,-91.3839,0,4.4,122,5.9,'1111122
NOS,ioos:station:NOAA.NOS.CO-OPS:8764314:1,2018-09-13T03:54:00Z,29.2675,-91.3839,0,4.3,93,4.5,'1111122
NOS,ioos:station:NOAA.NOS.CO-OPS:8764314:1,2018-09-13T04:42:00Z,29.2675,-91.3839,0,4.4,100,4.7,'1111122
NOS,ioos:station:NOAA.NOS.CO-OPS:8764314:1,2018-09-13T05:42:00Z,29.2675,-91.3839,0,4.4,93,5.2,'1111122
NOS,ioos:station:NOAA.NOS.CO-OPS:8764314:1,2018-09-13T06:42:00Z,29.2675,-91.3839,0,4.1,94,4.4,'1111122
NOS,ioos:station:NOAA.NOS.CO-OPS:8764314:1,2018-09-13T07:42:00Z,29.2675,-91.3839,0,4.1,87,4.3,'1111122
NOS,ioos:station:NOAA.NOS.CO-OPS:8764314:1,2018-09-13T08:48:00Z,29.2675,-91.3839,0,3.9,91,4.2,'1111122
NOS,ioos:station:NOAA.NOS.CO-OPS:8764314:1,2018-09-13T09:42:00Z,29.2675,-91.3839,0,3.9,90,4.3,'1111122
NOS,ioos:station:NOAA.NOS.CO-OPS:8764314:1,2018-09-13T10:48:00Z,29.2675,-91.3839,0,5.1,101,5.3,'1111122
NOS,ioos:station:NOAA.NOS.CO-OPS:8764314:1,2018-09-13T11:42:00Z,29.2675,-91.3839,0,4.1,99,4.3,'1111122
NOS,ioos:station:NOAA.NOS.CO-OPS:8764314:1,2018-09-13T12:48:00Z,29.2675,-91.3839,0,4.8,106,5.5,'1111122
NOS,ioos:station:NOAA.NOS.CO-OPS:8764314:1,2018-09-13T13:48:00Z,29.2675,-91.3839,0,8.1,166,11.1,'1111122
NOS,ioos:station:NOAA.NOS.CO-OPS:8764314:1,2018-09-13T14:42:00Z,29.2675,-91.3839,0,6.3,151,6.7,'1111122
NOS,ioos:station:NOAA.NOS.CO-OPS:8764314:1,2018-09-13T15:42:00Z,29.2675,-91.3839,0,4.3,116,4.5,'1111122
NOS,ioos:station:NOAA.NOS.CO-OPS:8764314:1,2018-09-13T17:06:00Z,29.2675,-91.3839,0,7.7,125,8.2,'1111122
NOS,ioos:station:NOAA.NOS.CO-OPS:8764314:1,2018-09-13T17:48:00Z,29.2675,-91.3839,0,6.5,111,7.9,'1111122
NOS,ioos:station:NOAA.NOS.CO-OPS:8764314:1,2018-09-13T18:42:00Z,29.2675,-91.3839,0,4.9,108,5.6,'1111122
NOS,ioos:station:NOAA.NOS.CO-OPS:8764314:1,2018-09-13T19:42:00Z,29.2675,-91.3839,0,4.2,102,5.1,'1111122
NOS,ioos:station:NOAA.NOS.CO-OPS:8764314:1,2018-09-13T20:48:00Z,29.2675,-91.3839,0,4.6,133,5.5,'1111122
NOS,ioos:station:NOAA.NOS.CO-OPS:8764314:1,2018-09-13T21:42:00Z,29.2675,-91.3839,0,5.2,189,5.7,'1111122
NOS,ioos:station:NOAA.NOS.CO-OPS:8764314:1,2018-09-13T22:42:00Z,29.2675,-91.3839,0,6,184,7.3,'1111122
NOS,ioos:station:NOAA.NOS.CO-OPS:8764314:1,2018-09-13T23:48:00Z,29.2675,-91.3839,0,6.4,185,7.1,'1111122
NOS,ioos:station:NOAA.NOS.CO-OPS:8764314:1,2018-09-14T00:42:00Z,29.2675,-91.3839,0,3.8,185,4,'1111122
NOS,ioos:station:NOAA.NOS.CO-OPS:8764314:1,2018-09-14T01:42:00Z,29.2675,-91.3839,0,2.8,172,3.2,'1111122
NOS,ioos:station:NOAA.NOS.CO-OPS:8764314:1,2018-09-14T02:48:00Z,29.2675,-91.3839,0,3,141,3.6,'1111122
NOS,ioos:station:NOAA.NOS.CO-OPS:8764314:1,2018-09-14T03:42:00Z,29.2675,-91.3839,0,2.7,91,3.1,'1111122
NOS,ioos:station:NOAA.NOS.CO-OPS:8764314:1,2018-09-14T04:42:00Z,29.2675,-91.3839,0,2.4,90,3.3,'1111122
NOS,ioos:station:NOAA.NOS.CO-OPS:8764314:1,2018-09-14T08:42:00Z,29.2675,-91.3839,0,3.5,99,4.2,'1111122
NOS,ioos:station:NOAA.NOS.CO-OPS:8764314:1,2018-09-14T09:42:00Z,29.2675,-91.3839,0,3.9,91,4.3,'1111122
NOS,ioos:station:NOAA.NOS.CO-OPS:8764314:1,2018-09-14T10:48:00Z,29.2675,-91.3839,0,4.1,94,4.3,'1111122
NOS,ioos:station:NOAA.NOS.CO-OPS:8764314:1,2018-09-14T11:42:00Z,29.2675,-91.3839,0,4.2,93,4.4,'1111122
NOS,ioos:station:NOAA.NOS.CO-OPS:8764314:1,2018-09-15T00:42:00Z,29.2675,-91.3839,0,0,157,0,'1114422
NOS,ioos:station:NOAA.NOS.CO-OPS:8764314:1,2018-09-15T01:42:00Z,29.2675,-91.3839,0,0,84,0,'1114422
NOS,ioos:station:NOAA.NOS.CO-OPS:8764314:1,2018-09-15T02:48:00Z,29.2675,-91.3839,0,0,203,0,'1114422
NOS,ioos:station:NOAA.NOS.CO-OPS:8764314:1,2018-09-15T03:42:00Z,29.2675,-91.3839,0,0,217,0,'1114422
NOS,ioos:station:NOAA.NOS.CO-OPS:8764314:1,2018-09-15T04:48:00Z,29.2675,-91.3839,0,0,167,0,'1114422
NOS,ioos:station:NOAA.NOS.CO-OPS:8764314:1,2018-09-15T05:42:00Z,29.2675,-91.3839,0,0,194,0,'1114422
NOS,ioos:station:NOAA.NOS.CO-OPS:8764314:1,2018-09-15T06:42:00Z,29.2675,-91.3839,0,0,247,0,'1114422
NOS,ioos:station:NOAA.NOS.CO-OPS:8764314:1,2018-09-15T07:48:00Z,29.2675,-91.3839,0,0,348,0,'1114422
NOS,ioos:station:NOAA.NOS.CO-OPS:8764314:1,2018-09-15T08:42:00Z,29.2675,-91.3839,0,2.2,45,3,'1111122
NOS,ioos:station:NOAA.NOS.CO-OPS:8764314:1,2018-09-15T09:48:00Z,29.2675,-91.3839,0,1.9,34,2.2,'1111122
NOS,ioos:station:NOAA.NOS.CO-OPS:8764314:1,2018-09-15T10:42:00Z,29.2675,-91.3839,0,2.8,26,3,'1111122
NOS,ioos:station:NOAA.NOS.CO-OPS:8764314:1,2018-09-15T11:48:00Z,29.2675,-91.3839,0,2.7,6,3.3,'1111122
NOS,ioos:station:NOAA.NOS.CO-OPS:8764314:1,2018-09-15T12:42:00Z,29.2675,-91.3839,0,2.6,8,2.9,'1111122
NOS,ioos:station:NOAA.NOS.CO-OPS:8764314:1,2018-09-15T13:42:00Z,29.2675,-91.3839,0,3.1,8,3.4,'1111122
NOS,ioos:station:NOAA.NOS.CO-OPS:8764314:1,2018-09-15T14:42:00Z,29.2675,-91.3839,0,2.8,1,3,'1111122
NOS,ioos:station:NOAA.NOS.CO-OPS:8764314:1,2018-09-15T15:42:00Z,29.2675,-91.3839,0,1.8,348,2.4,'1111122
NOS,ioos:station:NOAA.NOS.CO-OPS:8764314:1,2018-09-15T16:42:00Z,29.2675,-91.3839,0,1.3,320,1.6,'1111122
NOS,ioos:station:NOAA.NOS.CO-OPS:8764314:1,2018-09-15T17:48:00Z,29.2675,-91.3839,0,1.6,301,1.7,'1111122
NOS,ioos:station:NOAA.NOS.CO-OPS:8764314:1,2018-09-15T18:42:00Z,29.2675,-91.3839,0,1.7,296,1.8,'1111122
NOS,ioos:station:NOAA.NOS.CO-OPS:8764314:1,2018-09-15T19:42:00Z,29.2675,-91.3839,0,2.8,264,3.1,'1111122
NOS,ioos:station:NOAA.NOS.CO-OPS:8764314:1,2018-09-15T20:48:00Z,29.2675,-91.3839,0,3.7,265,3.8,'1111122
NOS,ioos:station:NOAA.NOS.CO-OPS:8764314:1,2018-09-15T21:42:00Z,29.2675,-91.3839,0,5.9,270,7.3,'1111122
NOS,ioos:station:NOAA.NOS.CO-OPS:8764314:1,2018-09-15T22:42:00Z,29.2675,-91.3839,0,6,271,6.6,'1111122
NOS,ioos:station:NOAA.NOS.CO-OPS:8764314:1,2018-09-15T23:42:00Z,29.2675,-91.3839,0,6.4,270,7.3,'1111122
NOS,ioos:station:NOAA.NOS.CO-OPS:8764314:1,2018-09-16T00:42:00Z,29.2675,-91.3839,0,7,282,7.6,'1111122
NOS,ioos:station:NOAA.NOS.CO-OPS:8764314:1,2018-09-16T01:48:00Z,29.2675,-91.3839,0,5.9,291,6.9,'1111122
NOS,ioos:station:NOAA.NOS.CO-OPS:8764314:1,2018-09-16T02:42:00Z,29.2675,-91.3839,0,5.7,319,6.3,'1111122
NOS,ioos:station:NOAA.NOS.CO-OPS:8764314:1,2018-09-16T03:48:00Z,29.2675,-91.3839,0,6.6,344,7.2,'1111122
NOS,ioos:station:NOAA.NOS.CO-OPS:8764314:1,2018-09-16T04:42:00Z,29.2675,-91.3839,0,4,5,4,'1111122
NOS,ioos:station:NOAA.NOS.CO-OPS:8764314:1,2018-09-16T05:42:00Z,29.2675,-91.3839,0,3.9,10,4,'1111122
NOS,ioos:station:NOAA.NOS.CO-OPS:8764314:1,2018-09-16T06:48:00Z,29.2675,-91.3839,0,3.9,4,5.3,'1111122
NOS,ioos:station:NOAA.NOS.CO-OPS:8764314:1,2018-09-16T07:42:00Z,29.2675,-91.3839,0,3.9,350,4.9,'1111122
NOS,ioos:station:NOAA.NOS.CO-OPS:8764314:1,2018-09-16T08:48:00Z,29.2675,-91.3839,0,3.2,350,3.9,'1111122
NOS,ioos:station:NOAA.NOS.CO-OPS:8764314:1,2018-09-16T09:48:00Z,29.2675,-91.3839,0,3.8,7,4,'1111122
NOS,ioos:station:NOAA.NOS.CO-OPS:8764314:1,2018-09-16T10:42:00Z,29.2675,-91.3839,0,4.3,14,5.1,'1111122
NOS,ioos:station:NOAA.NOS.CO-OPS:8764314:1,2018-09-16T11:42:00Z,29.2675,-91.3839,0,3.7,6,4,'1111122
NOS,ioos:station:NOAA.NOS.CO-OPS:8764314:1,2018-09-16T12:48:00Z,29.2675,-91.3839,0,3,357,3.2,'1111122
NOS,ioos:station:NOAA.NOS.CO-OPS:8764314:1,2018-09-16T13:42:00Z,29.2675,-91.3839,0,2.8,358,3.2,'1111122
NOS,ioos:station:NOAA.NOS.CO-OPS:8764314:1,2018-09-16T14:48:00Z,29.2675,-91.3839,0,2.5,338,2.9,'1111122
NOS,ioos:station:NOAA.NOS.CO-OPS:8764314:1,2018-09-16T15:42:00Z,29.2675,-91.3839,0,2.8,318,3,'1111122
NOS,ioos:station:NOAA.NOS.CO-OPS:8764314:1,2018-09-16T16:42:00Z,29.2675,-91.3839,0,2.9,328,3.2,'1111122
NOS,ioos:station:NOAA.NOS.CO-OPS:8764314:1,2018-09-16T17:48:00Z,29.2675,-91.3839,0,2.8,313,3,'1111122
NOS,ioos:station:NOAA.NOS.CO-OPS:8764314:1,2018-09-16T18:42:00Z,29.2675,-91.3839,0,3.4,306,3.8,'1111122
NOS,ioos:station:NOAA.NOS.CO-OPS:8764314:1,2018-09-16T19:42:00Z,29.2675,-91.3839,0,5.9,300,6.7,'1111122
NOS,ioos:station:NOAA.NOS.CO-OPS:8764314:1,2018-09-16T20:42:00Z,29.2675,-91.3839,0,6.1,290,7.3,'1111122
NOS,ioos:station:NOAA.NOS.CO-OPS:8764314:1,2018-09-16T21:42:00Z,29.2675,-91.3839,0,6.2,303,7.3,'1111122
NOS,ioos:station:NOAA.NOS.CO-OPS:8764314:1,2018-09-16T22:48:00Z,29.2675,-91.3839,0,6.6,317,7,'1111122
NOS,ioos:station:NOAA.NOS.CO-OPS:8764314:1,2018-09-16T23:42:00Z,29.2675,-91.3839,0,2.7,32,3,'1111122
NOS,ioos:station:NOAA.NOS.CO-OPS:8764314:1,2018-09-17T00:48:00Z,29.2675,-91.3839,0,2.7,344,3.3,'1111122
NOS,ioos:station:NOAA.NOS.CO-OPS:8764314:1,2018-09-17T01:48:00Z,29.2675,-91.3839,0,2.7,323,2.9,'1111122
NOS,ioos:station:NOAA.NOS.CO-OPS:8764314:1,2018-09-17T02:42:00Z,29.2675,-91.3839,0,3.1,313,3.7,'1111122
NOS,ioos:station:NOAA.NOS.CO-OPS:8764314:1,2018-09-17T03:48:00Z,29.2675,-91.3839,0,3.1,313,3.4,'1111122
NOS,ioos:station:NOAA.NOS.CO-OPS:8764314:1,2018-09-17T04:42:00Z,29.2675,-91.3839,0,4,329,5.3,'1111122
NOS,ioos:station:NOAA.NOS.CO-OPS:8764314:1,2018-09-17T05:42:00Z,29.2675,-91.3839,0,3.6,329,4,'1111122
NOS,ioos:station:NOAA.NOS.CO-OPS:8764314:1,2018-09-17T06:42:00Z,29.2675,-91.3839,0,2.8,341,3.3,'1111122
NOS,ioos:station:NOAA.NOS.CO-OPS:8764314:1,2018-09-17T07:48:00Z,29.2675,-91.3839,0,4.5,321,5.6,'1111122
NOS,ioos:station:NOAA.NOS.CO-OPS:8764314:1,2018-09-17T08:42:00Z,29.2675,-91.3839,0,3.8,329,4,'1111122
NOS,ioos:station:NOAA.NOS.CO-OPS:8764314:1,2018-09-17T09:42:00Z,29.2675,-91.3839,0,5.1,335,6,'1111122
NOS,ioos:station:NOAA.NOS.CO-OPS:8764314:1,2018-09-17T10:42:00Z,29.2675,-91.3839,0,3.3,356,3.9,'1111122
NOS,ioos:station:NOAA.NOS.CO-OPS:8764314:1,2018-09-17T11:42:00Z,29.2675,-91.3839,0,3.8,11,4,'1111122
NOS,ioos:station:NOAA.NOS.CO-OPS:8764314:1,2018-09-17T17:42:00Z,29.2675,-91.3839,0,3.3,289,3.9,'1111122
NOS,ioos:station:NOAA.NOS.CO-OPS:8764314:1,2018-09-17T18:42:00Z,29.2675,-91.3839,0,4.6,292,5.1,'1111122
NOS,ioos:station:NOAA.NOS.CO-OPS:8764314:1,2018-09-17T19:42:00Z,29.2675,-91.3839,0,4.3,284,5.5,'1111122
NOS,ioos:station:NOAA.NOS.CO-OPS:8764314:1,2018-09-17T20:42:00Z,29.2675,-91.3839,0,4.7,289,6,'1111122
NOS,ioos:station:NOAA.NOS.CO-OPS:8764314:1,2018-09-17T21:42:00Z,29.2675,-91.3839,0,4.8,294,5.4,'1111122
NOS,ioos:station:NOAA.NOS.CO-OPS:8764314:1,2018-09-17T22:42:00Z,29.2675,-91.3839,0,4.2,297,5.5,'1111122
NOS,ioos:station:NOAA.NOS.CO-OPS:8764314:1,2018-09-17T23:42:00Z,29.2675,-91.3839,0,3.4,298,4.1,'1111122
NOS,ioos:station:NOAA.NOS.CO-OPS:8764314:1,2018-09-18T00:42:00Z,29.2675,-91.3839,0,3.5,293,4.4,'1111122
NOS,ioos:station:NOAA.NOS.CO-OPS:8764314:1,2018-09-18T01:42:00Z,29.2675,-91.3839,0,1.6,321,1.9,'1111122
NOS,ioos:station:NOAA.NOS.CO-OPS:8764314:1,2018-09-18T02:42:00Z,29.2675,-91.3839,0,1.6,305,2,'1111122
NOS,ioos:station:NOAA.NOS.CO-OPS:8764314:1,2018-09-18T03:42:00Z,29.2675,-91.3839,0,2.7,310,3,'1111122
NOS,ioos:station:NOAA.NOS.CO-OPS:8764314:1,2018-09-18T04:42:00Z,29.2675,-91.3839,0,3,307,3.4,'1111122
NOS,ioos:station:NOAA.NOS.CO-OPS:8764314:1,2018-09-18T05:42:00Z,29.2675,-91.3839,0,2.8,309,3.1,'1111122
NOS,ioos:station:NOAA.NOS.CO-OPS:8764314:1,2018-09-18T06:42:00Z,29.2675,-91.3839,0,3.4,300,3.9,'1111122
NOS,ioos:station:NOAA.NOS.CO-OPS:8764314:1,2018-09-18T07:42:00Z,29.2675,-91.3839,0,3.8,308,4.2,'1111122
NOS,ioos:station:NOAA.NOS.CO-OPS:8764314:1,2018-09-18T08:42:00Z,29.2675,-91.3839,0,4,317,4.7,'1111122
NOS,ioos:station:NOAA.NOS.CO-OPS:8764314:1,2018-09-18T09:42:00Z,29.2675,-91.3839,0,3.8,325,4.7,'1111122
NOS,ioos:station:NOAA.NOS.CO-OPS:8764314:1,2018-09-18T10:42:00Z,29.2675,-91.3839,0,3.7,328,4.6,'1111122
NOS,ioos:station:NOAA.NOS.CO-OPS:8764314:1,2018-09-18T11:42:00Z,29.2675,-91.3839,0,4.6,326,5,'1111122
NOS,ioos:station:NOAA.NOS.CO-OPS:8764314:1,2018-09-18T12:42:00Z,29.2675,-91.3839,0,3.9,328,4.3,'1111122
NOS,ioos:station:NOAA.NOS.CO-OPS:8764314:1,2018-09-18T13:42:00Z,29.2675,-91.3839,0,3.2,330,3.5,'1111122
NOS,ioos:station:NOAA.NOS.CO-OPS:8764314:1,2018-09-18T14:42:00Z,29.2675,-91.3839,0,1.8,315,2.1,'1111122
NOS,ioos:station:NOAA.NOS.CO-OPS:8764314:1,2018-09-18T15:42:00Z,29.2675,-91.3839,0,2.2,324,2.5,'1111122
NOS,ioos:station:NOAA.NOS.CO-OPS:8764314:1,2018-09-18T16:42:00Z,29.2675,-91.3839,0,1.9,319,2.5,'1111122
NOS,ioos:station:NOAA.NOS.CO-OPS:8764314:1,2018-09-18T17:48:00Z,29.2675,-91.3839,0,3.1,297,3.8,'1111122
NOS,ioos:station:NOAA.NOS.CO-OPS:8764314:1,2018-09-18T18:48:00Z,29.2675,-91.3839,0,3.5,296,4.4,'1111122
NOS,ioos:station:NOAA.NOS.CO-OPS:8764314:1,2018-09-18T19:42:00Z,29.2675,-91.3839,0,3.7,288,5,'1111122
NOS,ioos:station:NOAA.NOS.CO-OPS:8764314:1,2018-09-18T20:42:00Z,29.2675,-91.3839,0,2.1,280,3.4,'1111122
NOS,ioos:station:NOAA.NOS.CO-OPS:8764314:1,2018-09-18T21:42:00Z,29.2675,-91.3839,0,1.7,287,3.8,'1111122
NOS,ioos:station:NOAA.NOS.CO-OPS:8764314:1,2018-09-18T22:42:00Z,29.2675,-91.3839,0,3.4,282,4.1,'1111122
NOS,ioos:station:NOAA.NOS.CO-OPS:8764314:1,2018-09-18T23:48:00Z,29.2675,-91.3839,0,2.8,272,3.2,'1111122
NOS,ioos:station:NOAA.NOS.CO-OPS:8764314:1,2018-09-19T00:42:00Z,29.2675,-91.3839,0,2.7,254,3.1,'1111122
NOS,ioos:station:NOAA.NOS.CO-OPS:8764314:1,2018-09-19T01:42:00Z,29.2675,-91.3839,0,2.4,260,2.8,'1111122
NOS,ioos:station:NOAA.NOS.CO-OPS:8764314:1,2018-09-19T02:42:00Z,29.2675,-91.3839,0,2.2,259,2.5,'1111122
NOS,ioos:station:NOAA.NOS.CO-OPS:8764314:1,2018-09-19T03:42:00Z,29.2675,-91.3839,0,2,263,2.6,'1111122
NOS,ioos:station:NOAA.NOS.CO-OPS:8764314:1,2018-09-19T04:42:00Z,29.2675,-91.3839,0,2.2,277,2.8,'1111122
NOS,ioos:station:NOAA.NOS.CO-OPS:8764314:1,2018-09-19T05:42:00Z,29.2675,-91.3839,0,3.1,283,3.7,'1111122
NOS,ioos:station:NOAA.NOS.CO-OPS:8764314:1,2018-09-19T06:42:00Z,29.2675,-91.3839,0,2.5,287,3.2,'1111122
NOS,ioos:station:NOAA.NOS.CO-OPS:8764314:1,2018-09-19T07:42:00Z,29.2675,-91.3839,0,1.8,286,2.1,'1111122
NOS,ioos:station:NOAA.NOS.CO-OPS:8764314:1,2018-09-19T08:42:00Z,29.2675,-91.3839,0,2.2,294,2.5,'1111122
NOS,ioos:station:NOAA.NOS.CO-OPS:8764314:1,2018-09-19T09:42:00Z,29.2675,-91.3839,0,3.5,252,4.9,'1111122
NOS,ioos:station:NOAA.NOS.CO-OPS:8764314:1,2018-09-19T10:42:00Z,29.2675,-91.3839,0,4.6,308,5.5,'1111122
NOS,ioos:station:NOAA.NOS.CO-OPS:8764314:1,2018-09-19T11:42:00Z,29.2675,-91.3839,0,4,299,6.7,'1111122
NOS,ioos:station:NOAA.NOS.CO-OPS:8764314:1,2018-09-19T12:42:00Z,29.2675,-91.3839,0,3.9,263,4.7,'1111122
NOS,ioos:station:NOAA.NOS.CO-OPS:8764314:1,2018-09-19T13:42:00Z,29.2675,-91.3839,0,1.3,200,2,'1111122
NOS,ioos:station:NOAA.NOS.CO-OPS:8764314:1,2018-09-19T14:42:00Z,29.2675,-91.3839,0,2.6,8,4.1,'1111122
NOS,ioos:station:NOAA.NOS.CO-OPS:8764314:1,2018-09-19T15:42:00Z,29.2675,-91.3839,0,1.5,8,1.7,'1111122
NOS,ioos:station:NOAA.NOS.CO-OPS:8764314:1,2018-09-19T16:42:00Z,29.2675,-91.3839,0,1.9,337,2.7,'1111122
NOS,ioos:station:NOAA.NOS.CO-OPS:8764314:1,2018-09-19T17:42:00Z,29.2675,-91.3839,0,1.5,339,2.5,'1111122
NOS,ioos:station:NOAA.NOS.CO-OPS:8764314:1,2018-09-19T18:42:00Z,29.2675,-91.3839,0,2,322,2.4,'1111122
NOS,ioos:station:NOAA.NOS.CO-OPS:8764314:1,2018-09-19T19:42:00Z,29.2675,-91.3839,0,2.1,271,3,'1111122
NOS,ioos:station:NOAA.NOS.CO-OPS:8764314:1,2018-09-19T20:42:00Z,29.2675,-91.3839,0,3.1,260,3.8,'1111122
NOS,ioos:station:NOAA.NOS.CO-OPS:8764314:1,2018-09-19T21:42:00Z,29.2675,-91.3839,0,2.7,236,3.1,'1111122
NOS,ioos:station:NOAA.NOS.CO-OPS:8764314:1,2018-09-19T22:42:00Z,29.2675,-91.3839,0,8.1,143,9.7,'1111122
NOS,ioos:station:NOAA.NOS.CO-OPS:8764314:1,2018-09-19T23:42:00Z,29.2675,-91.3839,0,2.3,145,2.7,'1111122
NOS,ioos:station:NOAA.NOS.CO-OPS:8764314:1,2018-09-20T00:42:00Z,29.2675,-91.3839,0,1.2,264,2,'1111122
NOS,ioos:station:NOAA.NOS.CO-OPS:8764314:1,2018-09-20T01:42:00Z,29.2675,-91.3839,0,1.2,285,1.3,'1111122
NOS,ioos:station:NOAA.NOS.CO-OPS:8764314:1,2018-09-20T02:42:00Z,29.2675,-91.3839,0,1.5,74,1.8,'1111122
NOS,ioos:station:NOAA.NOS.CO-OPS:8764314:1,2018-09-20T12:30:00Z,29.2675,-91.3839,0,3.1,132,3.3,'1111122
NOS,ioos:station:NOAA.NOS.CO-OPS:8764314:1,2018-09-20T13:42:00Z,29.2675,-91.3839,0,3.2,124,3.6,'1111122
NOS,ioos:station:NOAA.NOS.CO-OPS:8764314:1,2018-09-20T14:42:00Z,29.2675,-91.3839,0,3,111,3.4,'1111122
NOS,ioos:station:NOAA.NOS.CO-OPS:8764314:1,2018-09-20T16:42:00Z,29.2675,-91.3839,0,0.9,150,2.2,'1111122
NOS,ioos:station:NOAA.NOS.CO-OPS:8764314:1,2018-09-20T17:42:00Z,29.2675,-91.3839,0,1,126,1.5,'1111122
NOS,ioos:station:NOAA.NOS.CO-OPS:8764314:1,2018-09-20T18:42:00Z,29.2675,-91.3839,0,4.5,204,5.8,'1111122
NOS,ioos:station:NOAA.NOS.CO-OPS:8764314:1,2018-09-20T19:42:00Z,29.2675,-91.3839,0,6.2,203,7,'1111122
NOS,ioos:station:NOAA.NOS.CO-OPS:8764314:1,2018-09-20T22:42:00Z,29.2675,-91.3839,0,6.3,195,7.2,'1111122
NOS,ioos:station:NOAA.NOS.CO-OPS:8764314:1,2018-09-21T03:42:00Z,29.2675,-91.3839,0,6.6,186,8.4,'1111122
NOS,ioos:station:NOAA.NOS.CO-OPS:8764314:1,2018-09-21T05:42:00Z,29.2675,-91.3839,0,7.1,197,8.6,'1111122
NOS,ioos:station:NOAA.NOS.CO-OPS:8764314:1,2018-09-21T06:42:00Z,29.2675,-91.3839,0,6.5,192,7.7,'1111122
NOS,ioos:station:NOAA.NOS.CO-OPS:8764314:1,2018-09-21T08:42:00Z,29.2675,-91.3839,0,6.3,202,7.5,'1111122
NOS,ioos:station:NOAA.NOS.CO-OPS:8764314:1,2018-09-21T09:42:00Z,29.2675,-91.3839,0,5.3,196,6.2,'1111122
NOS,ioos:station:NOAA.NOS.CO-OPS:8764314:1,2018-09-21T10:42:00Z,29.2675,-91.3839,0,4.4,189,5,'1111122
NOS,ioos:station:NOAA.NOS.CO-OPS:8764314:1,2018-09-21T11:48:00Z,29.2675,-91.3839,0,4.7,170,5.3,'1111122
NOS,ioos:station:NOAA.NOS.CO-OPS:8764314:1,2018-09-21T14:42:00Z,29.2675,-91.3839,0,3.9,166,4.8,'1111122
NOS,ioos:station:NOAA.NOS.CO-OPS:8764314:1,2018-09-21T17:42:00Z,29.2675,-91.3839,0,5.6,192,6.7,'1111122
NOS,ioos:station:NOAA.NOS.CO-OPS:8764314:1,2018-09-21T21:42:00Z,29.2675,-91.3839,0,6.8,182,7.7,'1111122
NOS,ioos:station:NOAA.NOS.CO-OPS:8764314:1,2018-09-21T22:42:00Z,29.2675,-91.3839,0,6.4,188,8,'1111122
NOS,ioos:station:NOAA.NOS.CO-OPS:8764314:1,2018-09-21T23:42:00Z,29.2675,-91.3839,0,5.6,238,7.3,'1111122
NOS,ioos:station:NOAA.NOS.CO-OPS:8764314:1,2018-09-22T01:42:00Z,29.2675,-91.3839,0,8.5,119,10.7,'1111122
NOS,ioos:station:NOAA.NOS.CO-OPS:8764314:1,2018-09-22T02:42:00Z,29.2675,-91.3839,0,2.7,7,3.5,'1111122
NOS,ioos:station:NOAA.NOS.CO-OPS:8764314:1,2018-09-22T03:42:00Z,29.2675,-91.3839,0,2.7,96,3.6,'1111122
NOS,ioos:station:NOAA.NOS.CO-OPS:8764314:1,2018-09-22T05:42:00Z,29.2675,-91.3839,0,6.1,159,6.5,'1111122
NOS,ioos:station:NOAA.NOS.CO-OPS:8764314:1,2018-09-22T08:42:00Z,29.2675,-91.3839,0,4.8,131,6.6,'1111122
NOS,ioos:station:NOAA.NOS.CO-OPS:8764314:1,2018-09-22T09:42:00Z,29.2675,-91.3839,0,6.3,196,7.1,'1111122
NOS,ioos:station:NOAA.NOS.CO-OPS:8764314:1,2018-09-22T11:42:00Z,29.2675,-91.3839,0,4.6,193,5,'1111122
NOS,ioos:station:NOAA.NOS.CO-OPS:8764314:1,2018-09-22T12:42:00Z,29.2675,-91.3839,0,4.2,193,4.8,'1111122
NOS,ioos:station:NOAA.NOS.CO-OPS:8764314:1,2018-09-22T13:42:00Z,29.2675,-91.3839,0,2.4,299,3.2,'1111122
NOS,ioos:station:NOAA.NOS.CO-OPS:8764314:1,2018-09-22T15:42:00Z,29.2675,-91.3839,0,0,173,0.6,'1114422
NOS,ioos:station:NOAA.NOS.CO-OPS:8764314:1,2018-09-22T16:42:00Z,29.2675,-91.3839,0,3.3,120,3.7,'1111122
NOS,ioos:station:NOAA.NOS.CO-OPS:8764314:1,2018-09-22T18:42:00Z,29.2675,-91.3839,0,3.8,345,6.3,'1111122
NOS,ioos:station:NOAA.NOS.CO-OPS:8764314:1,2018-09-22T19:42:00Z,29.2675,-91.3839,0,2.4,272,3,'1111122
NOS,ioos:station:NOAA.NOS.CO-OPS:8764314:1,2018-09-22T20:42:00Z,29.2675,-91.3839,0,8.7,280,12.3,'1111122
NOS,ioos:station:NOAA.NOS.CO-OPS:8764314:1,2018-09-22T21:42:00Z,29.2675,-91.3839,0,6.2,334,7.6,'1111122
NOS,ioos:station:NOAA.NOS.CO-OPS:8764314:1,2018-09-22T23:42:00Z,29.2675,-91.3839,0,3.8,78,4.1,'1111122
NOS,ioos:station:NOAA.NOS.CO-OPS:8764314:1,2018-09-23T00:42:00Z,29.2675,-91.3839,0,3.1,78,4.2,'1111122
NOS,ioos:station:NOAA.NOS.CO-OPS:8764314:1,2018-09-23T02:42:00Z,29.2675,-91.3839,0,3.8,106,4.4,'1111122
NOS,ioos:station:NOAA.NOS.CO-OPS:8764314:1,2018-09-23T03:42:00Z,29.2675,-91.3839,0,2.6,117,3.4,'1111122
NOS,ioos:station:NOAA.NOS.CO-OPS:8764314:1,2018-09-23T07:42:00Z,29.2675,-91.3839,0,6.8,186,9.8,'1111122
NOS,ioos:station:NOAA.NOS.CO-OPS:8764314:1,2018-09-23T08:42:00Z,29.2675,-91.3839,0,5,165,5.7,'1111122
NOS,ioos:station:NOAA.NOS.CO-OPS:8764314:1,2018-09-23T13:42:00Z,29.2675,-91.3839,0,2.2,128,3.5,'1111122
NOS,ioos:station:NOAA.NOS.CO-OPS:8764314:1,2018-09-23T19:42:00Z,29.2675,-91.3839,0,6.4,249,7.6,'1111122
NOS,ioos:station:NOAA.NOS.CO-OPS:8764314:1,2018-09-23T21:42:00Z,29.2675,-91.3839,0,0,314,0,'1114422
NOS,ioos:station:NOAA.NOS.CO-OPS:8764314:1,2018-09-23T22:42:00Z,29.2675,-91.3839,0,0.7,96,0.9,'1111122
NOS,ioos:station:NOAA.NOS.CO-OPS:8764314:1,2018-09-23T23:42:00Z,29.2675,-91.3839,0,1.1,233,1.6,'1111122
NOS,ioos:station:NOAA.NOS.CO-OPS:8764314:1,2018-09-24T08:42:00Z,29.2675,-91.3839,0,6.4,200,7.9,'1111122
NOS,ioos:station:NOAA.NOS.CO-OPS:8764314:1,2018-09-24T09:42:00Z,29.2675,-91.3839,0,6.9,219,7.8,'1111122
NOS,ioos:station:NOAA.NOS.CO-OPS:8764314:1,2018-09-24T12:42:00Z,29.2675,-91.3839,0,2.9,62,3.5,'1111122
NOS,ioos:station:NOAA.NOS.CO-OPS:8764314:1,2018-09-24T14:42:00Z,29.2675,-91.3839,0,2.9,184,4.4,'1111122
NOS,ioos:station:NOAA.NOS.CO-OPS:8764314:1,2018-09-24T15:42:00Z,29.2675,-91.3839,0,3.9,12,6.1,'1111122
NOS,ioos:station:NOAA.NOS.CO-OPS:8764314:1,2018-09-24T16:42:00Z,29.2675,-91.3839,0,7.5,301,9.2,'1111122
NOS,ioos:station:NOAA.NOS.CO-OPS:8764314:1,2018-09-24T17:42:00Z,29.2675,-91.3839,0,4.5,258,5.2,'1111122
NOS,ioos:station:NOAA.NOS.CO-OPS:8764314:1,2018-09-24T19:42:00Z,29.2675,-91.3839,0,2.7,267,3.5,'1111122
NOS,ioos:station:NOAA.NOS.CO-OPS:8764314:1,2018-09-24T21:42:00Z,29.2675,-91.3839,0,3,265,3.5,'1111122
NOS,ioos:station:NOAA.NOS.CO-OPS:8764314:1,2018-09-24T22:42:00Z,29.2675,-91.3839,0,2.5,250,3.1,'1111122
NOS,ioos:station:NOAA.NOS.CO-OPS:8764314:1,2018-09-25T01:42:00Z,29.2675,-91.3839,0,3.6,214,4,'1111122
NOS,ioos:station:NOAA.NOS.CO-OPS:8764314:1,2018-09-25T04:42:00Z,29.2675,-91.3839,0,3.7,208,4.6,'1111122
NOS,ioos:station:NOAA.NOS.CO-OPS:8764314:1,2018-09-25T18:42:00Z,29.2675,-91.3839,0,5.7,211,6.4,'1111122
NOS,ioos:station:NOAA.NOS.CO-OPS:8764314:1,2018-09-25T19:42:00Z,29.2675,-91.3839,0,5.2,224,6.5,'1111122
NOS,ioos:station:NOAA.NOS.CO-OPS:8764314:1,2018-09-25T20:42:00Z,29.2675,-91.3839,0,4.2,178,7.1,'1111122
NOS,ioos:station:NOAA.NOS.CO-OPS:8764314:1,2018-09-25T21:42:00Z,29.2675,-91.3839,0,6.8,224,7.8,'1111122
NOS,ioos:station:NOAA.NOS.CO-OPS:8764314:1,2018-09-25T22:42:00Z,29.2675,-91.3839,0,4.4,240,6,'1111122
NOS,ioos:station:NOAA.NOS.CO-OPS:8764314:1,2018-09-25T23:42:00Z,29.2675,-91.3839,0,5.1,235,5.9,'1111122
NOS,ioos:station:NOAA.NOS.CO-OPS:8764314:1,2018-09-26T00:42:00Z,29.2675,-91.3839,0,3.5,232,4.5,'1111122
NOS,ioos:station:NOAA.NOS.CO-OPS:8764314:1,2018-09-26T01:42:00Z,29.2675,-91.3839,0,3.5,214,4,'1111122
NOS,ioos:station:NOAA.NOS.CO-OPS:8764314:1,2018-09-26T02:42:00Z,29.2675,-91.3839,0,3.3,193,3.8,'1111122
NOS,ioos:station:NOAA.NOS.CO-OPS:8764314:1,2018-09-26T03:42:00Z,29.2675,-91.3839,0,4.1,205,4.5,'1111122
NOS,ioos:station:NOAA.NOS.CO-OPS:8764314:1,2018-09-26T04:42:00Z,29.2675,-91.3839,0,3.6,208,4.2,'1111122
NOS,ioos:station:NOAA.NOS.CO-OPS:8764314:1,2018-09-26T05:42:00Z,29.2675,-91.3839,0,4.2,205,4.8,'1111122
NOS,ioos:station:NOAA.NOS.CO-OPS:8764314:1,2018-09-26T06:42:00Z,29.2675,-91.3839,0,4.5,181,5.8,'1111122
NOS,ioos:station:NOAA.NOS.CO-OPS:8764314:1,2018-09-26T07:42:00Z,29.2675,-91.3839,0,5,216,5.7,'1111122
NOS,ioos:station:NOAA.NOS.CO-OPS:8764314:1,2018-09-26T08:42:00Z,29.2675,-91.3839,0,3.9,219,5.3,'1111122
NOS,ioos:station:NOAA.NOS.CO-OPS:8764314:1,2018-09-26T09:42:00Z,29.2675,-91.3839,0,5,229,5.5,'1111122
NOS,ioos:station:NOAA.NOS.CO-OPS:8764314:1,2018-09-26T10:42:00Z,29.2675,-91.3839,0,3.4,232,3.8,'1111122
NOS,ioos:station:NOAA.NOS.CO-OPS:8764314:1,2018-09-26T11:42:00Z,29.2675,-91.3839,0,8.6,223,11.6,'1111122
NOS,ioos:station:NOAA.NOS.CO-OPS:8764314:1,2018-09-26T12:42:00Z,29.2675,-91.3839,0,6.6,280,9.1,'1111122
NOS,ioos:station:NOAA.NOS.CO-OPS:8764314:1,2018-09-26T13:42:00Z,29.2675,-91.3839,0,5.3,125,5.8,'1111122
NOS,ioos:station:NOAA.NOS.CO-OPS:8764314:1,2018-09-26T14:42:00Z,29.2675,-91.3839,0,4,140,5.8,'1111122
NOS,ioos:station:NOAA.NOS.CO-OPS:8764314:1,2018-09-26T15:42:00Z,29.2675,-91.3839,0,4.6,168,5,'1111122
NOS,ioos:station:NOAA.NOS.CO-OPS:8764314:1,2018-09-26T16:42:00Z,29.2675,-91.3839,0,1.4,74,1.7,'1111122
NOS,ioos:station:NOAA.NOS.CO-OPS:8764314:1,2018-09-26T17:42:00Z,29.2675,-91.3839,0,3.8,311,4.4,'1111122
NOS,ioos:station:NOAA.NOS.CO-OPS:8764314:1,2018-09-26T18:42:00Z,29.2675,-91.3839,0,4.4,299,5.9,'1111122
NOS,ioos:station:NOAA.NOS.CO-OPS:8764314:1,2018-09-26T19:42:00Z,29.2675,-91.3839,0,3.8,314,5,'1111122
NOS,ioos:station:NOAA.NOS.CO-OPS:8764314:1,2018-09-26T20:42:00Z,29.2675,-91.3839,0,3.3,302,4.2,'1111122
NOS,ioos:station:NOAA.NOS.CO-OPS:8764314:1,2018-09-26T21:42:00Z,29.2675,-91.3839,0,2.2,160,2.6,'1111122
NOS,ioos:station:NOAA.NOS.CO-OPS:8764314:1,2018-09-26T22:42:00Z,29.2675,-91.3839,0,2.7,154,3.1,'1111122
NOS,ioos:station:NOAA.NOS.CO-OPS:8764314:1,2018-09-26T23:42:00Z,29.2675,-91.3839,0,3.5,159,3.9,'1111122
NOS,ioos:station:NOAA.NOS.CO-OPS:8764314:1,2018-09-27T00:42:00Z,29.2675,-91.3839,0,1.5,219,2,'1111122
NOS,ioos:station:NOAA.NOS.CO-OPS:8764314:1,2018-09-27T01:42:00Z,29.2675,-91.3839,0,2.2,203,2.4,'1111122
NOS,ioos:station:NOAA.NOS.CO-OPS:8764314:1,2018-09-27T02:42:00Z,29.2675,-91.3839,0,2.8,197,3.2,'1111122
NOS,ioos:station:NOAA.NOS.CO-OPS:8764314:1,2018-09-27T03:42:00Z,29.2675,-91.3839,0,3.8,212,4.1,'1111122
NOS,ioos:station:NOAA.NOS.CO-OPS:8764314:1,2018-09-27T04:42:00Z,29.2675,-91.3839,0,5.4,231,6.1,'1111122
NOS,ioos:station:NOAA.NOS.CO-OPS:8764314:1,2018-09-27T05:42:00Z,29.2675,-91.3839,0,3.7,237,4.3,'1111122
NOS,ioos:station:NOAA.NOS.CO-OPS:8764314:1,2018-09-27T06:42:00Z,29.2675,-91.3839,0,3.9,245,4.9,'1111122
NOS,ioos:station:NOAA.NOS.CO-OPS:8764314:1,2018-09-27T07:42:00Z,29.2675,-91.3839,0,3.7,310,4,'1111122
NOS,ioos:station:NOAA.NOS.CO-OPS:8764314:1,2018-09-27T08:42:00Z,29.2675,-91.3839,0,2.4,308,3.2,'1111122
NOS,ioos:station:NOAA.NOS.CO-OPS:8764314:1,2018-09-27T09:42:00Z,29.2675,-91.3839,0,2.2,299,3.1,'1111122
NOS,ioos:station:NOAA.NOS.CO-OPS:8764314:1,2018-09-27T10:42:00Z,29.2675,-91.3839,0,2.7,338,3.1,'1111122
NOS,ioos:station:NOAA.NOS.CO-OPS:8764314:1,2018-09-27T11:42:00Z,29.2675,-91.3839,0,0.8,26,1.5,'1111122
NOS,ioos:station:NOAA.NOS.CO-OPS:8764314:1,2018-09-27T12:42:00Z,29.2675,-91.3839,0,2.6,349,2.8,'1111122
NOS,ioos:station:NOAA.NOS.CO-OPS:8764314:1,2018-09-27T13:42:00Z,29.2675,-91.3839,0,4,36,4.8,'1111122
NOS,ioos:station:NOAA.NOS.CO-OPS:8764314:1,2018-09-27T14:42:00Z,29.2675,-91.3839,0,4.7,47,5.9,'1111122
NOS,ioos:station:NOAA.NOS.CO-OPS:8764314:1,2018-09-27T15:42:00Z,29.2675,-91.3839,0,3.2,60,4,'1111122
NOS,ioos:station:NOAA.NOS.CO-OPS:8764314:1,2018-09-27T16:48:00Z,29.2675,-91.3839,0,2.3,69,2.8,'1111122
NOS,ioos:station:NOAA.NOS.CO-OPS:8764314:1,2018-09-27T17:42:00Z,29.2675,-91.3839,0,0.9,138,1.1,'1111122
NOS,ioos:station:NOAA.NOS.CO-OPS:8764314:1,2018-09-27T18:42:00Z,29.2675,-91.3839,0,3.9,190,4.4,'1111122
NOS,ioos:station:NOAA.NOS.CO-OPS:8764314:1,2018-09-27T19:42:00Z,29.2675,-91.3839,0,2.2,202,2.8,'1111122
NOS,ioos:station:NOAA.NOS.CO-OPS:8764314:1,2018-09-27T20:42:00Z,29.2675,-91.3839,0,2.2,197,2.7,'1111122
NOS,ioos:station:NOAA.NOS.CO-OPS:8764314:1,2018-09-27T21:42:00Z,29.2675,-91.3839,0,1.6,211,2.5,'1111122
NOS,ioos:station:NOAA.NOS.CO-OPS:8764314:1,2018-09-27T22:42:00Z,29.2675,-91.3839,0,2.6,160,3.1,'1111122
NOS,ioos:station:NOAA.NOS.CO-OPS:8764314:1,2018-09-27T23:42:00Z,29.2675,-91.3839,0,3.1,162,4,'1111122
NOS,ioos:station:NOAA.NOS.CO-OPS:8764314:1,2018-09-28T00:42:00Z,29.2675,-91.3839,0,1.8,155,2.8,'1111122
NOS,ioos:station:NOAA.NOS.CO-OPS:8764314:1,2018-09-28T01:42:00Z,29.2675,-91.3839,0,2,158,2.4,'1111122
NOS,ioos:station:NOAA.NOS.CO-OPS:8764314:1,2018-09-28T02:42:00Z,29.2675,-91.3839,0,1.9,112,2.3,'1111122
NOS,ioos:station:NOAA.NOS.CO-OPS:8764314:1,2018-09-28T07:42:00Z,29.2675,-91.3839,0,1.7,109,1.9,'1111122
NOS,ioos:station:NOAA.NOS.CO-OPS:8764314:1,2018-09-28T08:42:00Z,29.2675,-91.3839,0,2.1,103,2.4,'1111122
NOS,ioos:station:NOAA.NOS.CO-OPS:8764314:1,2018-09-28T09:42:00Z,29.2675,-91.3839,0,3.2,108,3.5,'1111122
NOS,ioos:station:NOAA.NOS.CO-OPS:8764314:1,2018-09-28T10:42:00Z,29.2675,-91.3839,0,3.3,100,3.7,'1111122
NOS,ioos:station:NOAA.NOS.CO-OPS:8764314:1,2018-09-28T11:42:00Z,29.2675,-91.3839,0,4,74,4.2,'1111122
NOS,ioos:station:NOAA.NOS.CO-OPS:8764314:1,2018-09-28T14:48:00Z,29.2675,-91.3839,0,4.9,100,5.9,'1111122
NOS,ioos:station:NOAA.NOS.CO-OPS:8764314:1,2018-09-28T15:42:00Z,29.2675,-91.3839,0,4.3,92,5.1,'1111122
NOS,ioos:station:NOAA.NOS.CO-OPS:8764314:1,2018-09-28T16:42:00Z,29.2675,-91.3839,0,4.4,99,5.2,'1111122
NOS,ioos:station:NOAA.NOS.CO-OPS:8764314:1,2018-09-28T17:42:00Z,29.2675,-91.3839,0,3.5,113,4.4,'1111122
NOS,ioos:station:NOAA.NOS.CO-OPS:8764314:1,2018-09-28T18:42:00Z,29.2675,-91.3839,0,2.3,110,2.9,'1111122
NOS,ioos:station:NOAA.NOS.CO-OPS:8764314:1,2018-09-28T19:42:00Z,29.2675,-91.3839,0,2.4,247,4.5,'1111122
NOS,ioos:station:NOAA.NOS.CO-OPS:8764314:1,2018-09-28T20:42:00Z,29.2675,-91.3839,0,3.5,185,4.4,'1111122
NOS,ioos:station:NOAA.NOS.CO-OPS:8764314:1,2018-09-28T21:42:00Z,29.2675,-91.3839,0,1.9,157,2.3,'1111122
NOS,ioos:station:NOAA.NOS.CO-OPS:8764314:1,2018-09-28T22:42:00Z,29.2675,-91.3839,0,5,62,5.8,'1111122
NOS,ioos:station:NOAA.NOS.CO-OPS:8764314:1,2018-09-28T23:42:00Z,29.2675,-91.3839,0,4.8,71,5.3,'1111122
NOS,ioos:station:NOAA.NOS.CO-OPS:8764314:1,2018-09-29T00:42:00Z,29.2675,-91.3839,0,4.8,91,5.5,'1111122
NOS,ioos:station:NOAA.NOS.CO-OPS:8764314:1,2018-09-29T01:42:00Z,29.2675,-91.3839,0,5.9,101,6.4,'1111122
NOS,ioos:station:NOAA.NOS.CO-OPS:8764314:1,2018-09-29T02:42:00Z,29.2675,-91.3839,0,4.4,91,5.3,'1111122
NOS,ioos:station:NOAA.NOS.CO-OPS:8764314:1,2018-09-29T03:48:00Z,29.2675,-91.3839,0,3.9,103,4.7,'1111122
NOS,ioos:station:NOAA.NOS.CO-OPS:8764314:1,2018-09-29T04:42:00Z,29.2675,-91.3839,0,5.7,108,6.5,'1111122
NOS,ioos:station:NOAA.NOS.CO-OPS:8764314:1,2018-09-29T05:42:00Z,29.2675,-91.3839,0,4.8,101,5.7,'1111122
NOS,ioos:station:NOAA.NOS.CO-OPS:8764314:1,2018-09-29T06:42:00Z,29.2675,-91.3839,0,5.5,101,6,'1111122
NOS,ioos:station:NOAA.NOS.CO-OPS:8764314:1,2018-09-29T07:42:00Z,29.2675,-91.3839,0,4.6,98,5.1,'1111122
NOS,ioos:station:NOAA.NOS.CO-OPS:8764314:1,2018-09-29T08:42:00Z,29.2675,-91.3839,0,4.1,90,5.2,'1111122
NOS,ioos:station:NOAA.NOS.CO-OPS:8764314:1,2018-09-29T09:42:00Z,29.2675,-91.3839,0,4.7,88,5.6,'1111122
NOS,ioos:station:NOAA.NOS.CO-OPS:8764314:1,2018-09-29T10:42:00Z,29.2675,-91.3839,0,4.8,91,6.1,'1111122
NOS,ioos:station:NOAA.NOS.CO-OPS:8764314:1,2018-09-29T11:42:00Z,29.2675,-91.3839,0,5,86,5.8,'1111122
NOS,ioos:station:NOAA.NOS.CO-OPS:8764314:1,2018-09-29T12:42:00Z,29.2675,-91.3839,0,6,88,6.7,'1111122
NOS,ioos:station:NOAA.NOS.CO-OPS:8764314:1,2018-09-29T13:42:00Z,29.2675,-91.3839,0,6.9,86,7.8,'1111122
NOS,ioos:station:NOAA.NOS.CO-OPS:8764314:1,2018-09-29T14:42:00Z,29.2675,-91.3839,0,5.6,90,6.4,'1111122
NOS,ioos:station:NOAA.NOS.CO-OPS:8764314:1,2018-09-29T15:42:00Z,29.2675,-91.3839,0,5.7,90,6.7,'1111122
NOS,ioos:station:NOAA.NOS.CO-OPS:8764314:1,2018-09-29T16:42:00Z,29.2675,-91.3839,0,5.2,86,6.3,'1111122
NOS,ioos:station:NOAA.NOS.CO-OPS:8764314:1,2018-09-29T17:42:00Z,29.2675,-91.3839,0,3.9,91,5.1,'1111122
NOS,ioos:station:NOAA.NOS.CO-OPS:8764314:1,2018-09-29T18:42:00Z,29.2675,-91.3839,0,4.2,71,4.9,'1111122
NOS,ioos:station:NOAA.NOS.CO-OPS:8764314:1,2018-09-29T19:42:00Z,29.2675,-91.3839,0,3.8,64,4.1,'1111122
NOS,ioos:station:NOAA.NOS.CO-OPS:8764314:1,2018-09-29T20:42:00Z,29.2675,-91.3839,0,3.5,65,4.2,'1111122
NOS,ioos:station:NOAA.NOS.CO-OPS:8764314:1,2018-09-29T21:42:00Z,29.2675,-91.3839,0,4.6,72,4.8,'1111122
NOS,ioos:station:NOAA.NOS.CO-OPS:8764314:1,2018-09-29T22:42:00Z,29.2675,-91.3839,0,5.9,100,6.8,'1111122
NOS,ioos:station:NOAA.NOS.CO-OPS:8764314:1,2018-09-29T23:42:00Z,29.2675,-91.3839,0,5.6,98,7.5,'1111122
NOS,ioos:station:NOAA.NOS.CO-OPS:8764314:1,2018-09-30T00:42:00Z,29.2675,-91.3839,0,8.1,128,11.8,'1111122
NOS,ioos:station:NOAA.NOS.CO-OPS:8764314:1,2018-09-30T01:42:00Z,29.2675,-91.3839,0,5.9,109,6.8,'1111122
NOS,ioos:station:NOAA.NOS.CO-OPS:8764314:1,2018-09-30T02:42:00Z,29.2675,-91.3839,0,3.8,28,4.1,'1111122
NOS,ioos:station:NOAA.NOS.CO-OPS:8764314:1,2018-09-30T03:42:00Z,29.2675,-91.3839,0,3.6,15,4,'1111122
NOS,ioos:station:NOAA.NOS.CO-OPS:8764314:1,2018-09-30T04:42:00Z,29.2675,-91.3839,0,4.6,41,5.6,'1111122
NOS,ioos:station:NOAA.NOS.CO-OPS:8764314:1,2018-09-30T05:42:00Z,29.2675,-91.3839,0,5.1,80,5.8,'1111122
NOS,ioos:station:NOAA.NOS.CO-OPS:8764314:1,2018-09-30T06:42:00Z,29.2675,-91.3839,0,4.9,95,5.6,'1111122
NOS,ioos:station:NOAA.NOS.CO-OPS:8764314:1,2018-09-30T07:42:00Z,29.2675,-91.3839,0,5.9,103,6.9,'1111122
NOS,ioos:station:NOAA.NOS.CO-OPS:8764314:1,2018-09-30T08:42:00Z,29.2675,-91.3839,0,7.5,106,8.2,'1111122
NOS,ioos:station:NOAA.NOS.CO-OPS:8764314:1,2018-09-30T09:42:00Z,29.2675,-91.3839,0,6.5,103,7.4,'1111122
NOS,ioos:station:NOAA.NOS.CO-OPS:8764314:1,2018-09-30T10:42:00Z,29.2675,-91.3839,0,5.6,93,6.6,'1111122
NOS,ioos:station:NOAA.NOS.CO-OPS:8764314:1,2018-09-30T11:42:00Z,29.2675,-91.3839,0,5.3,99,6.2,'1111122
NOS,ioos:station:NOAA.NOS.CO-OPS:8764314:1,2018-09-30T12:42:00Z,29.2675,-91.3839,0,6.2,107,7.1,'1111122
NOS,ioos:station:NOAA.NOS.CO-OPS:8764314:1,2018-09-30T13:42:00Z,29.2675,-91.3839,0,6.4,123,7.5,'1111122
NOS,ioos:station:NOAA.NOS.CO-OPS:8764314:1,2018-09-30T14:42:00Z,29.2675,-91.3839,0,5.7,116,6.5,'1111122
NOS,ioos:station:NOAA.NOS.CO-OPS:8764314:1,2018-09-30T15:42:00Z,29.2675,-91.3839,0,4.4,106,5.3,'1111122
NOS,ioos:station:NOAA.NOS.CO-OPS:8764314:1,2018-09-30T16:42:00Z,29.2675,-91.3839,0,3.5,103,3.8,'1111122
NOS,ioos:station:NOAA.NOS.CO-OPS:8764314:1,2018-09-30T17:42:00Z,29.2675,-91.3839,0,4.1,113,4.6,'1111122
NOS,ioos:station:NOAA.NOS.CO-OPS:8764314:1,2018-09-30T18:42:00Z,29.2675,-91.3839,0,2.9,101,3.3,'1111122
NOS,ioos:station:NOAA.NOS.CO-OPS:8764314:1,2018-09-30T19:42:00Z,29.2675,-91.3839,0,2.8,104,3.1,'1111122
NOS,ioos:station:NOAA.NOS.CO-OPS:8764314:1,2018-09-30T20:42:00Z,29.2675,-91.3839,0,0.9,182,1.3,'1111122
NOS,ioos:station:NOAA.NOS.CO-OPS:8764314:1,2018-09-30T21:42:00Z,29.2675,-91.3839,0,9.2,314,11.3,'1111122
NOS,ioos:station:NOAA.NOS.CO-OPS:8764314:1,2018-09-30T22:42:00Z,29.2675,-91.3839,0,5.6,357,6.9,'1111122
NOS,ioos:station:NOAA.NOS.CO-OPS:8764314:1,2018-09-30T23:42:00Z,29.2675,-91.3839,0,7,68,9,'1111122
 ,,,,,,,,,
DISCLAIMER: The Gulf of Mexico Coastal and Ocean Observing (GCOOS) Data Portal aggregates data from the regional data providers for the convenience of all data users. Data published on this website should not be used for navigation or certain other uses as we cannot guarantee data accuracy or availability. The data and delivery services are provided 'as is' without warranty of any kind. Data Source: Gulf of Mexico Coastal Ocean Observing System Data Portal (http://data.gcoos.org/) ,,,,,,,,,
