,sensor,date,latitude,longitude,air_pressure(mBar),air_temperature,sea_water_practical_salinity,sea_water_temperature,wind_speed
0,ioos:station:NOAA.NOS.CO-OPS:8764314:1,2017-06-01 00:36:00+00:00,29.2675,-91.3839,1015.8,26.0,0.16,24.1,1.0
1,ioos:station:NOAA.NOS.CO-OPS:8764314:1,2017-06-01 00:42:00+00:00,29.2675,-91.3839,1015.7,26.0,0.16,24.1,2.2
2,ioos:station:NOAA.NOS.CO-OPS:8764314:1,2017-06-01 00:48:00+00:00,29.2675,-91.3839,1015.7,26.1,0.16,24.1,1.6
3,ioos:station:NOAA.NOS.CO-OPS:8764314:1,2017-06-01 00:54:00+00:00,29.2675,-91.3839,1015.8,26.1,0.16,24.1,4.2
4,ioos:station:NOAA.NOS.CO-OPS:8764314:1,2017-06-01 01:36:00+00:00,29.2675,-91.3839,1015.7,26.0,0.16,24.1,6.0
5,ioos:station:NOAA.NOS.CO-OPS:8764314:1,2017-06-01 01:42:00+00:00,29.2675,-91.3839,1015.8,26.1,0.16,24.1,7.0
6,ioos:station:NOAA.NOS.CO-OPS:8764314:1,2017-06-01 01:48:00+00:00,29.2675,-91.3839,1015.8,26.1,0.16,24.1,5.4
7,ioos:station:NOAA.NOS.CO-OPS:8764314:1,2017-06-01 01:54:00+00:00,29.2675,-91.3839,1015.9,26.0,0.16,24.1,3.6
8,ioos:station:NOAA.NOS.CO-OPS:8764314:1,2017-06-01 02:36:00+00:00,29.2675,-91.3839,1016.5,26.1,0.16,24.1,1.1
9,ioos:station:NOAA.NOS.CO-OPS:8764314:1,2017-06-01 02:42:00+00:00,29.2675,-91.3839,1016.5,24.9,0.16,24.1,2.3
10,ioos:station:NOAA.NOS.CO-OPS:8764314:1,2017-06-01 02:48:00+00:00,29.2675,-91.3839,1016.6,24.9,0.16,24.1,3.7
11,ioos:station:NOAA.NOS.CO-OPS:8764314:1,2017-06-01 02:54:00+00:00,29.2675,-91.3839,1016.7,24.8,0.16,24.1,4.6
12,ioos:station:NOAA.NOS.CO-OPS:8764314:1,2017-06-01 03:36:00+00:00,29.2675,-91.3839,1016.8,24.6,0.16,24.1,4.1
13,ioos:station:NOAA.NOS.CO-OPS:8764314:1,2017-06-01 03:42:00+00:00,29.2675,-91.3839,1016.8,24.6,0.16,24.1,4.9
14,ioos:station:NOAA.NOS.CO-OPS:8764314:1,2017-06-01 03:48:00+00:00,29.2675,-91.3839,1016.8,24.8,0.16,24.1,5.3
15,ioos:station:NOAA.NOS.CO-OPS:8764314:1,2017-06-01 03:54:00+00:00,29.2675,-91.3839,1016.8,24.9,0.16,24.2,5.0
16,ioos:station:NOAA.NOS.CO-OPS:8764314:1,2017-06-01 04:00:00+00:00,29.2675,-91.3839,1016.8,24.7,0.16,24.2,3.4
17,ioos:station:NOAA.NOS.CO-OPS:8764314:1,2017-06-01 04:36:00+00:00,29.2675,-91.3839,1016.7,24.7,0.16,24.2,6.7
18,ioos:station:NOAA.NOS.CO-OPS:8764314:1,2017-06-01 04:42:00+00:00,29.2675,-91.3839,1016.8,24.5,0.16,24.2,4.4
19,ioos:station:NOAA.NOS.CO-OPS:8764314:1,2017-06-01 04:48:00+00:00,29.2675,-91.3839,1016.8,24.4,0.16,24.2,5.1
20,ioos:station:NOAA.NOS.CO-OPS:8764314:1,2017-06-01 04:54:00+00:00,29.2675,-91.3839,1016.9,24.6,0.16,24.1,9.1
21,ioos:station:NOAA.NOS.CO-OPS:8764314:1,2017-06-01 05:36:00+00:00,29.2675,-91.3839,1016.7,25.0,0.16,24.1,6.4
22,ioos:station:NOAA.NOS.CO-OPS:8764314:1,2017-06-01 05:42:00+00:00,29.2675,-91.3839,1016.6,25.1,0.16,24.1,4.2
23,ioos:station:NOAA.NOS.CO-OPS:8764314:1,2017-06-01 05:48:00+00:00,29.2675,-91.3839,1016.6,24.9,0.16,24.1,3.7
24,ioos:station:NOAA.NOS.CO-OPS:8764314:1,2017-06-01 05:54:00+00:00,29.2675,-91.3839,1016.5,24.9,0.16,24.1,3.8
25,ioos:station:NOAA.NOS.CO-OPS:8764314:1,2017-06-01 06:00:00+00:00,29.2675,-91.3839,1016.4,24.8,0.16,24.1,4.3
26,ioos:station:NOAA.NOS.CO-OPS:8764314:1,2017-06-01 06:36:00+00:00,29.2675,-91.3839,1015.9,24.3,0.16,24.1,3.3
27,ioos:station:NOAA.NOS.CO-OPS:8764314:1,2017-06-01 06:42:00+00:00,29.2675,-91.3839,1016.1,24.4,0.16,24.1,5.2
28,ioos:station:NOAA.NOS.CO-OPS:8764314:1,2017-06-01 06:48:00+00:00,29.2675,-91.3839,1016.0,24.4,0.16,24.1,5.6
29,ioos:station:NOAA.NOS.CO-OPS:8764314:1,2017-06-01 06:54:00+00:00,29.2675,-91.3839,1016.1,24.1,0.16,24.1,5.2
30,ioos:station:NOAA.NOS.CO-OPS:8764314:1,2017-06-01 07:36:00+00:00,29.2675,-91.3839,1016.1,24.1,0.16,24.1,4.1
31,ioos:station:NOAA.NOS.CO-OPS:8764314:1,2017-06-01 07:42:00+00:00,29.2675,-91.3839,1016.0,24.1,0.16,24.1,4.3
32,ioos:station:NOAA.NOS.CO-OPS:8764314:1,2017-06-01 07:48:00+00:00,29.2675,-91.3839,1016.1,23.9,0.16,24.1,3.5
33,ioos:station:NOAA.NOS.CO-OPS:8764314:1,2017-06-01 07:54:00+00:00,29.2675,-91.3839,1016.2,23.9,0.16,24.1,3.1
34,ioos:station:NOAA.NOS.CO-OPS:8764314:1,2017-06-01 08:36:00+00:00,29.2675,-91.3839,1016.0,24.0,0.16,24.0,4.0
35,ioos:station:NOAA.NOS.CO-OPS:8764314:1,2017-06-01 08:42:00+00:00,29.2675,-91.3839,1016.1,24.1,0.16,24.0,3.9
36,ioos:station:NOAA.NOS.CO-OPS:8764314:1,2017-06-01 08:48:00+00:00,29.2675,-91.3839,1016.0,24.2,0.16,24.0,5.9
37,ioos:station:NOAA.NOS.CO-OPS:8764314:1,2017-06-01 08:54:00+00:00,29.2675,-91.3839,1015.9,24.2,0.16,24.0,4.8
38,ioos:station:NOAA.NOS.CO-OPS:8764314:1,2017-06-01 09:36:00+00:00,29.2675,-91.3839,1016.1,24.6,0.16,24.0,6.0
39,ioos:station:NOAA.NOS.CO-OPS:8764314:1,2017-06-01 09:42:00+00:00,29.2675,-91.3839,1016.1,24.8,0.16,24.0,5.9
40,ioos:station:NOAA.NOS.CO-OPS:8764314:1,2017-06-01 09:48:00+00:00,29.2675,-91.3839,1016.1,24.8,0.16,24.1,7.5
41,ioos:station:NOAA.NOS.CO-OPS:8764314:1,2017-06-01 09:54:00+00:00,29.2675,-91.3839,1016.1,24.9,0.16,24.1,8.0
42,ioos:station:NOAA.NOS.CO-OPS:8764314:1,2017-06-01 10:36:00+00:00,29.2675,-91.3839,1016.0,25.0,0.16,24.1,7.7
43,ioos:station:NOAA.NOS.CO-OPS:8764314:1,2017-06-01 10:42:00+00:00,29.2675,-91.3839,1016.0,25.0,0.16,24.1,7.2
44,ioos:station:NOAA.NOS.CO-OPS:8764314:1,2017-06-01 10:48:00+00:00,29.2675,-91.3839,1016.1,25.6,0.16,24.1,8.6
45,ioos:station:NOAA.NOS.CO-OPS:8764314:1,2017-06-01 10:54:00+00:00,29.2675,-91.3839,1016.0,25.6,0.16,24.2,7.6
46,ioos:station:NOAA.NOS.CO-OPS:8764314:1,2017-06-01 11:36:00+00:00,29.2675,-91.3839,1016.0,25.7,0.16,24.3,7.4
47,ioos:station:NOAA.NOS.CO-OPS:8764314:1,2017-06-01 11:42:00+00:00,29.2675,-91.3839,1016.2,24.8,0.16,24.3,7.2
48,ioos:station:NOAA.NOS.CO-OPS:8764314:1,2017-06-01 11:48:00+00:00,29.2675,-91.3839,1016.5,25.6,0.16,24.3,5.9
49,ioos:station:NOAA.NOS.CO-OPS:8764314:1,2017-06-01 11:54:00+00:00,29.2675,-91.3839,1016.4,26.1,0.16,24.2,7.2
50,ioos:station:NOAA.NOS.CO-OPS:8764314:1,2017-06-01 12:36:00+00:00,29.2675,-91.3839,1016.3,25.4,0.16,24.2,7.7
51,ioos:station:NOAA.NOS.CO-OPS:8764314:1,2017-06-01 12:42:00+00:00,29.2675,-91.3839,1016.4,25.6,0.16,24.2,5.5
52,ioos:station:NOAA.NOS.CO-OPS:8764314:1,2017-06-01 12:48:00+00:00,29.2675,-91.3839,1016.5,25.5,0.16,24.2,9.6
53,ioos:station:NOAA.NOS.CO-OPS:8764314:1,2017-06-01 12:54:00+00:00,29.2675,-91.3839,1016.5,25.5,0.16,24.2,9.9
54,ioos:station:NOAA.NOS.CO-OPS:8764314:1,2017-06-01 13:36:00+00:00,29.2675,-91.3839,1016.6,25.9,0.16,24.2,7.3
55,ioos:station:NOAA.NOS.CO-OPS:8764314:1,2017-06-01 13:42:00+00:00,29.2675,-91.3839,1016.6,25.9,0.16,24.3,5.5
56,ioos:station:NOAA.NOS.CO-OPS:8764314:1,2017-06-01 13:48:00+00:00,29.2675,-91.3839,1016.6,26.0,0.16,24.3,5.1
57,ioos:station:NOAA.NOS.CO-OPS:8764314:1,2017-06-01 13:54:00+00:00,29.2675,-91.3839,1016.6,26.6,0.16,24.3,5.8
58,ioos:station:NOAA.NOS.CO-OPS:8764314:1,2017-06-01 14:00:00+00:00,29.2675,-91.3839,1016.6,26.6,0.16,24.3,6.4
59,ioos:station:NOAA.NOS.CO-OPS:8764314:1,2017-06-01 14:36:00+00:00,29.2675,-91.3839,1016.8,26.5,0.16,24.2,6.6
60,ioos:station:NOAA.NOS.CO-OPS:8764314:1,2017-06-01 14:42:00+00:00,29.2675,-91.3839,1016.8,26.2,0.16,24.2,5.2
61,ioos:station:NOAA.NOS.CO-OPS:8764314:1,2017-06-01 14:48:00+00:00,29.2675,-91.3839,1016.9,26.2,0.16,24.3,5.8
62,ioos:station:NOAA.NOS.CO-OPS:8764314:1,2017-06-01 14:54:00+00:00,29.2675,-91.3839,1017.0,26.2,0.16,24.3,5.1
63,ioos:station:NOAA.NOS.CO-OPS:8764314:1,2017-06-01 15:36:00+00:00,29.2675,-91.3839,1017.2,26.1,0.16,24.3,7.1
64,ioos:station:NOAA.NOS.CO-OPS:8764314:1,2017-06-01 15:42:00+00:00,29.2675,-91.3839,1017.0,26.2,0.16,24.3,7.9
65,ioos:station:NOAA.NOS.CO-OPS:8764314:1,2017-06-01 15:48:00+00:00,29.2675,-91.3839,1017.0,26.1,0.16,24.3,7.1
66,ioos:station:NOAA.NOS.CO-OPS:8764314:1,2017-06-01 15:54:00+00:00,29.2675,-91.3839,1017.1,26.1,0.16,24.4,8.4
67,ioos:station:NOAA.NOS.CO-OPS:8764314:1,2017-06-01 16:00:00+00:00,29.2675,-91.3839,1017.1,26.0,0.16,24.4,6.2
68,ioos:station:NOAA.NOS.CO-OPS:8764314:1,2017-06-01 16:36:00+00:00,29.2675,-91.3839,1016.8,26.0,0.16,24.4,6.0
69,ioos:station:NOAA.NOS.CO-OPS:8764314:1,2017-06-01 16:42:00+00:00,29.2675,-91.3839,1016.8,25.8,0.16,24.3,5.3
70,ioos:station:NOAA.NOS.CO-OPS:8764314:1,2017-06-01 16:48:00+00:00,29.2675,-91.3839,1016.6,25.8,0.16,24.3,5.3
71,ioos:station:NOAA.NOS.CO-OPS:8764314:1,2017-06-01 16:54:00+00:00,29.2675,-91.3839,1016.5,25.8,0.16,24.3,4.4
72,ioos:station:NOAA.NOS.CO-OPS:8764314:1,2017-06-01 17:36:00+00:00,29.2675,-91.3839,1016.0,25.7,0.16,24.3,3.8
73,ioos:station:NOAA.NOS.CO-OPS:8764314:1,2017-06-01 17:42:00+00:00,29.2675,-91.3839,1015.8,25.7,0.16,24.3,5.5
74,ioos:station:NOAA.NOS.CO-OPS:8764314:1,2017-06-01 17:48:00+00:00,29.2675,-91.3839,1015.6,25.6,0.16,24.3,6.0
75,ioos:station:NOAA.NOS.CO-OPS:8764314:1,2017-06-01 17:54:00+00:00,29.2675,-91.3839,1015.7,25.6,0.16,24.3,7.3
76,ioos:station:NOAA.NOS.CO-OPS:8764314:1,2017-06-01 18:36:00+00:00,29.2675,-91.3839,1015.6,25.5,0.16,24.3,7.0
77,ioos:station:NOAA.NOS.CO-OPS:8764314:1,2017-06-01 18:42:00+00:00,29.2675,-91.3839,1015.7,25.5,0.16,24.3,8.8
78,ioos:station:NOAA.NOS.CO-OPS:8764314:1,2017-06-01 18:48:00+00:00,29.2675,-91.3839,1015.6,25.3,0.16,24.3,7.9
79,ioos:station:NOAA.NOS.CO-OPS:8764314:1,2017-06-01 18:54:00+00:00,29.2675,-91.3839,1015.4,25.3,0.16,24.3,6.4
80,ioos:station:NOAA.NOS.CO-OPS:8764314:1,2017-06-01 19:36:00+00:00,29.2675,-91.3839,1014.8,25.3,0.16,24.3,8.6
81,ioos:station:NOAA.NOS.CO-OPS:8764314:1,2017-06-01 19:42:00+00:00,29.2675,-91.3839,1014.8,25.3,0.16,24.3,9.2
82,ioos:station:NOAA.NOS.CO-OPS:8764314:1,2017-06-01 19:48:00+00:00,29.2675,-91.3839,1014.9,25.4,0.16,24.3,9.3
83,ioos:station:NOAA.NOS.CO-OPS:8764314:1,2017-06-01 19:54:00+00:00,29.2675,-91.3839,1014.7,25.3,0.16,24.3,9.3
84,ioos:station:NOAA.NOS.CO-OPS:8764314:1,2017-06-01 20:36:00+00:00,29.2675,-91.3839,1014.7,25.2,0.16,24.3,8.2
85,ioos:station:NOAA.NOS.CO-OPS:8764314:1,2017-06-01 20:42:00+00:00,29.2675,-91.3839,1014.5,25.3,0.16,24.3,8.6
86,ioos:station:NOAA.NOS.CO-OPS:8764314:1,2017-06-01 20:48:00+00:00,29.2675,-91.3839,1014.4,25.4,0.16,24.3,7.5
87,ioos:station:NOAA.NOS.CO-OPS:8764314:1,2017-06-01 20:54:00+00:00,29.2675,-91.3839,1014.3,25.4,0.16,24.3,9.0
88,ioos:station:NOAA.NOS.CO-OPS:8764314:1,2017-06-01 21:36:00+00:00,29.2675,-91.3839,1013.8,25.4,0.16,24.3,8.4
89,ioos:station:NOAA.NOS.CO-OPS:8764314:1,2017-06-01 21:42:00+00:00,29.2675,-91.3839,1013.8,25.2,0.16,24.3,7.1
90,ioos:station:NOAA.NOS.CO-OPS:8764314:1,2017-06-01 21:48:00+00:00,29.2675,-91.3839,1013.8,24.9,0.17,24.3,6.6
91,ioos:station:NOAA.NOS.CO-OPS:8764314:1,2017-06-01 21:54:00+00:00,29.2675,-91.3839,1013.8,25.0,0.17,24.3,6.4
92,ioos:station:NOAA.NOS.CO-OPS:8764314:1,2017-06-01 22:36:00+00:00,29.2675,-91.3839,1013.9,24.9,0.16,24.3,5.4
93,ioos:station:NOAA.NOS.CO-OPS:8764314:1,2017-06-01 22:42:00+00:00,29.2675,-91.3839,1013.9,25.0,0.16,24.3,5.5
94,ioos:station:NOAA.NOS.CO-OPS:8764314:1,2017-06-01 22:48:00+00:00,29.2675,-91.3839,1013.8,24.9,0.16,24.3,7.3
95,ioos:station:NOAA.NOS.CO-OPS:8764314:1,2017-06-01 22:54:00+00:00,29.2675,-91.3839,1013.9,25.0,0.16,24.2,7.0
96,ioos:station:NOAA.NOS.CO-OPS:8764314:1,2017-06-01 23:36:00+00:00,29.2675,-91.3839,1014.4,24.4,0.16,24.2,5.7
97,ioos:station:NOAA.NOS.CO-OPS:8764314:1,2017-06-01 23:42:00+00:00,29.2675,-91.3839,1014.3,24.4,0.16,24.2,1.8
98,ioos:station:NOAA.NOS.CO-OPS:8764314:1,2017-06-01 23:48:00+00:00,29.2675,-91.3839,1014.3,24.3,0.16,24.2,4.6
99,ioos:station:NOAA.NOS.CO-OPS:8764314:1,2017-06-01 23:54:00+00:00,29.2675,-91.3839,1014.4,24.3,0.16,24.2,5.3
100,ioos:station:NOAA.NOS.CO-OPS:8764314:1,2017-06-02 00:36:00+00:00,29.2675,-91.3839,1014.6,24.4,0.16,24.2,6.3
101,ioos:station:NOAA.NOS.CO-OPS:8764314:1,2017-06-02 00:42:00+00:00,29.2675,-91.3839,1014.7,25.0,0.16,24.2,7.8
102,ioos:station:NOAA.NOS.CO-OPS:8764314:1,2017-06-02 00:48:00+00:00,29.2675,-91.3839,1014.6,25.0,0.16,24.2,9.5
103,ioos:station:NOAA.NOS.CO-OPS:8764314:1,2017-06-02 00:54:00+00:00,29.2675,-91.3839,1014.6,24.7,0.16,24.2,9.6
104,ioos:station:NOAA.NOS.CO-OPS:8764314:1,2017-06-02 01:00:00+00:00,29.2675,-91.3839,1014.6,26.0,0.16,24.2,8.7
105,ioos:station:NOAA.NOS.CO-OPS:8764314:1,2017-06-02 01:36:00+00:00,29.2675,-91.3839,1014.5,25.9,0.16,24.2,6.9
106,ioos:station:NOAA.NOS.CO-OPS:8764314:1,2017-06-02 01:42:00+00:00,29.2675,-91.3839,1014.6,26.0,0.16,24.2,8.5
107,ioos:station:NOAA.NOS.CO-OPS:8764314:1,2017-06-02 01:48:00+00:00,29.2675,-91.3839,1014.5,26.2,0.16,24.2,6.5
108,ioos:station:NOAA.NOS.CO-OPS:8764314:1,2017-06-02 01:54:00+00:00,29.2675,-91.3839,1014.5,26.1,0.17,24.2,3.8
109,ioos:station:NOAA.NOS.CO-OPS:8764314:1,2017-06-02 02:36:00+00:00,29.2675,-91.3839,1014.5,26.0,0.16,24.2,3.5
110,ioos:station:NOAA.NOS.CO-OPS:8764314:1,2017-06-02 02:42:00+00:00,29.2675,-91.3839,1014.5,25.3,0.16,24.2,4.9
111,ioos:station:NOAA.NOS.CO-OPS:8764314:1,2017-06-02 02:48:00+00:00,29.2675,-91.3839,1014.4,24.9,0.16,24.2,5.0
112,ioos:station:NOAA.NOS.CO-OPS:8764314:1,2017-06-02 02:54:00+00:00,29.2675,-91.3839,1014.4,25.0,0.16,24.2,5.0
113,ioos:station:NOAA.NOS.CO-OPS:8764314:1,2017-06-02 03:00:00+00:00,29.2675,-91.3839,1014.5,25.7,0.16,24.3,5.8
114,ioos:station:NOAA.NOS.CO-OPS:8764314:1,2017-06-02 03:36:00+00:00,29.2675,-91.3839,1014.5,25.8,0.16,24.3,5.7
115,ioos:station:NOAA.NOS.CO-OPS:8764314:1,2017-06-02 03:42:00+00:00,29.2675,-91.3839,1014.4,25.9,0.16,24.3,5.3
116,ioos:station:NOAA.NOS.CO-OPS:8764314:1,2017-06-02 03:48:00+00:00,29.2675,-91.3839,1014.3,26.0,0.16,24.4,13.2
117,ioos:station:NOAA.NOS.CO-OPS:8764314:1,2017-06-02 03:54:00+00:00,29.2675,-91.3839,1014.4,26.0,0.16,24.4,3.1
118,ioos:station:NOAA.NOS.CO-OPS:8764314:1,2017-06-02 04:00:00+00:00,29.2675,-91.3839,1014.4,26.1,0.16,24.4,1.9
119,ioos:station:NOAA.NOS.CO-OPS:8764314:1,2017-06-02 04:36:00+00:00,29.2675,-91.3839,1014.2,26.3,0.16,24.5,4.3
120,ioos:station:NOAA.NOS.CO-OPS:8764314:1,2017-06-02 04:42:00+00:00,29.2675,-91.3839,1014.2,26.3,0.16,24.5,4.2
121,ioos:station:NOAA.NOS.CO-OPS:8764314:1,2017-06-02 04:48:00+00:00,29.2675,-91.3839,1014.2,26.4,0.16,24.5,4.0
122,ioos:station:NOAA.NOS.CO-OPS:8764314:1,2017-06-02 04:54:00+00:00,29.2675,-91.3839,1014.2,26.7,0.17,24.6,3.7
123,ioos:station:NOAA.NOS.CO-OPS:8764314:1,2017-06-02 05:00:00+00:00,29.2675,-91.3839,1014.2,26.5,0.17,24.6,4.4
124,ioos:station:NOAA.NOS.CO-OPS:8764314:1,2017-06-02 05:36:00+00:00,29.2675,-91.3839,1014.4,26.5,0.17,24.6,2.5
125,ioos:station:NOAA.NOS.CO-OPS:8764314:1,2017-06-02 05:42:00+00:00,29.2675,-91.3839,1014.3,25.6,0.17,24.6,1.5
126,ioos:station:NOAA.NOS.CO-OPS:8764314:1,2017-06-02 05:48:00+00:00,29.2675,-91.3839,1014.3,25.7,0.16,24.7,1.5
127,ioos:station:NOAA.NOS.CO-OPS:8764314:1,2017-06-02 05:54:00+00:00,29.2675,-91.3839,1014.2,25.7,0.16,24.7,2.5
128,ioos:station:NOAA.NOS.CO-OPS:8764314:1,2017-06-02 06:00:00+00:00,29.2675,-91.3839,1014.2,25.6,0.17,24.7,1.8
129,ioos:station:NOAA.NOS.CO-OPS:8764314:1,2017-06-02 06:36:00+00:00,29.2675,-91.3839,1014.0,25.3,0.17,24.7,1.6
130,ioos:station:NOAA.NOS.CO-OPS:8764314:1,2017-06-02 06:42:00+00:00,29.2675,-91.3839,1014.0,25.4,0.17,24.8,2.5
131,ioos:station:NOAA.NOS.CO-OPS:8764314:1,2017-06-02 06:48:00+00:00,29.2675,-91.3839,1013.9,25.4,0.17,24.8,2.5
132,ioos:station:NOAA.NOS.CO-OPS:8764314:1,2017-06-02 06:54:00+00:00,29.2675,-91.3839,1013.9,25.4,0.16,24.7,4.5
133,ioos:station:NOAA.NOS.CO-OPS:8764314:1,2017-06-02 07:36:00+00:00,29.2675,-91.3839,1013.6,25.0,0.16,24.7,4.5
134,ioos:station:NOAA.NOS.CO-OPS:8764314:1,2017-06-02 07:42:00+00:00,29.2675,-91.3839,1013.6,25.0,0.16,24.7,4.7
135,ioos:station:NOAA.NOS.CO-OPS:8764314:1,2017-06-02 07:48:00+00:00,29.2675,-91.3839,1013.5,25.0,0.16,24.7,6.9
136,ioos:station:NOAA.NOS.CO-OPS:8764314:1,2017-06-02 07:54:00+00:00,29.2675,-91.3839,1013.5,25.8,0.16,24.7,6.0
137,ioos:station:NOAA.NOS.CO-OPS:8764314:1,2017-06-02 08:36:00+00:00,29.2675,-91.3839,1013.4,25.8,0.16,24.7,6.6
138,ioos:station:NOAA.NOS.CO-OPS:8764314:1,2017-06-02 08:48:00+00:00,29.2675,-91.3839,1013.3,25.8,0.16,24.7,5.1
139,ioos:station:NOAA.NOS.CO-OPS:8764314:1,2017-06-02 09:36:00+00:00,29.2675,-91.3839,1013.4,25.0,0.16,24.7,5.9
140,ioos:station:NOAA.NOS.CO-OPS:8764314:1,2017-06-02 09:42:00+00:00,29.2675,-91.3839,1013.4,25.1,0.16,24.7,3.5
141,ioos:station:NOAA.NOS.CO-OPS:8764314:1,2017-06-02 09:48:00+00:00,29.2675,-91.3839,1013.3,26.1,0.16,24.7,3.4
142,ioos:station:NOAA.NOS.CO-OPS:8764314:1,2017-06-02 09:54:00+00:00,29.2675,-91.3839,1013.3,26.3,0.16,24.7,8.0
143,ioos:station:NOAA.NOS.CO-OPS:8764314:1,2017-06-02 10:36:00+00:00,29.2675,-91.3839,1013.4,26.3,0.16,24.7,7.5
144,ioos:station:NOAA.NOS.CO-OPS:8764314:1,2017-06-02 10:42:00+00:00,29.2675,-91.3839,1013.5,26.3,0.16,24.7,4.5
145,ioos:station:NOAA.NOS.CO-OPS:8764314:1,2017-06-02 10:48:00+00:00,29.2675,-91.3839,1013.5,26.3,0.16,24.7,6.4
146,ioos:station:NOAA.NOS.CO-OPS:8764314:1,2017-06-02 10:54:00+00:00,29.2675,-91.3839,1013.5,26.3,0.16,24.7,4.4
147,ioos:station:NOAA.NOS.CO-OPS:8764314:1,2017-06-02 11:36:00+00:00,29.2675,-91.3839,1013.7,25.9,0.16,24.7,6.7
148,ioos:station:NOAA.NOS.CO-OPS:8764314:1,2017-06-02 11:42:00+00:00,29.2675,-91.3839,1013.7,25.9,0.16,24.7,4.9
149,ioos:station:NOAA.NOS.CO-OPS:8764314:1,2017-06-02 11:48:00+00:00,29.2675,-91.3839,1013.8,26.0,0.16,24.7,6.7
150,ioos:station:NOAA.NOS.CO-OPS:8764314:1,2017-06-02 11:54:00+00:00,29.2675,-91.3839,1013.9,26.0,0.16,24.7,6.7
151,ioos:station:NOAA.NOS.CO-OPS:8764314:1,2017-06-02 12:36:00+00:00,29.2675,-91.3839,1014.0,26.0,0.16,24.7,6.4
152,ioos:station:NOAA.NOS.CO-OPS:8764314:1,2017-06-02 12:42:00+00:00,29.2675,-91.3839,1014.1,26.2,0.16,24.8,5.9
153,ioos:station:NOAA.NOS.CO-OPS:8764314:1,2017-06-02 12:48:00+00:00,29.2675,-91.3839,1014.1,26.2,0.16,24.8,5.8
154,ioos:station:NOAA.NOS.CO-OPS:8764314:1,2017-06-02 12:54:00+00:00,29.2675,-91.3839,1014.1,26.2,0.16,24.8,6.6
155,ioos:station:NOAA.NOS.CO-OPS:8764314:1,2017-06-02 13:36:00+00:00,29.2675,-91.3839,1014.4,26.1,0.16,24.8,6.3
156,ioos:station:NOAA.NOS.CO-OPS:8764314:1,2017-06-02 13:42:00+00:00,29.2675,-91.3839,1014.6,26.1,0.16,24.8,7.1
157,ioos:station:NOAA.NOS.CO-OPS:8764314:1,2017-06-02 13:48:00+00:00,29.2675,-91.3839,1014.7,26.1,0.16,24.7,4.9
158,ioos:station:NOAA.NOS.CO-OPS:8764314:1,2017-06-02 13:54:00+00:00,29.2675,-91.3839,1014.7,26.2,0.16,24.7,7.2
159,ioos:station:NOAA.NOS.CO-OPS:8764314:1,2017-06-02 14:36:00+00:00,29.2675,-91.3839,1014.7,26.1,0.16,24.7,6.0
160,ioos:station:NOAA.NOS.CO-OPS:8764314:1,2017-06-02 14:42:00+00:00,29.2675,-91.3839,1014.7,26.1,0.16,24.7,6.7
161,ioos:station:NOAA.NOS.CO-OPS:8764314:1,2017-06-02 14:48:00+00:00,29.2675,-91.3839,1014.7,26.3,0.15,24.7,6.8
162,ioos:station:NOAA.NOS.CO-OPS:8764314:1,2017-06-02 14:54:00+00:00,29.2675,-91.3839,1014.7,26.3,0.15,24.7,4.6
163,ioos:station:NOAA.NOS.CO-OPS:8764314:1,2017-06-02 15:42:00+00:00,29.2675,-91.3839,1014.5,26.2,0.16,24.7,4.8
164,ioos:station:NOAA.NOS.CO-OPS:8764314:1,2017-06-02 15:48:00+00:00,29.2675,-91.3839,1014.5,26.2,0.15,24.7,6.7
165,ioos:station:NOAA.NOS.CO-OPS:8764314:1,2017-06-02 15:54:00+00:00,29.2675,-91.3839,1014.6,26.3,0.15,24.7,6.0
166,ioos:station:NOAA.NOS.CO-OPS:8764314:1,2017-06-02 16:36:00+00:00,29.2675,-91.3839,1014.5,26.3,0.15,24.7,6.2
167,ioos:station:NOAA.NOS.CO-OPS:8764314:1,2017-06-02 16:42:00+00:00,29.2675,-91.3839,1014.4,26.3,0.15,24.7,8.0
168,ioos:station:NOAA.NOS.CO-OPS:8764314:1,2017-06-02 16:48:00+00:00,29.2675,-91.3839,1014.3,26.0,0.16,24.7,7.2
169,ioos:station:NOAA.NOS.CO-OPS:8764314:1,2017-06-02 16:54:00+00:00,29.2675,-91.3839,1014.3,25.7,0.16,24.7,8.7
170,ioos:station:NOAA.NOS.CO-OPS:8764314:1,2017-06-02 17:36:00+00:00,29.2675,-91.3839,1014.2,25.7,0.16,24.7,7.5
171,ioos:station:NOAA.NOS.CO-OPS:8764314:1,2017-06-02 17:42:00+00:00,29.2675,-91.3839,1014.0,26.6,0.16,24.7,6.6
172,ioos:station:NOAA.NOS.CO-OPS:8764314:1,2017-06-02 17:48:00+00:00,29.2675,-91.3839,1013.9,26.8,0.16,24.7,7.0
173,ioos:station:NOAA.NOS.CO-OPS:8764314:1,2017-06-02 17:54:00+00:00,29.2675,-91.3839,1013.8,26.8,0.16,24.7,6.3
174,ioos:station:NOAA.NOS.CO-OPS:8764314:1,2017-06-02 18:36:00+00:00,29.2675,-91.3839,1013.2,26.1,0.16,24.6,6.0
175,ioos:station:NOAA.NOS.CO-OPS:8764314:1,2017-06-02 18:42:00+00:00,29.2675,-91.3839,1013.3,26.2,0.16,24.6,5.4
176,ioos:station:NOAA.NOS.CO-OPS:8764314:1,2017-06-02 18:48:00+00:00,29.2675,-91.3839,1013.3,26.3,0.16,24.6,4.8
177,ioos:station:NOAA.NOS.CO-OPS:8764314:1,2017-06-02 18:54:00+00:00,29.2675,-91.3839,1013.3,26.6,0.16,24.6,5.2
178,ioos:station:NOAA.NOS.CO-OPS:8764314:1,2017-06-02 19:00:00+00:00,29.2675,-91.3839,1013.2,26.5,0.16,24.6,5.2
179,ioos:station:NOAA.NOS.CO-OPS:8764314:1,2017-06-02 19:36:00+00:00,29.2675,-91.3839,1012.8,26.5,0.16,24.6,5.5
180,ioos:station:NOAA.NOS.CO-OPS:8764314:1,2017-06-02 19:42:00+00:00,29.2675,-91.3839,1012.8,26.6,0.16,24.6,5.3
181,ioos:station:NOAA.NOS.CO-OPS:8764314:1,2017-06-02 19:48:00+00:00,29.2675,-91.3839,1012.9,26.5,0.16,24.6,4.7
182,ioos:station:NOAA.NOS.CO-OPS:8764314:1,2017-06-02 19:54:00+00:00,29.2675,-91.3839,1012.9,26.5,0.16,24.6,4.5
183,ioos:station:NOAA.NOS.CO-OPS:8764314:1,2017-06-02 20:36:00+00:00,29.2675,-91.3839,1012.5,26.5,0.16,24.7,3.9
184,ioos:station:NOAA.NOS.CO-OPS:8764314:1,2017-06-02 20:42:00+00:00,29.2675,-91.3839,1012.3,26.5,0.16,24.7,4.4
185,ioos:station:NOAA.NOS.CO-OPS:8764314:1,2017-06-02 20:48:00+00:00,29.2675,-91.3839,1012.2,26.5,0.16,24.7,4.7
186,ioos:station:NOAA.NOS.CO-OPS:8764314:1,2017-06-02 20:54:00+00:00,29.2675,-91.3839,1012.2,26.5,0.16,24.8,2.5
187,ioos:station:NOAA.NOS.CO-OPS:8764314:1,2017-06-02 21:36:00+00:00,29.2675,-91.3839,1011.8,26.5,0.17,24.8,3.3
188,ioos:station:NOAA.NOS.CO-OPS:8764314:1,2017-06-02 21:42:00+00:00,29.2675,-91.3839,1011.8,26.7,0.17,24.8,4.5
189,ioos:station:NOAA.NOS.CO-OPS:8764314:1,2017-06-02 21:48:00+00:00,29.2675,-91.3839,1011.9,26.7,0.17,24.8,4.0
190,ioos:station:NOAA.NOS.CO-OPS:8764314:1,2017-06-02 21:54:00+00:00,29.2675,-91.3839,1011.9,26.7,0.17,24.8,4.8
191,ioos:station:NOAA.NOS.CO-OPS:8764314:1,2017-06-02 22:36:00+00:00,29.2675,-91.3839,1011.6,26.7,0.16,24.8,4.4
192,ioos:station:NOAA.NOS.CO-OPS:8764314:1,2017-06-02 22:42:00+00:00,29.2675,-91.3839,1011.7,26.7,0.17,24.9,4.4
193,ioos:station:NOAA.NOS.CO-OPS:8764314:1,2017-06-02 22:48:00+00:00,29.2675,-91.3839,1011.8,26.6,0.17,24.9,3.4
194,ioos:station:NOAA.NOS.CO-OPS:8764314:1,2017-06-02 22:54:00+00:00,29.2675,-91.3839,1011.8,26.6,0.17,24.9,3.6
195,ioos:station:NOAA.NOS.CO-OPS:8764314:1,2017-06-02 23:36:00+00:00,29.2675,-91.3839,1011.7,26.7,0.17,24.9,4.2
196,ioos:station:NOAA.NOS.CO-OPS:8764314:1,2017-06-02 23:42:00+00:00,29.2675,-91.3839,1011.7,26.5,0.16,24.9,3.5
197,ioos:station:NOAA.NOS.CO-OPS:8764314:1,2017-06-02 23:48:00+00:00,29.2675,-91.3839,1011.7,26.6,0.16,24.9,4.7
198,ioos:station:NOAA.NOS.CO-OPS:8764314:1,2017-06-02 23:54:00+00:00,29.2675,-91.3839,1011.7,26.7,0.16,24.9,3.8
199,ioos:station:NOAA.NOS.CO-OPS:8764314:1,2017-06-03 00:36:00+00:00,29.2675,-91.3839,1011.8,26.7,0.16,24.9,4.1
200,ioos:station:NOAA.NOS.CO-OPS:8764314:1,2017-06-03 00:42:00+00:00,29.2675,-91.3839,1011.7,26.7,0.16,24.9,3.7
201,ioos:station:NOAA.NOS.CO-OPS:8764314:1,2017-06-03 00:48:00+00:00,29.2675,-91.3839,1011.8,26.6,0.16,24.9,3.8
202,ioos:station:NOAA.NOS.CO-OPS:8764314:1,2017-06-03 01:36:00+00:00,29.2675,-91.3839,1011.5,26.7,0.16,24.8,2.8
203,ioos:station:NOAA.NOS.CO-OPS:8764314:1,2017-06-03 01:42:00+00:00,29.2675,-91.3839,1011.5,26.7,0.16,24.8,3.5
204,ioos:station:NOAA.NOS.CO-OPS:8764314:1,2017-06-03 01:48:00+00:00,29.2675,-91.3839,1011.5,26.7,0.16,24.8,4.9
205,ioos:station:NOAA.NOS.CO-OPS:8764314:1,2017-06-03 01:54:00+00:00,29.2675,-91.3839,1011.6,26.4,0.16,24.8,5.1
206,ioos:station:NOAA.NOS.CO-OPS:8764314:1,2017-06-03 02:36:00+00:00,29.2675,-91.3839,1012.0,26.5,0.16,24.8,5.6
207,ioos:station:NOAA.NOS.CO-OPS:8764314:1,2017-06-03 02:42:00+00:00,29.2675,-91.3839,1012.0,26.6,0.16,24.8,4.6
208,ioos:station:NOAA.NOS.CO-OPS:8764314:1,2017-06-03 02:48:00+00:00,29.2675,-91.3839,1012.1,26.8,0.16,24.8,3.4
209,ioos:station:NOAA.NOS.CO-OPS:8764314:1,2017-06-03 02:54:00+00:00,29.2675,-91.3839,1012.2,26.6,0.16,24.8,2.5
210,ioos:station:NOAA.NOS.CO-OPS:8764314:1,2017-06-03 03:00:00+00:00,29.2675,-91.3839,1012.2,26.3,0.16,24.8,1.7
211,ioos:station:NOAA.NOS.CO-OPS:8764314:1,2017-06-03 03:36:00+00:00,29.2675,-91.3839,1012.6,26.3,0.16,24.8,0.9
212,ioos:station:NOAA.NOS.CO-OPS:8764314:1,2017-06-03 03:42:00+00:00,29.2675,-91.3839,1012.7,26.3,0.16,24.8,2.8
213,ioos:station:NOAA.NOS.CO-OPS:8764314:1,2017-06-03 03:48:00+00:00,29.2675,-91.3839,1012.6,26.3,0.16,24.8,2.5
214,ioos:station:NOAA.NOS.CO-OPS:8764314:1,2017-06-03 03:54:00+00:00,29.2675,-91.3839,1012.6,26.3,0.17,24.8,2.5
215,ioos:station:NOAA.NOS.CO-OPS:8764314:1,2017-06-03 04:36:00+00:00,29.2675,-91.3839,1012.8,26.2,0.16,24.8,1.8
216,ioos:station:NOAA.NOS.CO-OPS:8764314:1,2017-06-03 04:42:00+00:00,29.2675,-91.3839,1012.7,26.2,0.16,24.8,2.5
217,ioos:station:NOAA.NOS.CO-OPS:8764314:1,2017-06-03 04:48:00+00:00,29.2675,-91.3839,1012.8,26.2,0.16,24.8,3.0
218,ioos:station:NOAA.NOS.CO-OPS:8764314:1,2017-06-03 04:54:00+00:00,29.2675,-91.3839,1012.7,26.4,0.16,24.8,2.8
219,ioos:station:NOAA.NOS.CO-OPS:8764314:1,2017-06-03 05:36:00+00:00,29.2675,-91.3839,1012.4,26.4,0.16,24.8,5.1
220,ioos:station:NOAA.NOS.CO-OPS:8764314:1,2017-06-03 05:42:00+00:00,29.2675,-91.3839,1012.4,26.4,0.16,24.8,3.2
221,ioos:station:NOAA.NOS.CO-OPS:8764314:1,2017-06-03 05:48:00+00:00,29.2675,-91.3839,1012.3,26.5,0.16,24.8,4.2
222,ioos:station:NOAA.NOS.CO-OPS:8764314:1,2017-06-03 05:54:00+00:00,29.2675,-91.3839,1012.2,26.6,0.16,24.8,4.0
223,ioos:station:NOAA.NOS.CO-OPS:8764314:1,2017-06-03 06:00:00+00:00,29.2675,-91.3839,1012.1,26.3,0.15,24.8,3.6
224,ioos:station:NOAA.NOS.CO-OPS:8764314:1,2017-06-03 06:36:00+00:00,29.2675,-91.3839,1011.9,26.6,0.15,24.8,5.5
225,ioos:station:NOAA.NOS.CO-OPS:8764314:1,2017-06-03 06:42:00+00:00,29.2675,-91.3839,1011.9,26.6,0.15,24.8,5.8
226,ioos:station:NOAA.NOS.CO-OPS:8764314:1,2017-06-03 06:48:00+00:00,29.2675,-91.3839,1011.9,26.6,0.15,24.9,6.4
227,ioos:station:NOAA.NOS.CO-OPS:8764314:1,2017-06-03 06:54:00+00:00,29.2675,-91.3839,1011.9,26.7,0.15,24.9,5.1
228,ioos:station:NOAA.NOS.CO-OPS:8764314:1,2017-06-03 07:36:00+00:00,29.2675,-91.3839,1011.9,26.6,0.15,24.9,5.8
229,ioos:station:NOAA.NOS.CO-OPS:8764314:1,2017-06-03 07:42:00+00:00,29.2675,-91.3839,1011.8,26.8,0.15,24.8,5.6
230,ioos:station:NOAA.NOS.CO-OPS:8764314:1,2017-06-03 07:48:00+00:00,29.2675,-91.3839,1011.9,26.8,0.15,24.8,5.2
231,ioos:station:NOAA.NOS.CO-OPS:8764314:1,2017-06-03 07:54:00+00:00,29.2675,-91.3839,1011.9,26.7,0.15,24.8,4.7
232,ioos:station:NOAA.NOS.CO-OPS:8764314:1,2017-06-03 08:36:00+00:00,29.2675,-91.3839,1011.8,26.8,0.15,24.8,4.7
233,ioos:station:NOAA.NOS.CO-OPS:8764314:1,2017-06-03 08:42:00+00:00,29.2675,-91.3839,1011.7,26.9,0.15,24.8,6.0
234,ioos:station:NOAA.NOS.CO-OPS:8764314:1,2017-06-03 08:48:00+00:00,29.2675,-91.3839,1011.8,26.9,0.15,24.8,6.8
235,ioos:station:NOAA.NOS.CO-OPS:8764314:1,2017-06-03 08:54:00+00:00,29.2675,-91.3839,1011.8,27.2,0.15,24.8,6.7
236,ioos:station:NOAA.NOS.CO-OPS:8764314:1,2017-06-03 09:00:00+00:00,29.2675,-91.3839,1011.9,27.3,0.15,24.8,5.5
237,ioos:station:NOAA.NOS.CO-OPS:8764314:1,2017-06-03 09:36:00+00:00,29.2675,-91.3839,1012.1,27.3,0.15,24.8,8.1
238,ioos:station:NOAA.NOS.CO-OPS:8764314:1,2017-06-03 09:42:00+00:00,29.2675,-91.3839,1012.1,27.3,0.15,24.8,5.9
239,ioos:station:NOAA.NOS.CO-OPS:8764314:1,2017-06-03 09:48:00+00:00,29.2675,-91.3839,1012.2,27.3,0.15,24.8,8.1
240,ioos:station:NOAA.NOS.CO-OPS:8764314:1,2017-06-03 09:54:00+00:00,29.2675,-91.3839,1012.2,27.4,0.15,24.8,7.4
241,ioos:station:NOAA.NOS.CO-OPS:8764314:1,2017-06-03 10:36:00+00:00,29.2675,-91.3839,1012.7,27.4,0.15,24.8,6.6
242,ioos:station:NOAA.NOS.CO-OPS:8764314:1,2017-06-03 10:42:00+00:00,29.2675,-91.3839,1012.7,27.2,0.15,24.8,6.5
243,ioos:station:NOAA.NOS.CO-OPS:8764314:1,2017-06-03 10:48:00+00:00,29.2675,-91.3839,1012.8,27.0,0.15,24.9,5.7
244,ioos:station:NOAA.NOS.CO-OPS:8764314:1,2017-06-03 10:54:00+00:00,29.2675,-91.3839,1012.9,27.1,0.15,24.8,5.3
245,ioos:station:NOAA.NOS.CO-OPS:8764314:1,2017-06-03 11:36:00+00:00,29.2675,-91.3839,1013.4,27.1,0.15,24.9,4.9
246,ioos:station:NOAA.NOS.CO-OPS:8764314:1,2017-06-03 11:42:00+00:00,29.2675,-91.3839,1013.4,27.0,0.16,24.9,5.4
247,ioos:station:NOAA.NOS.CO-OPS:8764314:1,2017-06-03 11:48:00+00:00,29.2675,-91.3839,1013.5,27.0,0.16,24.9,5.7
248,ioos:station:NOAA.NOS.CO-OPS:8764314:1,2017-06-03 11:54:00+00:00,29.2675,-91.3839,1013.6,27.0,0.15,24.9,7.4
249,ioos:station:NOAA.NOS.CO-OPS:8764314:1,2017-06-03 12:36:00+00:00,29.2675,-91.3839,1013.8,27.1,0.15,24.9,6.5
250,ioos:station:NOAA.NOS.CO-OPS:8764314:1,2017-06-03 12:42:00+00:00,29.2675,-91.3839,1013.9,27.1,0.15,25.0,8.4
251,ioos:station:NOAA.NOS.CO-OPS:8764314:1,2017-06-03 12:48:00+00:00,29.2675,-91.3839,1013.8,27.1,0.15,25.0,6.4
252,ioos:station:NOAA.NOS.CO-OPS:8764314:1,2017-06-03 12:54:00+00:00,29.2675,-91.3839,1013.8,26.9,0.15,25.1,7.6
253,ioos:station:NOAA.NOS.CO-OPS:8764314:1,2017-06-03 13:36:00+00:00,29.2675,-91.3839,1014.1,26.1,0.15,25.1,8.2
254,ioos:station:NOAA.NOS.CO-OPS:8764314:1,2017-06-03 13:42:00+00:00,29.2675,-91.3839,1014.2,23.9,0.15,25.1,10.4
255,ioos:station:NOAA.NOS.CO-OPS:8764314:1,2017-06-03 13:48:00+00:00,29.2675,-91.3839,1014.2,21.8,0.15,25.2,8.8
256,ioos:station:NOAA.NOS.CO-OPS:8764314:1,2017-06-03 13:54:00+00:00,29.2675,-91.3839,1014.2,22.0,0.15,25.2,9.7
257,ioos:station:NOAA.NOS.CO-OPS:8764314:1,2017-06-03 14:00:00+00:00,29.2675,-91.3839,1014.2,21.9,0.15,25.2,9.9
258,ioos:station:NOAA.NOS.CO-OPS:8764314:1,2017-06-03 14:36:00+00:00,29.2675,-91.3839,1014.3,22.1,0.15,25.2,11.0
259,ioos:station:NOAA.NOS.CO-OPS:8764314:1,2017-06-03 14:42:00+00:00,29.2675,-91.3839,1014.3,22.2,0.15,25.2,9.0
260,ioos:station:NOAA.NOS.CO-OPS:8764314:1,2017-06-03 14:48:00+00:00,29.2675,-91.3839,1014.2,22.2,0.15,25.2,8.1
261,ioos:station:NOAA.NOS.CO-OPS:8764314:1,2017-06-03 14:54:00+00:00,29.2675,-91.3839,1014.1,22.8,0.16,25.2,8.6
262,ioos:station:NOAA.NOS.CO-OPS:8764314:1,2017-06-03 15:36:00+00:00,29.2675,-91.3839,1014.0,22.5,0.16,25.2,7.3
263,ioos:station:NOAA.NOS.CO-OPS:8764314:1,2017-06-03 15:42:00+00:00,29.2675,-91.3839,1014.0,22.2,0.15,25.2,8.1
264,ioos:station:NOAA.NOS.CO-OPS:8764314:1,2017-06-03 15:48:00+00:00,29.2675,-91.3839,1014.0,22.8,0.15,25.2,7.8
265,ioos:station:NOAA.NOS.CO-OPS:8764314:1,2017-06-03 15:54:00+00:00,29.2675,-91.3839,1013.9,22.9,0.16,25.2,8.6
266,ioos:station:NOAA.NOS.CO-OPS:8764314:1,2017-06-03 16:36:00+00:00,29.2675,-91.3839,1013.8,22.9,0.16,25.2,7.1
267,ioos:station:NOAA.NOS.CO-OPS:8764314:1,2017-06-03 16:42:00+00:00,29.2675,-91.3839,1013.8,24.0,0.16,25.1,6.6
268,ioos:station:NOAA.NOS.CO-OPS:8764314:1,2017-06-03 16:48:00+00:00,29.2675,-91.3839,1013.8,24.0,0.16,25.1,7.6
269,ioos:station:NOAA.NOS.CO-OPS:8764314:1,2017-06-03 16:54:00+00:00,29.2675,-91.3839,1013.8,24.1,0.16,25.1,7.5
270,ioos:station:NOAA.NOS.CO-OPS:8764314:1,2017-06-03 17:36:00+00:00,29.2675,-91.3839,1013.8,24.7,0.16,25.0,7.7
271,ioos:station:NOAA.NOS.CO-OPS:8764314:1,2017-06-03 17:42:00+00:00,29.2675,-91.3839,1013.8,24.6,0.16,25.1,6.4
272,ioos:station:NOAA.NOS.CO-OPS:8764314:1,2017-06-03 17:48:00+00:00,29.2675,-91.3839,1013.7,24.8,0.16,25.1,6.9
273,ioos:station:NOAA.NOS.CO-OPS:8764314:1,2017-06-03 17:54:00+00:00,29.2675,-91.3839,1013.6,25.4,0.16,25.0,6.0
274,ioos:station:NOAA.NOS.CO-OPS:8764314:1,2017-06-03 18:36:00+00:00,29.2675,-91.3839,1013.3,25.8,0.16,25.0,6.4
275,ioos:station:NOAA.NOS.CO-OPS:8764314:1,2017-06-03 18:42:00+00:00,29.2675,-91.3839,1013.2,26.0,0.16,25.0,5.8
276,ioos:station:NOAA.NOS.CO-OPS:8764314:1,2017-06-03 18:48:00+00:00,29.2675,-91.3839,1013.2,26.1,0.16,24.9,7.6
277,ioos:station:NOAA.NOS.CO-OPS:8764314:1,2017-06-03 18:54:00+00:00,29.2675,-91.3839,1013.2,26.0,0.16,24.9,8.2
278,ioos:station:NOAA.NOS.CO-OPS:8764314:1,2017-06-03 19:36:00+00:00,29.2675,-91.3839,1013.1,26.1,0.16,24.9,5.2
279,ioos:station:NOAA.NOS.CO-OPS:8764314:1,2017-06-03 19:42:00+00:00,29.2675,-91.3839,1013.1,26.1,0.16,24.9,5.4
280,ioos:station:NOAA.NOS.CO-OPS:8764314:1,2017-06-03 19:48:00+00:00,29.2675,-91.3839,1013.0,26.2,0.16,24.9,5.5
281,ioos:station:NOAA.NOS.CO-OPS:8764314:1,2017-06-03 19:54:00+00:00,29.2675,-91.3839,1012.9,26.1,0.15,24.9,6.2
282,ioos:station:NOAA.NOS.CO-OPS:8764314:1,2017-06-03 20:36:00+00:00,29.2675,-91.3839,1012.6,26.1,0.15,24.9,5.2
283,ioos:station:NOAA.NOS.CO-OPS:8764314:1,2017-06-03 20:42:00+00:00,29.2675,-91.3839,1012.6,26.3,0.15,24.9,6.2
284,ioos:station:NOAA.NOS.CO-OPS:8764314:1,2017-06-03 20:48:00+00:00,29.2675,-91.3839,1012.5,26.4,0.16,24.9,5.9
285,ioos:station:NOAA.NOS.CO-OPS:8764314:1,2017-06-03 21:00:00+00:00,29.2675,-91.3839,1012.5,26.2,0.16,25.0,6.9
286,ioos:station:NOAA.NOS.CO-OPS:8764314:1,2017-06-03 21:36:00+00:00,29.2675,-91.3839,1012.7,26.2,0.16,25.0,6.1
287,ioos:station:NOAA.NOS.CO-OPS:8764314:1,2017-06-03 21:42:00+00:00,29.2675,-91.3839,1012.7,24.9,0.16,25.0,6.1
288,ioos:station:NOAA.NOS.CO-OPS:8764314:1,2017-06-03 21:48:00+00:00,29.2675,-91.3839,1012.7,25.3,0.16,25.0,5.2
289,ioos:station:NOAA.NOS.CO-OPS:8764314:1,2017-06-03 21:54:00+00:00,29.2675,-91.3839,1012.7,26.2,0.16,25.0,4.3
290,ioos:station:NOAA.NOS.CO-OPS:8764314:1,2017-06-03 22:36:00+00:00,29.2675,-91.3839,1012.6,26.2,0.16,24.9,5.2
291,ioos:station:NOAA.NOS.CO-OPS:8764314:1,2017-06-03 22:42:00+00:00,29.2675,-91.3839,1012.6,26.3,0.16,24.9,5.0
292,ioos:station:NOAA.NOS.CO-OPS:8764314:1,2017-06-03 22:48:00+00:00,29.2675,-91.3839,1012.6,26.3,0.16,24.9,4.6
293,ioos:station:NOAA.NOS.CO-OPS:8764314:1,2017-06-03 22:54:00+00:00,29.2675,-91.3839,1012.6,26.3,0.15,24.9,5.2
294,ioos:station:NOAA.NOS.CO-OPS:8764314:1,2017-06-03 23:36:00+00:00,29.2675,-91.3839,1012.6,26.3,0.15,24.9,5.5
295,ioos:station:NOAA.NOS.CO-OPS:8764314:1,2017-06-03 23:42:00+00:00,29.2675,-91.3839,1012.6,26.3,0.15,25.0,4.3
296,ioos:station:NOAA.NOS.CO-OPS:8764314:1,2017-06-03 23:48:00+00:00,29.2675,-91.3839,1012.6,26.2,0.17,25.0,4.9
297,ioos:station:NOAA.NOS.CO-OPS:8764314:1,2017-06-03 23:54:00+00:00,29.2675,-91.3839,1012.6,26.2,0.17,25.0,4.5
298,ioos:station:NOAA.NOS.CO-OPS:8764314:1,2017-06-04 00:00:00+00:00,29.2675,-91.3839,1012.6,26.2,0.17,25.0,3.8
299,ioos:station:NOAA.NOS.CO-OPS:8764314:1,2017-06-04 00:36:00+00:00,29.2675,-91.3839,1012.9,26.9,0.16,25.0,4.2
300,ioos:station:NOAA.NOS.CO-OPS:8764314:1,2017-06-04 00:42:00+00:00,29.2675,-91.3839,1012.9,27.0,0.16,25.0,4.3
301,ioos:station:NOAA.NOS.CO-OPS:8764314:1,2017-06-04 00:48:00+00:00,29.2675,-91.3839,1012.9,26.9,0.16,24.9,4.2
302,ioos:station:NOAA.NOS.CO-OPS:8764314:1,2017-06-04 00:54:00+00:00,29.2675,-91.3839,1013.0,26.8,0.15,24.9,3.4
303,ioos:station:NOAA.NOS.CO-OPS:8764314:1,2017-06-04 01:36:00+00:00,29.2675,-91.3839,1013.2,26.9,0.15,24.9,3.0
304,ioos:station:NOAA.NOS.CO-OPS:8764314:1,2017-06-04 01:42:00+00:00,29.2675,-91.3839,1013.3,26.8,0.15,24.9,3.3
305,ioos:station:NOAA.NOS.CO-OPS:8764314:1,2017-06-04 01:48:00+00:00,29.2675,-91.3839,1013.3,26.3,0.15,24.9,2.9
306,ioos:station:NOAA.NOS.CO-OPS:8764314:1,2017-06-04 01:54:00+00:00,29.2675,-91.3839,1013.2,26.3,0.15,24.9,2.8
307,ioos:station:NOAA.NOS.CO-OPS:8764314:1,2017-06-04 02:36:00+00:00,29.2675,-91.3839,1013.5,22.2,0.15,24.9,4.3
308,ioos:station:NOAA.NOS.CO-OPS:8764314:1,2017-06-04 02:42:00+00:00,29.2675,-91.3839,1013.6,22.0,0.15,24.9,4.8
309,ioos:station:NOAA.NOS.CO-OPS:8764314:1,2017-06-04 02:48:00+00:00,29.2675,-91.3839,1013.7,22.1,0.15,24.9,4.9
310,ioos:station:NOAA.NOS.CO-OPS:8764314:1,2017-06-04 02:54:00+00:00,29.2675,-91.3839,1013.7,22.8,0.15,24.9,4.6
311,ioos:station:NOAA.NOS.CO-OPS:8764314:1,2017-06-04 03:36:00+00:00,29.2675,-91.3839,1013.6,22.9,0.15,24.9,4.7
312,ioos:station:NOAA.NOS.CO-OPS:8764314:1,2017-06-04 03:42:00+00:00,29.2675,-91.3839,1013.7,23.1,0.15,24.9,6.0
313,ioos:station:NOAA.NOS.CO-OPS:8764314:1,2017-06-04 03:48:00+00:00,29.2675,-91.3839,1013.7,23.2,0.15,24.9,5.0
314,ioos:station:NOAA.NOS.CO-OPS:8764314:1,2017-06-04 03:54:00+00:00,29.2675,-91.3839,1013.7,23.2,0.15,24.9,5.1
315,ioos:station:NOAA.NOS.CO-OPS:8764314:1,2017-06-04 04:36:00+00:00,29.2675,-91.3839,1013.8,23.2,0.15,24.9,5.4
316,ioos:station:NOAA.NOS.CO-OPS:8764314:1,2017-06-04 04:42:00+00:00,29.2675,-91.3839,1013.7,23.5,0.15,24.9,4.8
317,ioos:station:NOAA.NOS.CO-OPS:8764314:1,2017-06-04 04:48:00+00:00,29.2675,-91.3839,1013.7,23.5,0.15,24.9,3.8
318,ioos:station:NOAA.NOS.CO-OPS:8764314:1,2017-06-04 04:54:00+00:00,29.2675,-91.3839,1013.7,23.5,0.15,24.9,3.7
319,ioos:station:NOAA.NOS.CO-OPS:8764314:1,2017-06-04 05:36:00+00:00,29.2675,-91.3839,1013.3,24.2,0.15,24.9,3.0
320,ioos:station:NOAA.NOS.CO-OPS:8764314:1,2017-06-04 05:42:00+00:00,29.2675,-91.3839,1013.2,24.1,0.15,24.9,3.1
321,ioos:station:NOAA.NOS.CO-OPS:8764314:1,2017-06-04 05:48:00+00:00,29.2675,-91.3839,1013.1,24.2,0.15,25.0,3.0
322,ioos:station:NOAA.NOS.CO-OPS:8764314:1,2017-06-04 05:54:00+00:00,29.2675,-91.3839,1013.0,24.0,0.15,25.0,2.7
323,ioos:station:NOAA.NOS.CO-OPS:8764314:1,2017-06-04 06:36:00+00:00,29.2675,-91.3839,1012.5,24.1,0.15,25.0,2.8
324,ioos:station:NOAA.NOS.CO-OPS:8764314:1,2017-06-04 06:42:00+00:00,29.2675,-91.3839,1012.5,24.1,0.15,25.0,2.7
325,ioos:station:NOAA.NOS.CO-OPS:8764314:1,2017-06-04 06:48:00+00:00,29.2675,-91.3839,1012.5,24.1,0.15,25.0,1.5
326,ioos:station:NOAA.NOS.CO-OPS:8764314:1,2017-06-04 06:54:00+00:00,29.2675,-91.3839,1012.5,24.2,0.15,25.0,2.2
327,ioos:station:NOAA.NOS.CO-OPS:8764314:1,2017-06-04 07:36:00+00:00,29.2675,-91.3839,1012.3,24.2,0.15,25.0,2.7
328,ioos:station:NOAA.NOS.CO-OPS:8764314:1,2017-06-04 07:42:00+00:00,29.2675,-91.3839,1012.3,24.2,0.15,25.0,3.1
329,ioos:station:NOAA.NOS.CO-OPS:8764314:1,2017-06-04 07:48:00+00:00,29.2675,-91.3839,1012.2,24.3,0.15,25.0,4.0
330,ioos:station:NOAA.NOS.CO-OPS:8764314:1,2017-06-04 07:54:00+00:00,29.2675,-91.3839,1012.2,24.3,0.15,24.8,4.1
331,ioos:station:NOAA.NOS.CO-OPS:8764314:1,2017-06-04 08:36:00+00:00,29.2675,-91.3839,1011.8,24.3,0.15,24.8,5.7
332,ioos:station:NOAA.NOS.CO-OPS:8764314:1,2017-06-04 08:42:00+00:00,29.2675,-91.3839,1011.8,24.3,0.15,24.9,7.1
333,ioos:station:NOAA.NOS.CO-OPS:8764314:1,2017-06-04 08:48:00+00:00,29.2675,-91.3839,1011.8,24.3,0.15,25.5,7.0
334,ioos:station:NOAA.NOS.CO-OPS:8764314:1,2017-06-04 08:54:00+00:00,29.2675,-91.3839,1011.7,24.3,0.15,25.0,5.8
335,ioos:station:NOAA.NOS.CO-OPS:8764314:1,2017-06-04 09:36:00+00:00,29.2675,-91.3839,1011.6,24.3,0.15,25.0,5.0
336,ioos:station:NOAA.NOS.CO-OPS:8764314:1,2017-06-04 09:42:00+00:00,29.2675,-91.3839,1011.6,24.3,0.15,25.1,4.9
337,ioos:station:NOAA.NOS.CO-OPS:8764314:1,2017-06-04 09:48:00+00:00,29.2675,-91.3839,1011.6,23.8,0.15,24.8,4.5
338,ioos:station:NOAA.NOS.CO-OPS:8764314:1,2017-06-04 09:54:00+00:00,29.2675,-91.3839,1011.6,23.8,0.15,24.8,4.1
339,ioos:station:NOAA.NOS.CO-OPS:8764314:1,2017-06-04 10:36:00+00:00,29.2675,-91.3839,1011.6,23.9,0.15,24.8,4.7
340,ioos:station:NOAA.NOS.CO-OPS:8764314:1,2017-06-04 10:42:00+00:00,29.2675,-91.3839,1011.6,23.6,0.15,24.8,4.0
341,ioos:station:NOAA.NOS.CO-OPS:8764314:1,2017-06-04 10:48:00+00:00,29.2675,-91.3839,1011.6,23.6,0.15,24.8,3.0
342,ioos:station:NOAA.NOS.CO-OPS:8764314:1,2017-06-04 10:54:00+00:00,29.2675,-91.3839,1011.6,23.5,0.16,24.8,3.3
343,ioos:station:NOAA.NOS.CO-OPS:8764314:1,2017-06-04 11:36:00+00:00,29.2675,-91.3839,1011.7,23.9,0.15,24.8,3.7
344,ioos:station:NOAA.NOS.CO-OPS:8764314:1,2017-06-04 11:42:00+00:00,29.2675,-91.3839,1011.7,24.0,0.15,24.8,5.2
345,ioos:station:NOAA.NOS.CO-OPS:8764314:1,2017-06-04 11:48:00+00:00,29.2675,-91.3839,1011.7,24.0,0.15,24.8,4.7
346,ioos:station:NOAA.NOS.CO-OPS:8764314:1,2017-06-04 11:54:00+00:00,29.2675,-91.3839,1011.8,24.3,0.15,24.8,5.6
347,ioos:station:NOAA.NOS.CO-OPS:8764314:1,2017-06-04 12:36:00+00:00,29.2675,-91.3839,1012.3,24.2,0.15,24.8,5.3
348,ioos:station:NOAA.NOS.CO-OPS:8764314:1,2017-06-04 12:42:00+00:00,29.2675,-91.3839,1012.2,24.5,0.15,24.8,4.2
349,ioos:station:NOAA.NOS.CO-OPS:8764314:1,2017-06-04 12:48:00+00:00,29.2675,-91.3839,1012.2,24.4,0.15,24.8,1.9
350,ioos:station:NOAA.NOS.CO-OPS:8764314:1,2017-06-04 12:54:00+00:00,29.2675,-91.3839,1012.2,24.4,0.15,24.8,3.1
351,ioos:station:NOAA.NOS.CO-OPS:8764314:1,2017-06-04 13:00:00+00:00,29.2675,-91.3839,1012.3,24.5,0.16,24.8,2.0
352,ioos:station:NOAA.NOS.CO-OPS:8764314:1,2017-06-04 13:36:00+00:00,29.2675,-91.3839,1012.7,24.6,0.16,24.8,3.1
353,ioos:station:NOAA.NOS.CO-OPS:8764314:1,2017-06-04 13:42:00+00:00,29.2675,-91.3839,1012.7,24.6,0.16,24.8,2.6
354,ioos:station:NOAA.NOS.CO-OPS:8764314:1,2017-06-04 13:48:00+00:00,29.2675,-91.3839,1012.8,24.9,0.15,24.8,3.9
355,ioos:station:NOAA.NOS.CO-OPS:8764314:1,2017-06-04 13:54:00+00:00,29.2675,-91.3839,1012.8,24.8,0.15,24.8,6.0
356,ioos:station:NOAA.NOS.CO-OPS:8764314:1,2017-06-04 14:36:00+00:00,29.2675,-91.3839,1012.8,24.9,0.15,24.8,5.9
357,ioos:station:NOAA.NOS.CO-OPS:8764314:1,2017-06-04 14:42:00+00:00,29.2675,-91.3839,1012.7,24.9,0.16,24.8,5.0
358,ioos:station:NOAA.NOS.CO-OPS:8764314:1,2017-06-04 14:48:00+00:00,29.2675,-91.3839,1012.6,25.3,0.16,24.8,5.4
359,ioos:station:NOAA.NOS.CO-OPS:8764314:1,2017-06-04 14:54:00+00:00,29.2675,-91.3839,1012.5,25.3,0.16,24.8,5.5
360,ioos:station:NOAA.NOS.CO-OPS:8764314:1,2017-06-04 15:36:00+00:00,29.2675,-91.3839,1011.9,25.4,0.15,24.8,4.4
361,ioos:station:NOAA.NOS.CO-OPS:8764314:1,2017-06-04 15:42:00+00:00,29.2675,-91.3839,1012.0,25.1,0.15,24.8,4.1
362,ioos:station:NOAA.NOS.CO-OPS:8764314:1,2017-06-04 15:48:00+00:00,29.2675,-91.3839,1011.9,25.2,0.15,24.8,4.4
363,ioos:station:NOAA.NOS.CO-OPS:8764314:1,2017-06-04 15:54:00+00:00,29.2675,-91.3839,1011.8,25.1,0.16,24.8,3.5
364,ioos:station:NOAA.NOS.CO-OPS:8764314:1,2017-06-04 16:36:00+00:00,29.2675,-91.3839,1012.3,25.6,0.16,24.8,4.3
365,ioos:station:NOAA.NOS.CO-OPS:8764314:1,2017-06-04 16:42:00+00:00,29.2675,-91.3839,1012.3,25.6,0.16,24.7,5.7
366,ioos:station:NOAA.NOS.CO-OPS:8764314:1,2017-06-04 16:48:00+00:00,29.2675,-91.3839,1012.3,25.7,0.16,24.7,12.3
367,ioos:station:NOAA.NOS.CO-OPS:8764314:1,2017-06-04 16:54:00+00:00,29.2675,-91.3839,1012.4,26.1,0.16,24.7,2.5
368,ioos:station:NOAA.NOS.CO-OPS:8764314:1,2017-06-04 17:36:00+00:00,29.2675,-91.3839,1012.5,26.1,0.16,24.7,3.7
369,ioos:station:NOAA.NOS.CO-OPS:8764314:1,2017-06-04 17:42:00+00:00,29.2675,-91.3839,1012.5,25.8,0.15,24.7,3.6
370,ioos:station:NOAA.NOS.CO-OPS:8764314:1,2017-06-04 17:48:00+00:00,29.2675,-91.3839,1012.5,25.7,0.15,24.7,4.3
371,ioos:station:NOAA.NOS.CO-OPS:8764314:1,2017-06-04 17:54:00+00:00,29.2675,-91.3839,1012.4,25.6,0.15,24.7,5.9
372,ioos:station:NOAA.NOS.CO-OPS:8764314:1,2017-06-04 18:36:00+00:00,29.2675,-91.3839,1012.0,25.1,0.15,24.7,5.3
373,ioos:station:NOAA.NOS.CO-OPS:8764314:1,2017-06-04 18:42:00+00:00,29.2675,-91.3839,1011.9,25.5,0.15,24.7,5.1
374,ioos:station:NOAA.NOS.CO-OPS:8764314:1,2017-06-04 18:48:00+00:00,29.2675,-91.3839,1011.8,25.6,0.15,24.7,6.9
375,ioos:station:NOAA.NOS.CO-OPS:8764314:1,2017-06-04 18:54:00+00:00,29.2675,-91.3839,1011.8,25.9,0.15,24.6,7.5
376,ioos:station:NOAA.NOS.CO-OPS:8764314:1,2017-06-04 19:00:00+00:00,29.2675,-91.3839,1011.7,26.1,0.15,24.6,7.0
377,ioos:station:NOAA.NOS.CO-OPS:8764314:1,2017-06-04 19:36:00+00:00,29.2675,-91.3839,1011.7,26.1,0.15,24.6,8.4
378,ioos:station:NOAA.NOS.CO-OPS:8764314:1,2017-06-04 19:42:00+00:00,29.2675,-91.3839,1011.7,25.9,0.15,24.7,6.2
379,ioos:station:NOAA.NOS.CO-OPS:8764314:1,2017-06-04 19:48:00+00:00,29.2675,-91.3839,1011.6,25.6,0.15,24.7,8.1
380,ioos:station:NOAA.NOS.CO-OPS:8764314:1,2017-06-04 19:54:00+00:00,29.2675,-91.3839,1011.6,25.3,0.15,24.7,8.5
381,ioos:station:NOAA.NOS.CO-OPS:8764314:1,2017-06-04 20:36:00+00:00,29.2675,-91.3839,1011.3,25.6,0.16,24.7,6.1
382,ioos:station:NOAA.NOS.CO-OPS:8764314:1,2017-06-04 20:42:00+00:00,29.2675,-91.3839,1011.3,25.7,0.16,24.7,7.1
383,ioos:station:NOAA.NOS.CO-OPS:8764314:1,2017-06-04 20:48:00+00:00,29.2675,-91.3839,1011.2,25.7,0.16,24.7,8.2
384,ioos:station:NOAA.NOS.CO-OPS:8764314:1,2017-06-04 20:54:00+00:00,29.2675,-91.3839,1011.0,24.6,0.15,24.8,9.0
385,ioos:station:NOAA.NOS.CO-OPS:8764314:1,2017-06-04 21:36:00+00:00,29.2675,-91.3839,1010.6,24.4,0.15,24.8,7.3
386,ioos:station:NOAA.NOS.CO-OPS:8764314:1,2017-06-04 21:42:00+00:00,29.2675,-91.3839,1010.4,24.5,0.15,24.8,9.7
387,ioos:station:NOAA.NOS.CO-OPS:8764314:1,2017-06-04 21:48:00+00:00,29.2675,-91.3839,1010.4,24.0,0.15,24.8,8.8
388,ioos:station:NOAA.NOS.CO-OPS:8764314:1,2017-06-04 21:54:00+00:00,29.2675,-91.3839,1010.6,23.9,0.15,24.8,8.6
389,ioos:station:NOAA.NOS.CO-OPS:8764314:1,2017-06-04 22:36:00+00:00,29.2675,-91.3839,1010.3,23.5,0.15,24.8,8.8
390,ioos:station:NOAA.NOS.CO-OPS:8764314:1,2017-06-04 22:42:00+00:00,29.2675,-91.3839,1010.6,23.5,0.15,24.9,9.5
391,ioos:station:NOAA.NOS.CO-OPS:8764314:1,2017-06-04 22:48:00+00:00,29.2675,-91.3839,1010.0,23.5,0.15,24.9,13.6
392,ioos:station:NOAA.NOS.CO-OPS:8764314:1,2017-06-04 22:54:00+00:00,29.2675,-91.3839,1010.2,23.4,0.15,24.9,11.6
393,ioos:station:NOAA.NOS.CO-OPS:8764314:1,2017-06-04 23:00:00+00:00,29.2675,-91.3839,1010.6,23.4,0.16,25.0,12.2
394,ioos:station:NOAA.NOS.CO-OPS:8764314:1,2017-06-04 23:36:00+00:00,29.2675,-91.3839,1010.7,23.3,0.16,25.0,13.2
395,ioos:station:NOAA.NOS.CO-OPS:8764314:1,2017-06-04 23:42:00+00:00,29.2675,-91.3839,1011.2,23.3,0.16,25.0,11.9
396,ioos:station:NOAA.NOS.CO-OPS:8764314:1,2017-06-04 23:48:00+00:00,29.2675,-91.3839,1011.1,23.3,0.16,25.0,11.9
397,ioos:station:NOAA.NOS.CO-OPS:8764314:1,2017-06-04 23:54:00+00:00,29.2675,-91.3839,1010.9,23.3,0.16,25.0,13.3
398,ioos:station:NOAA.NOS.CO-OPS:8764314:1,2017-06-05 00:36:00+00:00,29.2675,-91.3839,1010.7,23.2,0.16,25.0,14.9
399,ioos:station:NOAA.NOS.CO-OPS:8764314:1,2017-06-05 00:42:00+00:00,29.2675,-91.3839,1010.8,23.2,0.16,25.0,15.4
400,ioos:station:NOAA.NOS.CO-OPS:8764314:1,2017-06-05 00:48:00+00:00,29.2675,-91.3839,1010.8,23.1,0.16,25.0,16.6
401,ioos:station:NOAA.NOS.CO-OPS:8764314:1,2017-06-05 00:54:00+00:00,29.2675,-91.3839,1010.9,23.2,0.16,25.0,18.9
402,ioos:station:NOAA.NOS.CO-OPS:8764314:1,2017-06-05 01:00:00+00:00,29.2675,-91.3839,1010.9,23.3,0.16,25.0,14.5
403,ioos:station:NOAA.NOS.CO-OPS:8764314:1,2017-06-05 01:36:00+00:00,29.2675,-91.3839,1011.2,23.3,0.15,25.0,9.3
404,ioos:station:NOAA.NOS.CO-OPS:8764314:1,2017-06-05 01:42:00+00:00,29.2675,-91.3839,1011.0,23.2,0.16,25.0,14.1
405,ioos:station:NOAA.NOS.CO-OPS:8764314:1,2017-06-05 01:48:00+00:00,29.2675,-91.3839,1010.8,23.2,0.16,24.9,13.0
406,ioos:station:NOAA.NOS.CO-OPS:8764314:1,2017-06-05 01:54:00+00:00,29.2675,-91.3839,1010.7,23.2,0.16,24.9,13.7
407,ioos:station:NOAA.NOS.CO-OPS:8764314:1,2017-06-05 02:36:00+00:00,29.2675,-91.3839,1010.8,22.9,0.16,24.9,13.1
408,ioos:station:NOAA.NOS.CO-OPS:8764314:1,2017-06-05 02:42:00+00:00,29.2675,-91.3839,1010.8,22.9,0.16,24.9,10.6
409,ioos:station:NOAA.NOS.CO-OPS:8764314:1,2017-06-05 02:48:00+00:00,29.2675,-91.3839,1010.7,22.9,0.15,24.8,10.3
410,ioos:station:NOAA.NOS.CO-OPS:8764314:1,2017-06-05 02:54:00+00:00,29.2675,-91.3839,1010.6,22.9,0.15,24.8,10.2
411,ioos:station:NOAA.NOS.CO-OPS:8764314:1,2017-06-05 03:36:00+00:00,29.2675,-91.3839,1010.0,23.0,0.16,24.8,11.4
412,ioos:station:NOAA.NOS.CO-OPS:8764314:1,2017-06-05 03:42:00+00:00,29.2675,-91.3839,1009.9,23.6,0.16,24.8,12.8
413,ioos:station:NOAA.NOS.CO-OPS:8764314:1,2017-06-05 03:48:00+00:00,29.2675,-91.3839,1009.9,23.6,0.16,24.8,12.5
414,ioos:station:NOAA.NOS.CO-OPS:8764314:1,2017-06-05 03:54:00+00:00,29.2675,-91.3839,1009.8,23.5,0.16,24.8,12.0
415,ioos:station:NOAA.NOS.CO-OPS:8764314:1,2017-06-05 04:36:00+00:00,29.2675,-91.3839,1009.8,24.1,0.16,24.8,13.5
416,ioos:station:NOAA.NOS.CO-OPS:8764314:1,2017-06-05 04:42:00+00:00,29.2675,-91.3839,1009.7,24.2,0.16,24.8,13.2
417,ioos:station:NOAA.NOS.CO-OPS:8764314:1,2017-06-05 04:48:00+00:00,29.2675,-91.3839,1009.7,24.1,0.16,24.8,14.5
418,ioos:station:NOAA.NOS.CO-OPS:8764314:1,2017-06-05 04:54:00+00:00,29.2675,-91.3839,1009.6,24.5,0.16,24.8,15.3
419,ioos:station:NOAA.NOS.CO-OPS:8764314:1,2017-06-05 05:36:00+00:00,29.2675,-91.3839,1009.6,24.6,0.16,24.7,14.3
420,ioos:station:NOAA.NOS.CO-OPS:8764314:1,2017-06-05 05:42:00+00:00,29.2675,-91.3839,1009.6,24.6,0.16,24.7,14.4
421,ioos:station:NOAA.NOS.CO-OPS:8764314:1,2017-06-05 05:48:00+00:00,29.2675,-91.3839,1009.5,25.0,0.15,24.7,14.0
422,ioos:station:NOAA.NOS.CO-OPS:8764314:1,2017-06-05 05:54:00+00:00,29.2675,-91.3839,1009.4,25.1,0.15,24.8,15.2
423,ioos:station:NOAA.NOS.CO-OPS:8764314:1,2017-06-05 06:36:00+00:00,29.2675,-91.3839,1008.3,25.1,0.16,24.8,16.2
424,ioos:station:NOAA.NOS.CO-OPS:8764314:1,2017-06-05 06:42:00+00:00,29.2675,-91.3839,1008.1,25.6,0.16,24.8,15.9
425,ioos:station:NOAA.NOS.CO-OPS:8764314:1,2017-06-05 06:48:00+00:00,29.2675,-91.3839,1008.1,25.7,0.16,24.8,15.4
426,ioos:station:NOAA.NOS.CO-OPS:8764314:1,2017-06-05 06:54:00+00:00,29.2675,-91.3839,1008.2,25.7,0.16,24.8,15.9
427,ioos:station:NOAA.NOS.CO-OPS:8764314:1,2017-06-05 07:36:00+00:00,29.2675,-91.3839,1008.1,26.0,0.16,24.8,14.6
428,ioos:station:NOAA.NOS.CO-OPS:8764314:1,2017-06-05 07:42:00+00:00,29.2675,-91.3839,1008.1,26.1,0.16,24.7,16.8
429,ioos:station:NOAA.NOS.CO-OPS:8764314:1,2017-06-05 07:48:00+00:00,29.2675,-91.3839,1008.1,26.1,0.16,24.7,12.6
430,ioos:station:NOAA.NOS.CO-OPS:8764314:1,2017-06-05 07:54:00+00:00,29.2675,-91.3839,1008.1,26.8,0.16,24.7,13.4
431,ioos:station:NOAA.NOS.CO-OPS:8764314:1,2017-06-05 08:36:00+00:00,29.2675,-91.3839,1007.5,26.8,0.16,24.7,13.3
432,ioos:station:NOAA.NOS.CO-OPS:8764314:1,2017-06-05 08:42:00+00:00,29.2675,-91.3839,1007.5,27.3,0.16,24.7,13.5
433,ioos:station:NOAA.NOS.CO-OPS:8764314:1,2017-06-05 08:48:00+00:00,29.2675,-91.3839,1007.4,27.5,0.16,24.7,12.6
434,ioos:station:NOAA.NOS.CO-OPS:8764314:1,2017-06-05 08:54:00+00:00,29.2675,-91.3839,1007.3,27.8,0.16,24.7,14.3
435,ioos:station:NOAA.NOS.CO-OPS:8764314:1,2017-06-05 09:36:00+00:00,29.2675,-91.3839,1007.3,27.8,0.16,24.7,11.9
436,ioos:station:NOAA.NOS.CO-OPS:8764314:1,2017-06-05 09:42:00+00:00,29.2675,-91.3839,1007.4,27.9,0.16,24.7,15.1
437,ioos:station:NOAA.NOS.CO-OPS:8764314:1,2017-06-05 09:48:00+00:00,29.2675,-91.3839,1007.6,28.2,0.16,24.6,14.0
438,ioos:station:NOAA.NOS.CO-OPS:8764314:1,2017-06-05 09:54:00+00:00,29.2675,-91.3839,1007.7,28.3,0.16,24.6,11.8
439,ioos:station:NOAA.NOS.CO-OPS:8764314:1,2017-06-05 10:36:00+00:00,29.2675,-91.3839,1008.3,28.3,0.16,24.6,11.2
440,ioos:station:NOAA.NOS.CO-OPS:8764314:1,2017-06-05 10:42:00+00:00,29.2675,-91.3839,1008.3,28.7,0.17,24.6,11.8
441,ioos:station:NOAA.NOS.CO-OPS:8764314:1,2017-06-05 10:48:00+00:00,29.2675,-91.3839,1008.3,28.6,0.17,24.6,9.1
442,ioos:station:NOAA.NOS.CO-OPS:8764314:1,2017-06-05 10:54:00+00:00,29.2675,-91.3839,1008.3,28.5,0.16,24.6,8.8
443,ioos:station:NOAA.NOS.CO-OPS:8764314:1,2017-06-05 11:36:00+00:00,29.2675,-91.3839,1008.1,28.1,0.16,24.6,9.9
444,ioos:station:NOAA.NOS.CO-OPS:8764314:1,2017-06-05 11:42:00+00:00,29.2675,-91.3839,1008.2,28.1,0.16,24.6,9.9
445,ioos:station:NOAA.NOS.CO-OPS:8764314:1,2017-06-05 11:48:00+00:00,29.2675,-91.3839,1008.2,28.0,0.16,24.6,9.1
446,ioos:station:NOAA.NOS.CO-OPS:8764314:1,2017-06-05 11:54:00+00:00,29.2675,-91.3839,1008.1,27.4,0.16,24.6,8.9
447,ioos:station:NOAA.NOS.CO-OPS:8764314:1,2017-06-05 12:36:00+00:00,29.2675,-91.3839,1008.4,27.3,0.16,24.6,8.9
448,ioos:station:NOAA.NOS.CO-OPS:8764314:1,2017-06-05 12:42:00+00:00,29.2675,-91.3839,1008.4,27.1,0.16,24.6,9.2
449,ioos:station:NOAA.NOS.CO-OPS:8764314:1,2017-06-05 12:48:00+00:00,29.2675,-91.3839,1008.4,26.3,0.16,24.6,11.5
450,ioos:station:NOAA.NOS.CO-OPS:8764314:1,2017-06-05 12:54:00+00:00,29.2675,-91.3839,1008.5,26.1,0.16,24.6,11.7
451,ioos:station:NOAA.NOS.CO-OPS:8764314:1,2017-06-05 13:36:00+00:00,29.2675,-91.3839,1008.7,25.3,0.16,24.6,10.8
452,ioos:station:NOAA.NOS.CO-OPS:8764314:1,2017-06-05 13:42:00+00:00,29.2675,-91.3839,1008.7,25.1,0.16,24.6,11.8
453,ioos:station:NOAA.NOS.CO-OPS:8764314:1,2017-06-05 13:48:00+00:00,29.2675,-91.3839,1008.7,25.0,0.15,24.6,10.1
454,ioos:station:NOAA.NOS.CO-OPS:8764314:1,2017-06-05 13:54:00+00:00,29.2675,-91.3839,1008.7,24.4,0.15,24.6,10.6
455,ioos:station:NOAA.NOS.CO-OPS:8764314:1,2017-06-05 14:36:00+00:00,29.2675,-91.3839,1008.7,24.2,0.15,24.7,8.7
456,ioos:station:NOAA.NOS.CO-OPS:8764314:1,2017-06-05 14:42:00+00:00,29.2675,-91.3839,1008.6,23.6,0.16,24.7,10.5
457,ioos:station:NOAA.NOS.CO-OPS:8764314:1,2017-06-05 14:48:00+00:00,29.2675,-91.3839,1008.6,23.7,0.16,24.7,11.0
458,ioos:station:NOAA.NOS.CO-OPS:8764314:1,2017-06-05 14:54:00+00:00,29.2675,-91.3839,1008.7,23.3,0.16,24.8,10.1
459,ioos:station:NOAA.NOS.CO-OPS:8764314:1,2017-06-05 15:36:00+00:00,29.2675,-91.3839,1008.5,23.3,0.16,24.8,8.4
460,ioos:station:NOAA.NOS.CO-OPS:8764314:1,2017-06-05 15:42:00+00:00,29.2675,-91.3839,1008.4,22.9,0.16,24.8,8.6
461,ioos:station:NOAA.NOS.CO-OPS:8764314:1,2017-06-05 15:48:00+00:00,29.2675,-91.3839,1008.4,22.9,0.16,24.9,9.0
462,ioos:station:NOAA.NOS.CO-OPS:8764314:1,2017-06-05 15:54:00+00:00,29.2675,-91.3839,1008.5,22.8,0.16,24.9,8.8
463,ioos:station:NOAA.NOS.CO-OPS:8764314:1,2017-06-05 16:36:00+00:00,29.2675,-91.3839,1008.3,22.3,0.16,24.9,8.7
464,ioos:station:NOAA.NOS.CO-OPS:8764314:1,2017-06-05 16:42:00+00:00,29.2675,-91.3839,1008.3,22.3,0.16,24.9,7.7
465,ioos:station:NOAA.NOS.CO-OPS:8764314:1,2017-06-05 16:48:00+00:00,29.2675,-91.3839,1008.2,22.3,0.16,25.0,7.6
466,ioos:station:NOAA.NOS.CO-OPS:8764314:1,2017-06-05 16:54:00+00:00,29.2675,-91.3839,1008.1,22.0,0.16,25.0,7.7
467,ioos:station:NOAA.NOS.CO-OPS:8764314:1,2017-06-05 17:36:00+00:00,29.2675,-91.3839,1007.5,22.0,0.16,25.0,7.4
468,ioos:station:NOAA.NOS.CO-OPS:8764314:1,2017-06-05 17:42:00+00:00,29.2675,-91.3839,1007.4,21.9,0.16,25.1,7.2
469,ioos:station:NOAA.NOS.CO-OPS:8764314:1,2017-06-05 17:48:00+00:00,29.2675,-91.3839,1007.4,21.7,0.16,25.1,7.6
470,ioos:station:NOAA.NOS.CO-OPS:8764314:1,2017-06-05 17:54:00+00:00,29.2675,-91.3839,1007.5,21.7,0.16,25.1,6.6
471,ioos:station:NOAA.NOS.CO-OPS:8764314:1,2017-06-05 18:36:00+00:00,29.2675,-91.3839,1007.0,21.7,0.16,25.2,6.9
472,ioos:station:NOAA.NOS.CO-OPS:8764314:1,2017-06-05 18:42:00+00:00,29.2675,-91.3839,1006.9,21.9,0.16,25.2,7.0
473,ioos:station:NOAA.NOS.CO-OPS:8764314:1,2017-06-05 18:48:00+00:00,29.2675,-91.3839,1006.9,22.0,0.17,25.2,6.5
474,ioos:station:NOAA.NOS.CO-OPS:8764314:1,2017-06-05 18:54:00+00:00,29.2675,-91.3839,1007.0,21.9,0.16,25.2,5.8
475,ioos:station:NOAA.NOS.CO-OPS:8764314:1,2017-06-05 19:36:00+00:00,29.2675,-91.3839,1006.6,22.0,0.16,25.2,6.5
476,ioos:station:NOAA.NOS.CO-OPS:8764314:1,2017-06-05 19:42:00+00:00,29.2675,-91.3839,1006.6,22.0,0.16,25.2,5.8
477,ioos:station:NOAA.NOS.CO-OPS:8764314:1,2017-06-05 19:48:00+00:00,29.2675,-91.3839,1006.6,22.0,0.16,25.2,5.5
478,ioos:station:NOAA.NOS.CO-OPS:8764314:1,2017-06-05 19:54:00+00:00,29.2675,-91.3839,1006.6,21.9,0.16,25.1,4.6
479,ioos:station:NOAA.NOS.CO-OPS:8764314:1,2017-06-05 20:00:00+00:00,29.2675,-91.3839,1006.5,22.4,0.16,25.1,4.1
480,ioos:station:NOAA.NOS.CO-OPS:8764314:1,2017-06-05 20:36:00+00:00,29.2675,-91.3839,1006.5,22.4,0.15,25.1,3.2
481,ioos:station:NOAA.NOS.CO-OPS:8764314:1,2017-06-05 20:42:00+00:00,29.2675,-91.3839,1006.1,23.5,0.16,25.1,1.3
482,ioos:station:NOAA.NOS.CO-OPS:8764314:1,2017-06-05 20:48:00+00:00,29.2675,-91.3839,1006.2,23.6,0.16,25.1,2.0
483,ioos:station:NOAA.NOS.CO-OPS:8764314:1,2017-06-05 20:54:00+00:00,29.2675,-91.3839,1006.0,23.7,0.16,25.0,3.3
484,ioos:station:NOAA.NOS.CO-OPS:8764314:1,2017-06-05 21:36:00+00:00,29.2675,-91.3839,1005.8,24.5,0.16,25.0,2.9
485,ioos:station:NOAA.NOS.CO-OPS:8764314:1,2017-06-05 21:42:00+00:00,29.2675,-91.3839,1005.9,24.6,0.16,25.0,2.8
486,ioos:station:NOAA.NOS.CO-OPS:8764314:1,2017-06-05 21:48:00+00:00,29.2675,-91.3839,1005.7,24.7,0.16,25.0,2.7
487,ioos:station:NOAA.NOS.CO-OPS:8764314:1,2017-06-05 21:54:00+00:00,29.2675,-91.3839,1005.3,25.2,0.15,24.9,3.2
488,ioos:station:NOAA.NOS.CO-OPS:8764314:1,2017-06-05 22:36:00+00:00,29.2675,-91.3839,1005.1,25.3,0.16,24.9,3.8
489,ioos:station:NOAA.NOS.CO-OPS:8764314:1,2017-06-05 22:42:00+00:00,29.2675,-91.3839,1005.1,25.4,0.15,24.9,3.7
490,ioos:station:NOAA.NOS.CO-OPS:8764314:1,2017-06-05 22:48:00+00:00,29.2675,-91.3839,1005.0,26.1,0.15,24.9,2.7
491,ioos:station:NOAA.NOS.CO-OPS:8764314:1,2017-06-05 22:54:00+00:00,29.2675,-91.3839,1004.9,26.3,0.15,24.9,3.1
492,ioos:station:NOAA.NOS.CO-OPS:8764314:1,2017-06-05 23:36:00+00:00,29.2675,-91.3839,1004.5,26.3,0.15,24.9,1.7
493,ioos:station:NOAA.NOS.CO-OPS:8764314:1,2017-06-05 23:42:00+00:00,29.2675,-91.3839,1004.4,26.4,0.15,24.9,9.9
494,ioos:station:NOAA.NOS.CO-OPS:8764314:1,2017-06-05 23:48:00+00:00,29.2675,-91.3839,1004.2,26.5,0.15,24.9,5.9
495,ioos:station:NOAA.NOS.CO-OPS:8764314:1,2017-06-05 23:54:00+00:00,29.2675,-91.3839,1004.3,27.7,0.15,24.9,3.1
496,ioos:station:NOAA.NOS.CO-OPS:8764314:1,2017-06-06 00:36:00+00:00,29.2675,-91.3839,1005.5,27.7,0.15,24.9,2.4
497,ioos:station:NOAA.NOS.CO-OPS:8764314:1,2017-06-06 00:42:00+00:00,29.2675,-91.3839,1005.5,27.7,0.15,24.7,1.2
498,ioos:station:NOAA.NOS.CO-OPS:8764314:1,2017-06-06 00:48:00+00:00,29.2675,-91.3839,1005.5,27.4,0.15,24.7,1.0
499,ioos:station:NOAA.NOS.CO-OPS:8764314:1,2017-06-06 00:54:00+00:00,29.2675,-91.3839,1005.4,27.5,0.15,24.7,1.3
500,ioos:station:NOAA.NOS.CO-OPS:8764314:1,2017-06-06 01:36:00+00:00,29.2675,-91.3839,1005.8,27.7,0.15,24.5,1.6
501,ioos:station:NOAA.NOS.CO-OPS:8764314:1,2017-06-06 01:42:00+00:00,29.2675,-91.3839,1005.7,27.7,0.15,24.4,2.4
502,ioos:station:NOAA.NOS.CO-OPS:8764314:1,2017-06-06 01:48:00+00:00,29.2675,-91.3839,1005.7,27.8,0.16,24.4,4.2
503,ioos:station:NOAA.NOS.CO-OPS:8764314:1,2017-06-06 01:54:00+00:00,29.2675,-91.3839,1005.7,27.8,0.16,23.1,4.2
504,ioos:station:NOAA.NOS.CO-OPS:8764314:1,2017-06-06 02:36:00+00:00,29.2675,-91.3839,1006.0,28.0,0.16,23.2,4.6
505,ioos:station:NOAA.NOS.CO-OPS:8764314:1,2017-06-06 02:42:00+00:00,29.2675,-91.3839,1005.9,28.0,0.16,23.3,3.5
506,ioos:station:NOAA.NOS.CO-OPS:8764314:1,2017-06-06 02:48:00+00:00,29.2675,-91.3839,1006.0,27.8,0.16,23.5,2.8
507,ioos:station:NOAA.NOS.CO-OPS:8764314:1,2017-06-06 02:54:00+00:00,29.2675,-91.3839,1006.1,27.9,0.16,23.4,1.5
508,ioos:station:NOAA.NOS.CO-OPS:8764314:1,2017-06-06 03:36:00+00:00,29.2675,-91.3839,1006.1,27.8,0.17,23.3,1.6
509,ioos:station:NOAA.NOS.CO-OPS:8764314:1,2017-06-06 03:42:00+00:00,29.2675,-91.3839,1006.1,26.9,0.17,23.2,1.9
510,ioos:station:NOAA.NOS.CO-OPS:8764314:1,2017-06-06 03:48:00+00:00,29.2675,-91.3839,1006.1,26.8,0.17,23.4,2.6
511,ioos:station:NOAA.NOS.CO-OPS:8764314:1,2017-06-06 03:54:00+00:00,29.2675,-91.3839,1006.1,26.6,0.17,23.4,3.2
512,ioos:station:NOAA.NOS.CO-OPS:8764314:1,2017-06-06 04:36:00+00:00,29.2675,-91.3839,1006.0,25.9,0.17,24.0,1.8
513,ioos:station:NOAA.NOS.CO-OPS:8764314:1,2017-06-06 04:42:00+00:00,29.2675,-91.3839,1005.9,25.8,0.17,24.1,11.6
514,ioos:station:NOAA.NOS.CO-OPS:8764314:1,2017-06-06 04:48:00+00:00,29.2675,-91.3839,1005.8,25.8,0.17,24.8,8.7
515,ioos:station:NOAA.NOS.CO-OPS:8764314:1,2017-06-06 04:54:00+00:00,29.2675,-91.3839,1005.7,25.8,0.17,24.8,3.2
516,ioos:station:NOAA.NOS.CO-OPS:8764314:1,2017-06-06 05:36:00+00:00,29.2675,-91.3839,1005.8,25.6,0.17,24.8,4.9
517,ioos:station:NOAA.NOS.CO-OPS:8764314:1,2017-06-06 05:42:00+00:00,29.2675,-91.3839,1005.8,25.4,0.17,24.8,2.3
518,ioos:station:NOAA.NOS.CO-OPS:8764314:1,2017-06-06 05:48:00+00:00,29.2675,-91.3839,1005.7,25.3,0.17,24.8,3.6
519,ioos:station:NOAA.NOS.CO-OPS:8764314:1,2017-06-06 05:54:00+00:00,29.2675,-91.3839,1005.7,24.9,0.17,24.8,4.4
520,ioos:station:NOAA.NOS.CO-OPS:8764314:1,2017-06-06 06:36:00+00:00,29.2675,-91.3839,1005.5,24.6,0.17,24.8,3.9
521,ioos:station:NOAA.NOS.CO-OPS:8764314:1,2017-06-06 06:42:00+00:00,29.2675,-91.3839,1005.4,24.6,0.17,24.9,2.9
522,ioos:station:NOAA.NOS.CO-OPS:8764314:1,2017-06-06 06:48:00+00:00,29.2675,-91.3839,1005.5,24.6,0.17,24.9,3.3
523,ioos:station:NOAA.NOS.CO-OPS:8764314:1,2017-06-06 06:54:00+00:00,29.2675,-91.3839,1005.3,24.1,0.17,24.9,4.8
524,ioos:station:NOAA.NOS.CO-OPS:8764314:1,2017-06-06 07:36:00+00:00,29.2675,-91.3839,1005.1,24.0,0.16,24.9,5.3
525,ioos:station:NOAA.NOS.CO-OPS:8764314:1,2017-06-06 07:42:00+00:00,29.2675,-91.3839,1005.0,23.9,0.16,24.9,6.0
526,ioos:station:NOAA.NOS.CO-OPS:8764314:1,2017-06-06 07:48:00+00:00,29.2675,-91.3839,1005.1,23.9,0.16,24.9,7.5
527,ioos:station:NOAA.NOS.CO-OPS:8764314:1,2017-06-06 07:54:00+00:00,29.2675,-91.3839,1005.1,23.4,0.16,25.0,5.0
528,ioos:station:NOAA.NOS.CO-OPS:8764314:1,2017-06-06 08:36:00+00:00,29.2675,-91.3839,1005.1,23.2,0.16,25.0,4.1
529,ioos:station:NOAA.NOS.CO-OPS:8764314:1,2017-06-06 08:42:00+00:00,29.2675,-91.3839,1005.2,23.2,0.16,25.0,5.7
530,ioos:station:NOAA.NOS.CO-OPS:8764314:1,2017-06-06 08:48:00+00:00,29.2675,-91.3839,1005.1,23.2,0.16,25.1,6.1
531,ioos:station:NOAA.NOS.CO-OPS:8764314:1,2017-06-06 08:54:00+00:00,29.2675,-91.3839,1005.1,23.2,0.16,25.1,7.6
532,ioos:station:NOAA.NOS.CO-OPS:8764314:1,2017-06-06 09:36:00+00:00,29.2675,-91.3839,1005.1,23.1,0.16,25.1,6.0
533,ioos:station:NOAA.NOS.CO-OPS:8764314:1,2017-06-06 09:42:00+00:00,29.2675,-91.3839,1005.1,23.3,0.16,25.2,4.7
534,ioos:station:NOAA.NOS.CO-OPS:8764314:1,2017-06-06 09:48:00+00:00,29.2675,-91.3839,1005.1,23.3,0.16,25.2,4.0
535,ioos:station:NOAA.NOS.CO-OPS:8764314:1,2017-06-06 09:54:00+00:00,29.2675,-91.3839,1005.1,23.2,0.16,25.2,4.3
536,ioos:station:NOAA.NOS.CO-OPS:8764314:1,2017-06-06 10:00:00+00:00,29.2675,-91.3839,1005.0,23.4,0.16,25.2,4.1
537,ioos:station:NOAA.NOS.CO-OPS:8764314:1,2017-06-06 10:36:00+00:00,29.2675,-91.3839,1005.2,23.3,0.16,25.2,4.8
538,ioos:station:NOAA.NOS.CO-OPS:8764314:1,2017-06-06 10:42:00+00:00,29.2675,-91.3839,1005.2,23.2,0.16,25.2,8.5
539,ioos:station:NOAA.NOS.CO-OPS:8764314:1,2017-06-06 10:48:00+00:00,29.2675,-91.3839,1005.2,22.9,0.17,25.2,8.8
540,ioos:station:NOAA.NOS.CO-OPS:8764314:1,2017-06-06 10:54:00+00:00,29.2675,-91.3839,1005.3,22.8,0.17,25.2,8.0
541,ioos:station:NOAA.NOS.CO-OPS:8764314:1,2017-06-06 11:36:00+00:00,29.2675,-91.3839,1005.6,22.8,0.16,25.2,7.6
542,ioos:station:NOAA.NOS.CO-OPS:8764314:1,2017-06-06 11:42:00+00:00,29.2675,-91.3839,1005.6,23.7,0.16,25.1,7.0
543,ioos:station:NOAA.NOS.CO-OPS:8764314:1,2017-06-06 11:48:00+00:00,29.2675,-91.3839,1005.7,23.7,0.16,25.2,4.4
544,ioos:station:NOAA.NOS.CO-OPS:8764314:1,2017-06-06 11:54:00+00:00,29.2675,-91.3839,1005.7,23.8,0.17,25.1,3.2
545,ioos:station:NOAA.NOS.CO-OPS:8764314:1,2017-06-06 12:36:00+00:00,29.2675,-91.3839,1005.7,24.1,0.16,25.1,3.9
546,ioos:station:NOAA.NOS.CO-OPS:8764314:1,2017-06-06 12:42:00+00:00,29.2675,-91.3839,1005.7,24.1,0.17,25.1,4.0
547,ioos:station:NOAA.NOS.CO-OPS:8764314:1,2017-06-06 12:48:00+00:00,29.2675,-91.3839,1005.9,24.0,0.17,25.1,3.2
548,ioos:station:NOAA.NOS.CO-OPS:8764314:1,2017-06-06 12:54:00+00:00,29.2675,-91.3839,1005.7,24.0,0.16,25.1,2.8
549,ioos:station:NOAA.NOS.CO-OPS:8764314:1,2017-06-06 13:36:00+00:00,29.2675,-91.3839,1005.8,24.7,0.16,25.1,3.9
550,ioos:station:NOAA.NOS.CO-OPS:8764314:1,2017-06-06 13:42:00+00:00,29.2675,-91.3839,1005.8,24.7,0.16,25.1,5.3
551,ioos:station:NOAA.NOS.CO-OPS:8764314:1,2017-06-06 13:48:00+00:00,29.2675,-91.3839,1005.9,24.8,0.16,25.0,3.8
552,ioos:station:NOAA.NOS.CO-OPS:8764314:1,2017-06-06 13:54:00+00:00,29.2675,-91.3839,1005.9,24.8,0.16,25.0,4.5
553,ioos:station:NOAA.NOS.CO-OPS:8764314:1,2017-06-06 14:36:00+00:00,29.2675,-91.3839,1006.1,25.3,0.16,25.0,5.3
554,ioos:station:NOAA.NOS.CO-OPS:8764314:1,2017-06-06 14:42:00+00:00,29.2675,-91.3839,1006.2,25.5,0.16,25.0,4.4
555,ioos:station:NOAA.NOS.CO-OPS:8764314:1,2017-06-06 14:48:00+00:00,29.2675,-91.3839,1006.2,25.5,0.16,25.0,3.5
556,ioos:station:NOAA.NOS.CO-OPS:8764314:1,2017-06-06 14:54:00+00:00,29.2675,-91.3839,1006.1,26.1,0.16,25.0,4.9
557,ioos:station:NOAA.NOS.CO-OPS:8764314:1,2017-06-06 15:36:00+00:00,29.2675,-91.3839,1006.0,26.2,0.16,25.0,5.2
558,ioos:station:NOAA.NOS.CO-OPS:8764314:1,2017-06-06 15:42:00+00:00,29.2675,-91.3839,1005.9,26.3,0.16,25.0,5.6
559,ioos:station:NOAA.NOS.CO-OPS:8764314:1,2017-06-06 15:48:00+00:00,29.2675,-91.3839,1005.8,26.6,0.16,25.0,6.7
560,ioos:station:NOAA.NOS.CO-OPS:8764314:1,2017-06-06 15:54:00+00:00,29.2675,-91.3839,1005.7,26.7,0.16,25.1,6.0
561,ioos:station:NOAA.NOS.CO-OPS:8764314:1,2017-06-06 16:36:00+00:00,29.2675,-91.3839,1005.8,26.8,0.15,25.1,5.6
562,ioos:station:NOAA.NOS.CO-OPS:8764314:1,2017-06-06 16:42:00+00:00,29.2675,-91.3839,1005.8,26.8,0.15,25.1,6.0
563,ioos:station:NOAA.NOS.CO-OPS:8764314:1,2017-06-06 16:48:00+00:00,29.2675,-91.3839,1005.8,27.2,0.15,25.0,4.0
564,ioos:station:NOAA.NOS.CO-OPS:8764314:1,2017-06-06 16:54:00+00:00,29.2675,-91.3839,1005.7,27.2,0.17,25.1,3.4
565,ioos:station:NOAA.NOS.CO-OPS:8764314:1,2017-06-06 17:36:00+00:00,29.2675,-91.3839,1005.4,27.3,0.16,25.1,5.9
566,ioos:station:NOAA.NOS.CO-OPS:8764314:1,2017-06-06 17:42:00+00:00,29.2675,-91.3839,1005.3,26.9,0.17,25.0,6.5
567,ioos:station:NOAA.NOS.CO-OPS:8764314:1,2017-06-06 17:48:00+00:00,29.2675,-91.3839,1005.3,27.0,0.16,25.0,3.0
568,ioos:station:NOAA.NOS.CO-OPS:8764314:1,2017-06-06 17:54:00+00:00,29.2675,-91.3839,1005.2,26.8,0.17,25.0,10.1
569,ioos:station:NOAA.NOS.CO-OPS:8764314:1,2017-06-06 18:36:00+00:00,29.2675,-91.3839,1005.0,26.9,0.17,25.0,7.9
570,ioos:station:NOAA.NOS.CO-OPS:8764314:1,2017-06-06 18:42:00+00:00,29.2675,-91.3839,1004.9,26.9,0.17,25.0,5.6
571,ioos:station:NOAA.NOS.CO-OPS:8764314:1,2017-06-06 18:48:00+00:00,29.2675,-91.3839,1004.9,27.0,0.17,25.0,6.6
572,ioos:station:NOAA.NOS.CO-OPS:8764314:1,2017-06-06 18:54:00+00:00,29.2675,-91.3839,1004.9,26.7,0.17,25.0,7.2
573,ioos:station:NOAA.NOS.CO-OPS:8764314:1,2017-06-06 19:36:00+00:00,29.2675,-91.3839,1004.3,26.7,0.17,24.9,8.6
574,ioos:station:NOAA.NOS.CO-OPS:8764314:1,2017-06-06 19:42:00+00:00,29.2675,-91.3839,1004.4,26.6,0.17,24.9,8.9
575,ioos:station:NOAA.NOS.CO-OPS:8764314:1,2017-06-06 19:48:00+00:00,29.2675,-91.3839,1004.4,26.6,0.17,24.8,5.7
576,ioos:station:NOAA.NOS.CO-OPS:8764314:1,2017-06-06 19:54:00+00:00,29.2675,-91.3839,1004.5,26.5,0.17,24.8,6.1
577,ioos:station:NOAA.NOS.CO-OPS:8764314:1,2017-06-06 20:36:00+00:00,29.2675,-91.3839,1004.4,26.2,0.17,24.8,7.6
578,ioos:station:NOAA.NOS.CO-OPS:8764314:1,2017-06-06 20:42:00+00:00,29.2675,-91.3839,1004.3,26.3,0.17,24.6,9.9
579,ioos:station:NOAA.NOS.CO-OPS:8764314:1,2017-06-06 20:48:00+00:00,29.2675,-91.3839,1004.3,26.2,0.18,24.6,8.6
580,ioos:station:NOAA.NOS.CO-OPS:8764314:1,2017-06-06 20:54:00+00:00,29.2675,-91.3839,1004.2,26.2,0.18,24.5,7.4
581,ioos:station:NOAA.NOS.CO-OPS:8764314:1,2017-06-06 21:36:00+00:00,29.2675,-91.3839,1004.4,26.1,0.18,24.4,9.7
582,ioos:station:NOAA.NOS.CO-OPS:8764314:1,2017-06-06 21:42:00+00:00,29.2675,-91.3839,1004.2,26.1,0.18,24.4,9.8
583,ioos:station:NOAA.NOS.CO-OPS:8764314:1,2017-06-06 21:48:00+00:00,29.2675,-91.3839,1004.1,26.3,0.18,24.4,8.5
584,ioos:station:NOAA.NOS.CO-OPS:8764314:1,2017-06-06 21:54:00+00:00,29.2675,-91.3839,1004.1,26.3,0.17,24.6,10.1
585,ioos:station:NOAA.NOS.CO-OPS:8764314:1,2017-06-06 22:00:00+00:00,29.2675,-91.3839,1004.0,26.3,0.18,24.6,9.6
586,ioos:station:NOAA.NOS.CO-OPS:8764314:1,2017-06-06 22:36:00+00:00,29.2675,-91.3839,1003.7,26.1,0.17,24.7,9.3
587,ioos:station:NOAA.NOS.CO-OPS:8764314:1,2017-06-06 22:42:00+00:00,29.2675,-91.3839,1003.7,26.1,0.17,24.9,6.9
588,ioos:station:NOAA.NOS.CO-OPS:8764314:1,2017-06-06 22:48:00+00:00,29.2675,-91.3839,1003.7,25.9,0.16,25.0,12.2
589,ioos:station:NOAA.NOS.CO-OPS:8764314:1,2017-06-06 22:54:00+00:00,29.2675,-91.3839,1003.7,25.8,0.16,25.0,12.4
590,ioos:station:NOAA.NOS.CO-OPS:8764314:1,2017-06-06 23:36:00+00:00,29.2675,-91.3839,1004.1,25.8,0.16,25.0,8.7
591,ioos:station:NOAA.NOS.CO-OPS:8764314:1,2017-06-06 23:42:00+00:00,29.2675,-91.3839,1004.1,26.0,0.16,25.0,6.9
592,ioos:station:NOAA.NOS.CO-OPS:8764314:1,2017-06-06 23:48:00+00:00,29.2675,-91.3839,1004.2,26.0,0.16,25.0,6.3
593,ioos:station:NOAA.NOS.CO-OPS:8764314:1,2017-06-06 23:54:00+00:00,29.2675,-91.3839,1004.3,26.1,0.16,25.1,5.9
594,ioos:station:NOAA.NOS.CO-OPS:8764314:1,2017-06-07 00:36:00+00:00,29.2675,-91.3839,1004.2,25.6,0.17,25.1,4.7
595,ioos:station:NOAA.NOS.CO-OPS:8764314:1,2017-06-07 00:42:00+00:00,29.2675,-91.3839,1004.3,25.6,0.17,25.1,5.1
596,ioos:station:NOAA.NOS.CO-OPS:8764314:1,2017-06-07 00:48:00+00:00,29.2675,-91.3839,1004.4,25.5,0.17,25.1,4.4
597,ioos:station:NOAA.NOS.CO-OPS:8764314:1,2017-06-07 00:54:00+00:00,29.2675,-91.3839,1004.5,25.7,0.17,25.1,5.5
598,ioos:station:NOAA.NOS.CO-OPS:8764314:1,2017-06-07 01:36:00+00:00,29.2675,-91.3839,1004.7,25.6,0.17,25.1,6.3
599,ioos:station:NOAA.NOS.CO-OPS:8764314:1,2017-06-07 01:42:00+00:00,29.2675,-91.3839,1004.7,25.7,0.16,25.2,6.6
600,ioos:station:NOAA.NOS.CO-OPS:8764314:1,2017-06-07 01:48:00+00:00,29.2675,-91.3839,1004.9,25.5,0.15,25.2,4.9
601,ioos:station:NOAA.NOS.CO-OPS:8764314:1,2017-06-07 01:54:00+00:00,29.2675,-91.3839,1004.9,25.5,0.15,25.2,5.1
602,ioos:station:NOAA.NOS.CO-OPS:8764314:1,2017-06-07 02:36:00+00:00,29.2675,-91.3839,1005.2,25.5,0.16,25.3,7.2
603,ioos:station:NOAA.NOS.CO-OPS:8764314:1,2017-06-07 02:42:00+00:00,29.2675,-91.3839,1005.3,25.5,0.16,25.3,6.8
604,ioos:station:NOAA.NOS.CO-OPS:8764314:1,2017-06-07 02:48:00+00:00,29.2675,-91.3839,1005.3,25.5,0.16,25.3,7.1
605,ioos:station:NOAA.NOS.CO-OPS:8764314:1,2017-06-07 02:54:00+00:00,29.2675,-91.3839,1005.3,25.5,0.16,25.3,7.4
606,ioos:station:NOAA.NOS.CO-OPS:8764314:1,2017-06-07 03:36:00+00:00,29.2675,-91.3839,1005.9,25.7,0.16,25.4,6.9
607,ioos:station:NOAA.NOS.CO-OPS:8764314:1,2017-06-07 03:42:00+00:00,29.2675,-91.3839,1006.0,25.7,0.16,25.4,7.1
608,ioos:station:NOAA.NOS.CO-OPS:8764314:1,2017-06-07 03:48:00+00:00,29.2675,-91.3839,1006.0,25.8,0.16,25.4,7.8
609,ioos:station:NOAA.NOS.CO-OPS:8764314:1,2017-06-07 03:54:00+00:00,29.2675,-91.3839,1006.1,26.0,0.16,25.4,7.4
610,ioos:station:NOAA.NOS.CO-OPS:8764314:1,2017-06-07 04:36:00+00:00,29.2675,-91.3839,1006.0,26.2,0.16,25.4,6.9
611,ioos:station:NOAA.NOS.CO-OPS:8764314:1,2017-06-07 04:42:00+00:00,29.2675,-91.3839,1005.9,26.3,0.16,25.4,5.4
612,ioos:station:NOAA.NOS.CO-OPS:8764314:1,2017-06-07 04:48:00+00:00,29.2675,-91.3839,1006.0,26.4,0.16,25.4,5.1
613,ioos:station:NOAA.NOS.CO-OPS:8764314:1,2017-06-07 04:54:00+00:00,29.2675,-91.3839,1006.1,26.4,0.16,25.4,5.1
614,ioos:station:NOAA.NOS.CO-OPS:8764314:1,2017-06-07 05:00:00+00:00,29.2675,-91.3839,1006.1,26.4,0.16,25.3,5.2
615,ioos:station:NOAA.NOS.CO-OPS:8764314:1,2017-06-07 05:36:00+00:00,29.2675,-91.3839,1006.5,26.5,0.16,25.3,5.4
616,ioos:station:NOAA.NOS.CO-OPS:8764314:1,2017-06-07 05:42:00+00:00,29.2675,-91.3839,1006.4,26.4,0.16,25.3,5.9
617,ioos:station:NOAA.NOS.CO-OPS:8764314:1,2017-06-07 05:48:00+00:00,29.2675,-91.3839,1006.4,26.5,0.16,25.3,5.9
618,ioos:station:NOAA.NOS.CO-OPS:8764314:1,2017-06-07 05:54:00+00:00,29.2675,-91.3839,1006.5,26.5,0.16,25.3,5.1
619,ioos:station:NOAA.NOS.CO-OPS:8764314:1,2017-06-07 06:36:00+00:00,29.2675,-91.3839,1006.0,26.6,0.16,25.3,5.9
620,ioos:station:NOAA.NOS.CO-OPS:8764314:1,2017-06-07 06:42:00+00:00,29.2675,-91.3839,1005.9,26.6,0.16,25.3,5.2
621,ioos:station:NOAA.NOS.CO-OPS:8764314:1,2017-06-07 06:48:00+00:00,29.2675,-91.3839,1005.8,26.9,0.15,25.2,4.9
